recording,scene,motion,frame_number,camera_frame_index,detection_index,confidence,fused_zc_m,depth_map_file,depth_time_delta_sec,depth_roi_valid,depth_roi_valid_pixel_count,zed_depth_median_m,zed_depth_iqr_m,signed_z_diff_m,abs_z_diff_m,relative_abs_z_diff,skip_reason
footpath1_p1_nj+mk+gl_1walk+check_mv_11_12_2024_1_label,footpath,moving,0,0,0,0.9156267642974854,3.616071939468384,1731407367_142145459.npy,0.0,True,3354,2.794799327850342,0.9940090775489807,0.821272611618042,0.821272611618042,0.2938574528174569,
footpath1_p1_nj+mk+gl_1walk+check_mv_11_12_2024_1_label,footpath,moving,1,2,0,0.9267883896827698,3.6848700046539307,1731407367_410506459.npy,0.0,True,3835,2.8610568046569824,1.0968178510665894,0.8238131999969482,0.8238131999969482,0.28794017604125016,
footpath1_p1_nj+mk+gl_1walk+check_mv_11_12_2024_1_label,footpath,moving,2,2,0,0.9267883896827698,3.55526065826416,1731407367_410506459.npy,0.0,True,3835,2.8610568046569824,1.0968178510665894,0.6942038536071777,0.6942038536071777,0.24263896210561509,
footpath1_p1_nj+mk+gl_1walk+check_mv_11_12_2024_1_label,footpath,moving,3,4,0,0.942778468132019,2.9921998977661133,1731407367_543824459.npy,0.0,True,3797,2.7629382610321045,0.909487247467041,0.2292616367340088,0.2292616367340088,0.08297747364371702,
footpath1_p1_nj+mk+gl_1walk+check_mv_11_12_2024_1_label,footpath,moving,4,5,0,0.9404552578926086,0.8768235445022583,,0.06580901145935059,False,0,,,,,,no_matching_depth_map
footpath1_p1_nj+mk+gl_1walk+check_mv_11_12_2024_1_label,footpath,moving,5,6,0,0.941443920135498,0.8730434775352478,1731407367_676273459.npy,0.0,True,2548,2.7428770065307617,0.9745948910713196,-1.869833528995514,1.869833528995514,0.6817052038948374,
footpath1_p1_nj+mk+gl_1walk+check_mv_11_12_2024_1_label,footpath,moving,6,8,0,0.9325682520866394,0.9575555920600891,1731407367_809890459.npy,0.0,True,448,1.107785701751709,1.2717250883579254,-0.15023010969161987,0.15023010969161987,0.13561297049967824,
footpath1_p1_nj+mk+gl_1walk+check_mv_11_12_2024_1_label,footpath,moving,7,9,0,0.92205810546875,1.006866693496704,1731407367_876587459.npy,0.0,True,1249,1.9083366394042969,1.8975163698196411,-0.9014699459075928,0.9014699459075928,0.4723851794770309,
footpath1_p1_nj+mk+gl_1walk+check_mv_11_12_2024_1_label,footpath,moving,8,11,0,0.9121642112731934,1.0450130701065063,1731407368_010897459.npy,0.0,True,3600,1.105210304260254,0.04313942790031433,-0.06019723415374756,0.06019723415374756,0.05446676883277806,
footpath1_p1_nj+mk+gl_1walk+check_mv_11_12_2024_1_label,footpath,moving,9,12,0,0.9276005625724792,1.045420527458191,1731407368_076921459.npy,0.0,True,4874,1.1238188743591309,0.07959336042404175,-0.07839834690093994,0.07839834690093994,0.06976066044952964,
footpath1_p1_nj+mk+gl_1walk+check_mv_11_12_2024_1_label,footpath,moving,10,14,0,0.9258414506912231,1.0806063413619995,1731407368_210717459.npy,0.0,True,9334,1.1301522254943848,0.18345870077610016,-0.049545884132385254,0.049545884132385254,0.04384000934981252,
footpath1_p1_nj+mk+gl_1walk+check_mv_11_12_2024_1_label,footpath,moving,11,14,0,0.9258414506912231,1.122805118560791,1731407368_210717459.npy,0.0,True,9334,1.1301522254943848,0.18345870077610016,-0.00734710693359375,0.00734710693359375,0.006500988776427671,
footpath1_p1_nj+mk+gl_1walk+check_mv_11_12_2024_1_label,footpath,moving,12,15,0,0.9603972434997559,1.1857293844223022,1731407368_478839459.npy,0.0,True,24964,1.190788984298706,0.1107420027256012,-0.005059599876403809,0.005059599876403809,0.0042489474987741594,
footpath1_p1_nj+mk+gl_1walk+check_mv_11_12_2024_1_label,footpath,moving,13,15,0,0.9603972434997559,1.2566293478012085,1731407368_478839459.npy,0.0,True,24964,1.190788984298706,0.1107420027256012,0.06584036350250244,0.06584036350250244,0.055291377708938036,
footpath1_p1_nj+mk+gl_1walk+check_mv_11_12_2024_1_label,footpath,moving,14,16,0,0.961937427520752,1.332675576210022,1731407368_678034459.npy,0.0,True,28041,1.3012598752975464,0.10050046443939209,0.031415700912475586,0.031415700912475586,0.02414252641524973,
footpath1_p1_nj+mk+gl_1walk+check_mv_11_12_2024_1_label,footpath,moving,15,18,0,0.9546415209770203,1.4494764804840088,1731407368_811403459.npy,0.0,True,27074,1.3660744428634644,0.08391663432121277,0.08340203762054443,0.08340203762054443,0.06105233726920712,
footpath1_p1_nj+mk+gl_1walk+check_mv_11_12_2024_1_label,footpath,moving,16,19,0,0.9551263451576233,1.529258131980896,1731407368_878343459.npy,0.0,True,27176,1.4016445875167847,0.08517822623252869,0.12761354446411133,0.12761354446411133,0.09104558002838445,
footpath1_p1_nj+mk+gl_1walk+check_mv_11_12_2024_1_label,footpath,moving,17,20,0,0.9580655097961426,1.6230000257492065,1731407368_945062459.npy,0.0,True,27178,1.4563665390014648,0.08846381306648254,0.1666334867477417,0.1666334867477417,0.11441727222186207,
footpath1_p1_nj+mk+gl_1walk+check_mv_11_12_2024_1_label,footpath,moving,18,21,0,0.9528773427009583,1.7095404863357544,1731407369_078611459.npy,0.0,True,27624,1.5873823165893555,0.11368134617805481,0.12215816974639893,0.12215816974639893,0.07695573301387632,
footpath1_p1_nj+mk+gl_1walk+check_mv_11_12_2024_1_label,footpath,moving,19,23,0,0.9595537781715393,1.7798964977264404,1731407369_213543459.npy,0.0,True,24263,1.7044861316680908,0.11349743604660034,0.07541036605834961,0.07541036605834961,0.04424228784105709,
footpath1_p1_nj+mk+gl_1walk+check_mv_11_12_2024_1_label,footpath,moving,20,24,0,0.9481808543205261,1.8448364734649658,,0.06497788429260254,False,0,,,,,,no_matching_depth_map
footpath1_p1_nj+mk+gl_1walk+check_mv_11_12_2024_1_label,footpath,moving,21,26,0,0.93768709897995,1.9166780710220337,1731407369_412530459.npy,0.0,True,17222,1.7895457744598389,0.17394235730171204,0.12713229656219482,0.12713229656219482,0.07104165670228177,
footpath1_p1_nj+mk+gl_1walk+check_mv_11_12_2024_1_label,footpath,moving,22,27,0,0.9351106882095337,1.9791686534881592,1731407369_479269459.npy,0.0,True,16554,1.8289786577224731,0.16321438550949097,0.15018999576568604,0.15018999576568604,0.0821168662256067,
footpath1_p1_nj+mk+gl_1walk+check_mv_11_12_2024_1_label,footpath,moving,23,29,0,0.9394190311431885,2.058932065963745,1731407369_612929459.npy,0.0,True,17543,1.9310969114303589,0.1250036358833313,0.12783515453338623,0.12783515453338623,0.06619820775265962,
footpath1_p1_nj+mk+gl_1walk+check_mv_11_12_2024_1_label,footpath,moving,24,30,0,0.9337190985679626,2.1348814964294434,1731407369_683699459.npy,0.0,True,15769,1.9888908863067627,0.13276362419128418,0.14599061012268066,0.14599061012268066,0.07340302634388127,
footpath1_p1_nj+mk+gl_1walk+check_mv_11_12_2024_1_label,footpath,moving,25,32,0,0.9490832686424255,2.19777774810791,1731407369_813126459.npy,0.0,True,17063,2.0865583419799805,0.10891509056091309,0.11121940612792969,0.11121940612792969,0.05330280198270956,
footpath1_p1_nj+mk+gl_1walk+check_mv_11_12_2024_1_label,footpath,moving,26,33,0,0.9493380188941956,2.2599735260009766,,0.06673479080200195,False,0,,,,,,no_matching_depth_map
footpath1_p1_nj+mk+gl_1walk+check_mv_11_12_2024_1_label,footpath,moving,27,34,0,0.9544001221656799,2.3256490230560303,1731407370_021510459.npy,0.0,True,16595,2.2023727893829346,0.15456056594848633,0.1232762336730957,0.1232762336730957,0.05597428113322972,
footpath1_p1_nj+mk+gl_1walk+check_mv_11_12_2024_1_label,footpath,moving,28,35,0,0.9562814235687256,2.4158992767333984,1731407370_089762459.npy,0.0,True,16425,2.252690315246582,0.1679830551147461,0.1632089614868164,0.1632089614868164,0.07245068724368861,
footpath1_p1_nj+mk+gl_1walk+check_mv_11_12_2024_1_label,footpath,moving,29,36,0,0.9566615223884583,2.53088116645813,,0.06635594367980957,False,0,,,,,,no_matching_depth_map
footpath1_p1_nj+mk+gl_1walk+check_mv_11_12_2024_1_label,footpath,moving,30,36,0,0.9566615223884583,2.6223061084747314,,0.06635594367980957,False,0,,,,,,no_matching_depth_map
footpath1_p1_nj+mk+gl_1walk+check_mv_11_12_2024_1_label,footpath,moving,31,37,0,0.94058758020401,2.7856409549713135,,0.13318991661071777,False,0,,,,,,no_matching_depth_map
footpath1_p1_nj+mk+gl_1walk+check_mv_11_12_2024_1_label,footpath,moving,32,38,0,0.9252631664276123,2.868776798248291,1731407370_614551459.npy,0.0,True,8263,2.6602835655212402,0.1474212408065796,0.20849323272705078,0.20849323272705078,0.07837255976364303,
footpath1_p1_nj+mk+gl_1walk+check_mv_11_12_2024_1_label,footpath,moving,33,39,0,0.9202195405960083,2.9594614505767822,1731407370_681787459.npy,0.0,True,8319,2.7483086585998535,0.11977624893188477,0.2111527919769287,0.2111527919769287,0.07683008650291197,
footpath1_p1_nj+mk+gl_1walk+check_mv_11_12_2024_1_label,footpath,moving,34,41,0,0.9238473773002625,3.0572683811187744,1731407370_815429459.npy,0.0,True,7772,2.8587422370910645,0.13898682594299316,0.19852614402770996,0.19852614402770996,0.06944527612595174,
footpath1_p1_nj+mk+gl_1walk+check_mv_11_12_2024_1_label,footpath,moving,35,42,0,0.9419025778770447,3.13240122795105,,0.06458902359008789,False,0,,,,,,no_matching_depth_map
footpath1_p1_nj+mk+gl_1walk+check_mv_11_12_2024_1_label,footpath,moving,36,42,0,0.9419025778770447,3.216780185699463,,0.06458902359008789,False,0,,,,,,no_matching_depth_map
footpath1_p1_nj+mk+gl_1walk+check_mv_11_12_2024_1_label,footpath,moving,37,43,0,0.9463689923286438,3.3825175762176514,,0.13281798362731934,False,0,,,,,,no_matching_depth_map
footpath1_p1_nj+mk+gl_1walk+check_mv_11_12_2024_1_label,footpath,moving,38,44,0,0.9433420896530151,3.496973752975464,1731407371_283211459.npy,0.0,True,7952,3.258317470550537,0.11731451749801636,0.23865628242492676,0.23865628242492676,0.07324525144709196,
footpath1_p1_nj+mk+gl_1walk+check_mv_11_12_2024_1_label,footpath,moving,39,46,0,0.9427972435951233,3.5875766277313232,1731407371_418871459.npy,0.0,True,7069,3.3885998725891113,0.0831303596496582,0.19897675514221191,0.19897675514221191,0.058719460138024704,
footpath1_p1_nj+mk+gl_1walk+check_mv_11_12_2024_1_label,footpath,moving,40,47,0,0.9408041834831238,3.6588306427001953,1731407371_483483459.npy,0.0,True,6817,3.4465200901031494,0.13177227973937988,0.2123105525970459,0.2123105525970459,0.061601426089668246,
footpath1_p1_nj+mk+gl_1walk+check_mv_11_12_2024_1_label,footpath,moving,41,48,0,0.9360842108726501,3.734217882156372,,0.06613302230834961,False,0,,,,,,no_matching_depth_map
footpath1_p1_nj+mk+gl_1walk+check_mv_11_12_2024_1_label,footpath,moving,42,49,0,0.9358820915222168,3.824862003326416,1731407371_684169459.npy,0.0,True,5436,3.6177444458007812,0.1727837324142456,0.20711755752563477,0.20711755752563477,0.05725046659004397,
footpath1_p1_nj+mk+gl_1walk+check_mv_11_12_2024_1_label,footpath,moving,43,51,0,0.9330871105194092,3.928375244140625,1731407371_816485459.npy,0.0,True,4699,3.685004472732544,0.10595405101776123,0.24337077140808105,0.24337077140808105,0.06604354844313504,
footpath1_p1_nj+mk+gl_1walk+check_mv_11_12_2024_1_label,footpath,moving,44,52,0,0.9322169423103333,4.0280656814575195,1731407371_883254459.npy,0.0,True,4597,3.7753796577453613,0.11173653602600098,0.2526860237121582,0.2526860237121582,0.06692996377033537,
footpath1_p1_nj+mk+gl_1walk+check_mv_11_12_2024_1_label,footpath,moving,45,54,0,0.9353569746017456,4.09559965133667,1731407372_016707459.npy,0.0,True,4910,3.879795551300049,0.13541167974472046,0.2158041000366211,0.2158041000366211,0.05562254432822087,
footpath1_p1_nj+mk+gl_1walk+check_mv_11_12_2024_1_label,footpath,moving,46,55,0,0.9300945401191711,4.147535800933838,,0.06683111190795898,False,0,,,,,,no_matching_depth_map
footpath1_p1_nj+mk+gl_1walk+check_mv_11_12_2024_1_label,footpath,moving,47,57,0,0.937334418296814,4.219727993011475,1731407372_217751459.npy,0.0,True,5019,3.9541831016540527,0.12151098251342773,0.2655448913574219,0.2655448913574219,0.06715543628881102,
footpath1_p1_nj+mk+gl_1walk+check_mv_11_12_2024_1_label,footpath,moving,48,58,0,0.932582437992096,4.285274505615234,,0.06744003295898438,False,0,,,,,,no_matching_depth_map
footpath1_p1_nj+mk+gl_1walk+check_mv_11_12_2024_1_label,footpath,moving,49,59,0,0.9355095028877258,4.391767501831055,1731407372_418083459.npy,0.0,True,4476,4.114398956298828,0.10548388957977295,0.27736854553222656,0.27736854553222656,0.06741411041522764,
footpath1_p1_nj+mk+gl_1walk+check_mv_11_12_2024_1_label,footpath,moving,50,60,0,0.9376646876335144,4.4734930992126465,,0.0668039321899414,False,0,,,,,,no_matching_depth_map
footpath1_p1_nj+mk+gl_1walk+check_mv_11_12_2024_1_label,footpath,moving,51,60,0,0.9376646876335144,4.5445780754089355,,0.0668039321899414,False,0,,,,,,no_matching_depth_map
footpath1_p1_nj+mk+gl_1walk+check_mv_11_12_2024_1_label,footpath,moving,52,61,0,0.9422388076782227,4.604968547821045,1731407372_684415459.npy,0.0,True,4105,4.351076602935791,0.13063859939575195,0.2538919448852539,0.2538919448852539,0.05835152263555784,
footpath1_p1_nj+mk+gl_1walk+check_mv_11_12_2024_1_label,footpath,moving,53,63,0,0.9379732608795166,4.65742826461792,1731407372_818574459.npy,0.0,True,3643,4.426237106323242,0.12973690032958984,0.23119115829467773,0.23119115829467773,0.05223198684146455,
footpath1_p1_nj+mk+gl_1walk+check_mv_11_12_2024_1_label,footpath,moving,54,64,0,0.9282051920890808,4.740954399108887,1731407372_951478459.npy,0.0,True,3174,4.499560356140137,0.11155498027801514,0.24139404296875,0.24139404296875,0.05364836203149086,
footpath1_p1_nj+mk+gl_1walk+check_mv_11_12_2024_1_label,footpath,moving,55,64,0,0.9282051920890808,4.845221996307373,1731407372_951478459.npy,0.0,True,3174,4.499560356140137,0.11155498027801514,0.34566164016723633,0.34566164016723633,0.07682120314166775,
footpath1_p1_nj+mk+gl_1walk+check_mv_11_12_2024_1_label,footpath,moving,56,65,0,0.9285323023796082,4.921714782714844,1731407373_085158459.npy,0.0,True,3202,4.605601787567139,0.11010360717773438,0.3161129951477051,0.3161129951477051,0.06863663202516875,
footpath1_p1_nj+mk+gl_1walk+check_mv_11_12_2024_1_label,footpath,moving,57,66,0,0.931904673576355,4.987149715423584,1731407373_220286459.npy,0.0,True,3306,4.730320453643799,0.10760271549224854,0.25682926177978516,0.25682926177978516,0.05429426278761892,
footpath1_p1_nj+mk+gl_1walk+check_mv_11_12_2024_1_label,footpath,moving,58,67,0,0.9275481104850769,5.2278571128845215,1731407373_556650459.npy,0.0,True,2998,4.914857387542725,0.15310311317443848,0.3129997253417969,0.3129997253417969,0.0636843962421231,
footpath1_p1_nj+mk+gl_1walk+check_mv_11_12_2024_1_label,footpath,moving,59,67,0,0.9275481104850769,5.331125259399414,1731407373_556650459.npy,0.0,True,2998,4.914857387542725,0.15310311317443848,0.41626787185668945,0.41626787185668945,0.08469581903063324,
footpath1_p1_nj+mk+gl_1walk+check_mv_11_12_2024_1_label,footpath,moving,60,68,0,0.9268141388893127,5.398235321044922,1731407373_686188459.npy,0.0,True,3051,5.148471355438232,0.26894640922546387,0.24976396560668945,0.24976396560668945,0.0485122570105918,
footpath1_p1_nj+mk+gl_1walk+check_mv_11_12_2024_1_label,footpath,moving,61,69,0,0.9310294389724731,5.477411270141602,1731407373_756945459.npy,0.0,True,2925,5.1525421142578125,0.16874313354492188,0.32486915588378906,0.32486915588378906,0.0630502669710996,
footpath1_p1_nj+mk+gl_1walk+check_mv_11_12_2024_1_label,footpath,moving,62,70,0,0.9303265810012817,5.5475945472717285,1731407373_886412459.npy,0.0,True,2705,5.243472576141357,0.19476985931396484,0.3041219711303711,0.3041219711303711,0.05800010712636792,
footpath1_p1_nj+mk+gl_1walk+check_mv_11_12_2024_1_label,footpath,moving,63,72,0,0.9157522320747375,5.6847243309021,1731407374_087145459.npy,0.0,True,2202,5.334421157836914,0.14530396461486816,0.35030317306518555,0.35030317306518555,0.06566845074662835,
footpath1_p1_nj+mk+gl_1walk+check_mv_11_12_2024_1_label,footpath,moving,64,74,0,0.9241855144500732,5.796332836151123,1731407374_220798459.npy,0.0,True,2037,5.502265453338623,0.15046310424804688,0.2940673828125,0.2940673828125,0.05344478293646629,
footpath1_p1_nj+mk+gl_1walk+check_mv_11_12_2024_1_label,footpath,moving,65,75,0,0.9285847544670105,5.868357181549072,1731407374_287093459.npy,0.0,True,2154,5.534243106842041,0.11610698699951172,0.33411407470703125,0.33411407470703125,0.060372135494727835,
footpath1_p1_nj+mk+gl_1walk+check_mv_11_12_2024_1_label,footpath,moving,66,76,0,0.9230141043663025,5.940413951873779,1731407374_424855459.npy,0.0,True,2242,5.597546577453613,0.14499902725219727,0.342867374420166,0.342867374420166,0.061253152551012845,
footpath1_p1_nj+mk+gl_1walk+check_mv_11_12_2024_1_label,footpath,moving,67,77,0,0.9209878444671631,6.033571720123291,1731407374_487711459.npy,0.0,True,2079,5.614707946777344,0.13718962669372559,0.41886377334594727,0.41886377334594727,0.07460116845193367,
footpath1_p1_nj+mk+gl_1walk+check_mv_11_12_2024_1_label,footpath,moving,68,78,0,0.9188020825386047,6.080289363861084,1731407374_621277459.npy,0.0,True,1867,5.705643653869629,0.13016939163208008,0.3746457099914551,0.3746457099914551,0.06566230432869152,
footpath1_p1_nj+mk+gl_1walk+check_mv_11_12_2024_1_label,footpath,moving,69,79,0,0.925842821598053,6.173939228057861,1731407374_754863459.npy,0.0,True,1712,5.822756290435791,0.09847486019134521,0.3511829376220703,0.3511829376220703,0.0603121477364437,
footpath1_p1_nj+mk+gl_1walk+check_mv_11_12_2024_1_label,footpath,moving,70,80,0,0.9194707870483398,6.295499801635742,1731407374_825661459.npy,0.0,True,1080,5.878679275512695,0.08765697479248047,0.4168205261230469,0.4168205261230469,0.0709037704879205,
footpath1_p1_nj+mk+gl_1walk+check_mv_11_12_2024_1_label,footpath,moving,71,81,0,0.9190601110458374,6.384054183959961,1731407374_890010459.npy,0.0,True,639,5.884939670562744,0.08422088623046875,0.4991145133972168,0.4991145133972168,0.08481217163429124,
footpath1_p1_nj+mk+gl_1walk+check_mv_11_12_2024_1_label,footpath,moving,72,82,0,0.923822820186615,6.47599983215332,1731407375_022287459.npy,0.0,True,312,5.862612247467041,0.0951606035232544,0.6133875846862793,0.6133875846862793,0.1046270090523717,
footpath1_p1_nj+mk+gl_1walk+check_mv_11_12_2024_1_label,footpath,moving,73,83,0,0.907642126083374,6.520599365234375,1731407375_157237459.npy,0.0,True,53,5.917666435241699,0.03980255126953125,0.6029329299926758,0.6029329299926758,0.10188694083904541,
footpath1_p1_nj+mk+gl_1walk+check_mv_11_12_2024_1_label,footpath,moving,74,83,0,0.907642126083374,6.5970377922058105,1731407375_157237459.npy,0.0,True,53,5.917666435241699,0.03980255126953125,0.6793713569641113,0.6793713569641113,0.11480392894709743,
footpath1_p1_nj+mk+gl_1walk+check_mv_11_12_2024_1_label,footpath,moving,75,84,0,0.906433641910553,6.677249908447266,,0.06680822372436523,False,0,,,,,,no_matching_depth_map
footpath1_p1_nj+mk+gl_1walk+check_mv_11_12_2024_1_label,footpath,moving,76,85,0,0.9131946563720703,6.753571510314941,,0.1998732089996338,False,0,,,,,,no_matching_depth_map
footpath1_p1_nj+mk+gl_1walk+check_mv_11_12_2024_1_label,footpath,moving,77,85,0,0.9131946563720703,6.800136566162109,,0.1998732089996338,False,0,,,,,,no_matching_depth_map
footpath1_p1_nj+mk+gl_1walk+check_mv_11_12_2024_1_label,footpath,moving,78,86,0,0.9149619340896606,7.026793479919434,1731407375_823672459.npy,0.0,False,0,,,,,,too_few_valid_depth_pixels
footpath1_p1_nj+mk+gl_1walk+check_mv_11_12_2024_1_label,footpath,moving,79,87,0,0.9113066792488098,7.135709285736084,1731407375_892244459.npy,0.0,False,0,,,,,,too_few_valid_depth_pixels
footpath1_p1_nj+mk+gl_1walk+check_mv_11_12_2024_1_label,footpath,moving,80,90,0,0.8981075882911682,7.322941303253174,,0.13268494606018066,False,0,,,,,,no_matching_depth_map
footpath1_p1_nj+mk+gl_1walk+check_mv_11_12_2024_1_label,footpath,moving,81,92,0,0.8959376811981201,7.513411521911621,1731407376_424733459.npy,0.0,False,0,,,,,,too_few_valid_depth_pixels
footpath1_p1_nj+mk+gl_1walk+check_mv_11_12_2024_1_label,footpath,moving,82,93,0,0.8988397717475891,7.594944477081299,1731407376_490613459.npy,0.0,False,0,,,,,,too_few_valid_depth_pixels
footpath1_p1_nj+mk+gl_1walk+check_mv_11_12_2024_1_label,footpath,moving,83,94,0,0.9037623405456543,7.647650241851807,1731407376_558712459.npy,0.0,False,0,,,,,,too_few_valid_depth_pixels
footpath1_p1_nj+mk+gl_1walk+check_mv_11_12_2024_1_label,footpath,moving,84,96,0,0.904447615146637,7.755159854888916,1731407376_824529459.npy,0.0,False,0,,,,,,too_few_valid_depth_pixels
footpath1_p1_nj+mk+gl_1walk+check_mv_11_12_2024_1_label,footpath,moving,85,97,0,0.8988974690437317,7.829736709594727,1731407376_958305459.npy,0.0,False,0,,,,,,too_few_valid_depth_pixels
footpath1_p1_nj+mk+gl_1walk+check_mv_11_12_2024_1_label,footpath,moving,86,98,0,0.8996517062187195,7.944157600402832,1731407377_027067459.npy,0.0,False,0,,,,,,too_few_valid_depth_pixels
footpath1_p1_nj+mk+gl_1walk+check_mv_11_12_2024_1_label,footpath,moving,87,99,0,0.9076045751571655,8.046500205993652,1731407377_091946459.npy,0.0,False,0,,,,,,too_few_valid_depth_pixels
footpath1_p1_nj+mk+gl_1walk+check_mv_11_12_2024_1_label,footpath,moving,88,101,0,0.9047589898109436,8.099778175354004,,0.13379812240600586,False,0,,,,,,no_matching_depth_map
footpath1_p1_nj+mk+gl_1walk+check_mv_11_12_2024_1_label,footpath,moving,89,102,0,0.8903066515922546,8.418601036071777,1731407377_626111459.npy,0.0,False,0,,,,,,too_few_valid_depth_pixels
footpath1_p1_nj+mk+gl_1walk+check_mv_11_12_2024_1_label,footpath,moving,90,103,0,0.8901903033256531,8.501538276672363,1731407377_693664459.npy,0.0,False,0,,,,,,too_few_valid_depth_pixels
footpath1_p1_nj+mk+gl_1walk+check_mv_11_12_2024_1_label,footpath,moving,91,105,0,0.9002740979194641,8.527847290039062,,0.06526803970336914,False,0,,,,,,no_matching_depth_map
footpath1_p1_nj+mk+gl_1walk+check_mv_11_12_2024_1_label,footpath,moving,92,108,0,0.9003596901893616,8.779263496398926,,0.06685996055603027,False,0,,,,,,no_matching_depth_map
footpath1_p1_nj+mk+gl_1walk+check_mv_11_12_2024_1_label,footpath,moving,93,111,0,0.8992533087730408,8.926231384277344,1731407378_360950459.npy,0.0,False,0,,,,,,too_few_valid_depth_pixels
footpath1_p1_nj+mk+gl_1walk+check_mv_11_12_2024_1_label,footpath,moving,94,113,0,0.8971649408340454,9.027750015258789,,0.06638193130493164,False,0,,,,,,no_matching_depth_map
footpath1_p1_nj+mk+gl_1walk+check_mv_11_12_2024_1_label,footpath,moving,95,115,0,0.8862099051475525,9.129182815551758,,0.06663107872009277,False,0,,,,,,no_matching_depth_map
footpath1_p1_nj+mk+gl_1walk+check_mv_11_12_2024_1_label,footpath,moving,96,116,0,0.8950548768043518,9.205400466918945,1731407378_694533459.npy,0.0,False,0,,,,,,too_few_valid_depth_pixels
footpath1_p1_nj+mk+gl_1walk+check_mv_11_12_2024_1_label,footpath,moving,97,119,0,0.8723748922348022,9.292799949645996,1731407378_894876459.npy,0.0,False,0,,,,,,too_few_valid_depth_pixels
footpath1_p1_nj+mk+gl_1walk+check_mv_11_12_2024_1_label,footpath,moving,98,120,0,0.8340457081794739,15.230201721191406,1731407379_297576459.npy,0.0,False,0,,,,,,too_few_valid_depth_pixels
footpath1_p1_nj+mk+gl_1walk+check_mv_11_12_2024_1_label,footpath,moving,99,120,0,0.8340457081794739,9.541999816894531,1731407379_297576459.npy,0.0,False,0,,,,,,too_few_valid_depth_pixels
footpath1_p1_nj+mk+gl_1walk+check_mv_11_12_2024_1_label,footpath,moving,100,121,0,0.8799449801445007,9.613800048828125,,0.198991060256958,False,0,,,,,,no_matching_depth_map
footpath1_p1_nj+mk+gl_1walk+check_mv_11_12_2024_1_label,footpath,moving,101,121,0,0.8799449801445007,9.590166091918945,,0.198991060256958,False,0,,,,,,no_matching_depth_map
footpath1_p1_nj+mk+gl_1walk+check_mv_11_12_2024_1_label,footpath,moving,102,123,0,0.8820805549621582,9.486099243164062,1731407379_696768459.npy,0.0,False,0,,,,,,too_few_valid_depth_pixels
footpath1_p1_nj+mk+gl_1walk+check_mv_11_12_2024_1_label,footpath,moving,103,125,0,0.8936941027641296,9.40679931640625,1731407379_829700459.npy,0.0,False,0,,,,,,too_few_valid_depth_pixels
footpath1_p1_nj+mk+gl_1walk+check_mv_11_12_2024_1_label,footpath,moving,104,126,0,0.851429283618927,9.364856719970703,1731407379_896420459.npy,0.0,False,0,,,,,,too_few_valid_depth_pixels
footpath1_p1_nj+mk+gl_1walk+check_mv_11_12_2024_1_label,footpath,moving,105,128,0,0.873392641544342,9.314090728759766,1731407380_032443459.npy,0.0,False,0,,,,,,too_few_valid_depth_pixels
footpath1_p1_nj+mk+gl_1walk+check_mv_11_12_2024_1_label,footpath,moving,106,129,0,0.8128761649131775,9.232000350952148,,0.06545686721801758,False,0,,,,,,no_matching_depth_map
footpath1_p1_nj+mk+gl_1walk+check_mv_11_12_2024_1_label,footpath,moving,107,130,0,0.819087028503418,9.090124130249023,,0.06692004203796387,False,0,,,,,,no_matching_depth_map
footpath1_p1_nj+mk+gl_1walk+check_mv_11_12_2024_1_label,footpath,moving,108,131,0,0.8678274750709534,9.032000541687012,1731407380_430534459.npy,0.0,False,0,,,,,,too_few_valid_depth_pixels
footpath1_p1_nj+mk+gl_1walk+check_mv_11_12_2024_1_label,footpath,moving,109,132,0,0.886029064655304,8.941642761230469,1731407380_497444459.npy,0.0,False,0,,,,,,too_few_valid_depth_pixels
footpath1_p1_nj+mk+gl_1walk+check_mv_11_12_2024_1_label,footpath,moving,110,133,0,0.8939641118049622,8.794134140014648,1731407380_630822459.npy,0.0,False,0,,,,,,too_few_valid_depth_pixels
footpath1_p1_nj+mk+gl_1walk+check_mv_11_12_2024_1_label,footpath,moving,111,133,0,0.8939641118049622,8.673399925231934,1731407380_630822459.npy,0.0,False,0,,,,,,too_few_valid_depth_pixels
footpath1_p1_nj+mk+gl_1walk+check_mv_11_12_2024_1_label,footpath,moving,112,134,0,0.8746969699859619,8.543222427368164,1731407380_831239459.npy,0.0,False,0,,,,,,too_few_valid_depth_pixels
footpath1_p1_nj+mk+gl_1walk+check_mv_11_12_2024_1_label,footpath,moving,113,135,0,0.8626235127449036,8.419684410095215,1731407380_898199459.npy,0.0,False,0,,,,,,too_few_valid_depth_pixels
footpath1_p1_nj+mk+gl_1walk+check_mv_11_12_2024_1_label,footpath,moving,114,137,0,0.8835011124610901,8.279714584350586,1731407381_031484459.npy,0.0,False,0,,,,,,too_few_valid_depth_pixels
footpath1_p1_nj+mk+gl_1walk+check_mv_11_12_2024_1_label,footpath,moving,115,138,0,0.887638509273529,8.172176361083984,1731407381_098299459.npy,0.0,False,0,,,,,,too_few_valid_depth_pixels
footpath1_p1_nj+mk+gl_1walk+check_mv_11_12_2024_1_label,footpath,moving,116,139,0,0.8584506511688232,7.963333606719971,1731407381_231809459.npy,0.0,False,0,,,,,,too_few_valid_depth_pixels
footpath1_p1_nj+mk+gl_1walk+check_mv_11_12_2024_1_label,footpath,moving,117,141,0,0.901185929775238,7.67291259765625,1731407381_433702459.npy,0.0,False,0,,,,,,too_few_valid_depth_pixels
footpath1_p1_nj+mk+gl_1walk+check_mv_11_12_2024_1_label,footpath,moving,118,142,0,0.9091467261314392,7.541522026062012,,0.0669407844543457,False,0,,,,,,no_matching_depth_map
footpath1_p1_nj+mk+gl_1walk+check_mv_11_12_2024_1_label,footpath,moving,119,144,0,0.9182189702987671,7.123615264892578,,0.06682896614074707,False,0,,,,,,no_matching_depth_map
footpath1_p1_nj+mk+gl_1walk+check_mv_11_12_2024_1_label,footpath,moving,120,144,0,0.9182189702987671,6.957703590393066,,0.06682896614074707,False,0,,,,,,no_matching_depth_map
footpath1_p1_nj+mk+gl_1walk+check_mv_11_12_2024_1_label,footpath,moving,121,146,0,0.9042891263961792,6.802055358886719,1731407382_033120459.npy,0.0,False,0,,,,,,too_few_valid_depth_pixels
footpath1_p1_nj+mk+gl_1walk+check_mv_11_12_2024_1_label,footpath,moving,122,148,0,0.9067967534065247,6.175036907196045,,0.13591480255126953,False,0,,,,,,no_matching_depth_map
footpath1_p1_nj+mk+gl_1walk+check_mv_11_12_2024_1_label,footpath,moving,123,149,0,0.9149792194366455,6.022356986999512,1731407382_570686459.npy,0.0,True,2054,5.717202186584473,0.17188072204589844,0.30515480041503906,0.30515480041503906,0.053374848475901515,
footpath1_p1_nj+mk+gl_1walk+check_mv_11_12_2024_1_label,footpath,moving,124,149,0,0.9149792194366455,5.8696746826171875,1731407382_570686459.npy,0.0,True,2054,5.717202186584473,0.17188072204589844,0.15247249603271484,0.15247249603271484,0.026669075372302654,
footpath1_p1_nj+mk+gl_1walk+check_mv_11_12_2024_1_label,footpath,moving,125,150,0,0.9227209091186523,5.7381134033203125,1731407382_700859459.npy,0.0,True,2503,5.487699031829834,0.10840129852294922,0.2504143714904785,0.2504143714904785,0.04563194337700033,
footpath1_p1_nj+mk+gl_1walk+check_mv_11_12_2024_1_label,footpath,moving,126,151,0,0.9287452101707458,5.436477184295654,1731407382_968373459.npy,0.0,True,3040,5.161602020263672,0.14349138736724854,0.2748751640319824,0.2748751640319824,0.053253846955434364,
footpath1_p1_nj+mk+gl_1walk+check_mv_11_12_2024_1_label,footpath,moving,127,152,0,0.9282113313674927,5.257220268249512,1731407383_039230459.npy,0.0,True,3250,5.048846244812012,0.14106690883636475,0.2083740234375,0.2083740234375,0.04127161203445572,
footpath1_p1_nj+mk+gl_1walk+check_mv_11_12_2024_1_label,footpath,moving,128,153,0,0.9313737750053406,5.104212284088135,1731407383_102000459.npy,0.0,True,3458,4.9430131912231445,0.1090538501739502,0.16119909286499023,0.16119909286499023,0.03261150367780055,
footpath1_p1_nj+mk+gl_1walk+check_mv_11_12_2024_1_label,footpath,moving,129,154,0,0.9263560771942139,4.8435893058776855,1731407383_301923459.npy,0.0,True,3274,4.717286586761475,0.147192120552063,0.12630271911621094,0.12630271911621094,0.026774442636295425,
footpath1_p1_nj+mk+gl_1walk+check_mv_11_12_2024_1_label,footpath,moving,130,157,0,0.9331386685371399,4.1942572593688965,1731407383_772028459.npy,0.0,True,5142,4.025931358337402,0.10057699680328369,0.16832590103149414,0.16832590103149414,0.04181042497977612,
footpath1_p1_nj+mk+gl_1walk+check_mv_11_12_2024_1_label,footpath,moving,131,158,0,0.9476144313812256,4.059557914733887,,0.06398510932922363,False,0,,,,,,no_matching_depth_map
footpath1_p1_nj+mk+gl_1walk+check_mv_11_12_2024_1_label,footpath,moving,132,159,0,0.9288576245307922,3.9173858165740967,1731407383_904640459.npy,0.0,True,6057,3.8621203899383545,0.10826730728149414,0.05526542663574219,0.05526542663574219,0.014309607432155763,
footpath1_p1_nj+mk+gl_1walk+check_mv_11_12_2024_1_label,footpath,moving,133,161,0,0.9305381774902344,3.7400002479553223,1731407384_039038459.npy,0.0,True,6621,3.624237537384033,0.12427163124084473,0.11576271057128906,0.11576271057128906,0.03194125919650574,
footpath1_p1_nj+mk+gl_1walk+check_mv_11_12_2024_1_label,footpath,moving,134,162,0,0.9341008067131042,3.5843729972839355,1731407384_171634459.npy,0.0,True,7250,3.4430651664733887,0.07410037517547607,0.14130783081054688,0.14130783081054688,0.04104128849680866,
footpath1_p1_nj+mk+gl_1walk+check_mv_11_12_2024_1_label,footpath,moving,135,162,0,0.9341008067131042,3.440159320831299,1731407384_171634459.npy,0.0,True,7250,3.4430651664733887,0.07410037517547607,-0.0029058456420898438,0.0029058456420898438,0.0008439705615755742,
footpath1_p1_nj+mk+gl_1walk+check_mv_11_12_2024_1_label,footpath,moving,136,164,0,0.9174699187278748,3.000185012817383,1731407384_570734459.npy,0.0,True,8544,2.8781723976135254,0.1189577579498291,0.12201261520385742,0.12201261520385742,0.042392392931370544,
footpath1_p1_nj+mk+gl_1walk+check_mv_11_12_2024_1_label,footpath,moving,137,164,0,0.9174699187278748,2.846440076828003,1731407384_570734459.npy,0.0,True,8544,2.8781723976135254,0.1189577579498291,-0.03173232078552246,0.03173232078552246,0.011025163333452066,
footpath1_p1_nj+mk+gl_1walk+check_mv_11_12_2024_1_label,footpath,moving,138,165,0,0.9386037588119507,2.680131435394287,1731407384_704225459.npy,0.0,True,10325,2.6808009147644043,0.06018400192260742,-0.0006694793701171875,0.0006694793701171875,0.00024973110327964173,
footpath1_p1_nj+mk+gl_1walk+check_mv_11_12_2024_1_label,footpath,moving,139,166,0,0.9340394139289856,2.546052932739258,,0.06664800643920898,False,0,,,,,,no_matching_depth_map
footpath1_p1_nj+mk+gl_1walk+check_mv_11_12_2024_1_label,footpath,moving,140,167,0,0.9572798609733582,2.1069183349609375,,0.06697607040405273,False,0,,,,,,no_matching_depth_map
footpath1_p1_nj+mk+gl_1walk+check_mv_11_12_2024_1_label,footpath,moving,141,168,0,0.9624999761581421,1.9446278810501099,,0.06647491455078125,False,0,,,,,,no_matching_depth_map
footpath1_p1_nj+mk+gl_1walk+check_mv_11_12_2024_1_label,footpath,moving,142,169,0,0.9610123038291931,1.8036775588989258,1731407385_308420459.npy,0.0,True,25290,1.8461225032806396,0.09620386362075806,-0.04244494438171387,0.04244494438171387,0.022991401874083307,
footpath1_p1_nj+mk+gl_1walk+check_mv_11_12_2024_1_label,footpath,moving,143,171,0,0.9477999806404114,1.6792881488800049,1731407385_440059459.npy,0.0,True,20877,1.6557728052139282,0.12493622303009033,0.02351534366607666,0.02351534366607666,0.014202035201948158,
footpath1_p1_nj+mk+gl_1walk+check_mv_11_12_2024_1_label,footpath,moving,144,171,0,0.9477999806404114,1.5596057176589966,1731407385_440059459.npy,0.0,True,20877,1.6557728052139282,0.12493622303009033,-0.09616708755493164,0.09616708755493164,0.058079881039299175,
footpath1_p1_nj+mk+gl_1walk+check_mv_11_12_2024_1_label,footpath,moving,145,172,0,0.9318475127220154,1.3877431154251099,1731407385_641071459.npy,0.0,True,21156,1.3817499876022339,0.13917458057403564,0.0059931278228759766,0.0059931278228759766,0.004337346029780625,
footpath1_p1_nj+mk+gl_1walk+check_mv_11_12_2024_1_label,footpath,moving,146,173,0,0.947595477104187,1.2331886291503906,1731407385_705786459.npy,0.0,True,21753,1.3093690872192383,0.14404511451721191,-0.07618045806884766,0.07618045806884766,0.05818104216179051,
footpath1_p1_nj+mk+gl_1walk+check_mv_11_12_2024_1_label,footpath,moving,147,174,0,0.9588733911514282,1.0779451131820679,1731407385_839562459.npy,0.0,True,14492,1.066297173500061,0.1513245701789856,0.011647939682006836,0.011647939682006836,0.01092372742935548,
footpath1_p1_nj+mk+gl_1walk+check_mv_11_12_2024_1_label,footpath,moving,148,175,0,0.9581013917922974,1.0125415325164795,1731407385_972902459.npy,0.0,True,13182,2.0371358394622803,1.8577147126197815,-1.0245943069458008,1.0245943069458008,0.5029582647842725,
footpath1_p1_nj+mk+gl_1walk+check_mv_11_12_2024_1_label,footpath,moving,149,176,0,0.9576147794723511,0.9661122560501099,1731407386_039623459.npy,0.0,True,13420,2.209716796875,2.1394074857234955,-1.2436045408248901,1.2436045408248901,0.5627891060897967,
footpath1_p1_nj+mk+gl_1walk+check_mv_11_12_2024_1_label,footpath,moving,150,177,0,0.9536231756210327,3.154364824295044,1731407386_106695459.npy,0.0,True,13093,2.2549402713775635,2.204218864440918,0.8994245529174805,0.8994245529174805,0.3988684597698962,
footpath1_p1_nj+mk+gl_1walk+check_mv_11_12_2024_1_label,footpath,moving,151,179,0,0.6523916125297546,5.315818786621094,1731407386_240378459.npy,0.0,True,10719,2.421093463897705,2.3527060747146606,2.8947253227233887,2.8947253227233887,1.1956272510286265,
footpath1_p1_nj+mk+gl_1walk+check_mv_11_12_2024_1_label,footpath,moving,152,180,0,0.601807713508606,0.752250075340271,1731407386_306968459.npy,0.0,True,294,0.811126172542572,0.005023792386054993,-0.058876097202301025,0.058876097202301025,0.07258562131924169,
footpath1_p1_nj+mk+gl_1walk+check_mv_11_12_2024_1_label,footpath,moving,152,180,1,0.3542804718017578,5.692631721496582,1731407386_306968459.npy,0.0,True,5649,2.823575735092163,1.6012828350067139,2.869055986404419,2.869055986404419,1.0161073247467793,
footpath1_p1_nj+mk+gl_1walk+check_mv_11_12_2024_1_label,footpath,moving,190,253,0,0.7324262857437134,8.184980392456055,1731407392_183050459.npy,0.0,True,707,1.2523170709609985,0.04015737771987915,6.932663321495056,6.932663321495056,5.5358690560491155,
footpath1_p1_nj+mk+gl_1walk+check_mv_11_12_2024_1_label,footpath,moving,190,253,1,0.12784776091575623,7.540130615234375,1731407392_183050459.npy,0.0,True,2321,3.5318779945373535,3.2330466508865356,4.0082526206970215,4.0082526206970215,1.134878562310607,
footpath1_p1_nj+mk+gl_1walk+check_mv_11_12_2024_1_label,footpath,moving,191,254,0,0.9457685947418213,3.3212063312530518,1731407392_450206459.npy,0.0,True,10198,2.613903760910034,1.9081493318080902,0.7073025703430176,0.7073025703430176,0.2705924299587714,
footpath1_p1_nj+mk+gl_1walk+check_mv_11_12_2024_1_label,footpath,moving,192,255,0,0.9506831169128418,1.4189574718475342,1731407392_583901459.npy,0.0,True,12197,1.41081964969635,0.1554032564163208,0.008137822151184082,0.008137822151184082,0.005768151976714799,
footpath1_p1_nj+mk+gl_1walk+check_mv_11_12_2024_1_label,footpath,moving,193,256,0,0.9292149543762207,1.4207382202148438,,0.07086515426635742,False,0,,,,,,no_matching_depth_map
footpath1_p1_nj+mk+gl_1walk+check_mv_11_12_2024_1_label,footpath,moving,194,257,0,0.9517506957054138,1.5658493041992188,1731407392_787027459.npy,0.0,True,14428,1.700618028640747,0.6450287997722626,-0.13476872444152832,0.13476872444152832,0.07924691034190959,
footpath1_p1_nj+mk+gl_1walk+check_mv_11_12_2024_1_label,footpath,moving,195,259,0,0.9436074495315552,1.6198536157608032,1731407392_918453459.npy,0.0,True,20215,1.576621174812317,0.33372801542282104,0.04323244094848633,0.04323244094848633,0.027420944003008697,
footpath1_p1_nj+mk+gl_1walk+check_mv_11_12_2024_1_label,footpath,moving,196,260,0,0.9411648511886597,1.725099802017212,1731407392_984494459.npy,0.0,True,24003,1.5965062379837036,0.20904064178466797,0.1285935640335083,0.1285935640335083,0.08054685974538668,
footpath1_p1_nj+mk+gl_1walk+check_mv_11_12_2024_1_label,footpath,moving,197,263,0,0.9496205449104309,1.88575279712677,1731407393_252821459.npy,0.0,True,22587,1.8341273069381714,0.0866464376449585,0.05162549018859863,0.05162549018859863,0.02814716840718131,
footpath1_p1_nj+mk+gl_1walk+check_mv_11_12_2024_1_label,footpath,moving,198,264,0,0.9476869106292725,1.9786368608474731,1731407393_318397459.npy,0.0,True,22432,1.8705956935882568,0.08817008137702942,0.10804116725921631,0.10804116725921631,0.05775762642325297,
footpath1_p1_nj+mk+gl_1walk+check_mv_11_12_2024_1_label,footpath,moving,199,265,0,0.9481590986251831,2.050248861312866,,0.06272315979003906,False,0,,,,,,no_matching_depth_map
footpath1_p1_nj+mk+gl_1walk+check_mv_11_12_2024_1_label,footpath,moving,200,266,0,0.9496235847473145,2.140580654144287,1731407393_451894459.npy,0.0,True,20092,1.963447093963623,0.09757918119430542,0.17713356018066406,0.17713356018066406,0.0902156012887943,
footpath1_p1_nj+mk+gl_1walk+check_mv_11_12_2024_1_label,footpath,moving,201,267,0,0.9402806758880615,2.270986557006836,1731407393_652174459.npy,0.0,True,14783,2.1836626529693604,0.08680200576782227,0.08732390403747559,0.08732390403747559,0.039989649462902115,
footpath1_p1_nj+mk+gl_1walk+check_mv_11_12_2024_1_label,footpath,moving,202,267,0,0.9402806758880615,2.3631789684295654,1731407393_652174459.npy,0.0,True,14783,2.1836626529693604,0.08680200576782227,0.17951631546020508,0.17951631546020508,0.0822088133513194,
footpath1_p1_nj+mk+gl_1walk+check_mv_11_12_2024_1_label,footpath,moving,203,268,0,0.9401722550392151,2.4328343868255615,1731407393_785892459.npy,0.0,True,11548,2.3325226306915283,0.1103203296661377,0.1003117561340332,0.1003117561340332,0.043005694699002145,
footpath1_p1_nj+mk+gl_1walk+check_mv_11_12_2024_1_label,footpath,moving,204,269,0,0.9371829032897949,2.523207902908325,1731407393_852498459.npy,0.0,True,11486,2.371128797531128,0.16872286796569824,0.15207910537719727,0.15207910537719727,0.06413785094067662,
footpath1_p1_nj+mk+gl_1walk+check_mv_11_12_2024_1_label,footpath,moving,205,270,0,0.9385123252868652,2.8350343704223633,1731407394_253258459.npy,0.0,True,10229,2.699399709701538,0.09517574310302734,0.1356346607208252,0.1356346607208252,0.05024623075766048,
footpath1_p1_nj+mk+gl_1walk+check_mv_11_12_2024_1_label,footpath,moving,206,271,0,0.9378455281257629,2.8660314083099365,,0.06709003448486328,False,0,,,,,,no_matching_depth_map
footpath1_p1_nj+mk+gl_1walk+check_mv_11_12_2024_1_label,footpath,moving,207,272,0,0.9405314922332764,2.9261929988861084,,0.06678390502929688,False,0,,,,,,no_matching_depth_map
footpath1_p1_nj+mk+gl_1walk+check_mv_11_12_2024_1_label,footpath,moving,208,273,0,0.9407593607902527,3.0578222274780273,1731407394_453517459.npy,0.0,True,9787,2.856004238128662,0.08937704563140869,0.20181798934936523,0.20181798934936523,0.07066445723540044,
footpath1_p1_nj+mk+gl_1walk+check_mv_11_12_2024_1_label,footpath,moving,209,274,0,0.9344117045402527,3.2586519718170166,1731407394_787389459.npy,0.0,True,7622,3.213486671447754,0.12955236434936523,0.045165300369262695,0.045165300369262695,0.014054920709820349,
footpath1_p1_nj+mk+gl_1walk+check_mv_11_12_2024_1_label,footpath,moving,210,274,0,0.9344117045402527,3.335040807723999,1731407394_787389459.npy,0.0,True,7622,3.213486671447754,0.12955236434936523,0.12155413627624512,0.12155413627624512,0.037826245665267384,
footpath1_p1_nj+mk+gl_1walk+check_mv_11_12_2024_1_label,footpath,moving,211,276,0,0.9317628741264343,3.3974380493164062,1731407394_920906459.npy,0.0,True,6573,3.2643778324127197,0.11531448364257812,0.13306021690368652,0.13306021690368652,0.040761279402924074,
footpath1_p1_nj+mk+gl_1walk+check_mv_11_12_2024_1_label,footpath,moving,212,277,0,0.9340211153030396,3.489274740219116,1731407394_988103459.npy,0.0,True,6468,3.3030948638916016,0.08972889184951782,0.18617987632751465,0.18617987632751465,0.0563652828632852,
footpath1_p1_nj+mk+gl_1walk+check_mv_11_12_2024_1_label,footpath,moving,213,278,0,0.9330065846443176,3.5955488681793213,1731407395_054402459.npy,0.0,True,6256,3.3789751529693604,0.07999712228775024,0.21657371520996094,0.21657371520996094,0.06409449771172222,
footpath1_p1_nj+mk+gl_1walk+check_mv_11_12_2024_1_label,footpath,moving,214,279,0,0.9445343613624573,3.6420974731445312,1731407395_188314459.npy,0.0,True,6726,3.4415183067321777,0.1077832579612732,0.20057916641235352,0.20057916641235352,0.058282173312862395,
footpath1_p1_nj+mk+gl_1walk+check_mv_11_12_2024_1_label,footpath,moving,215,281,0,0.9385254383087158,3.6870381832122803,1731407395_321620459.npy,0.0,True,6491,3.5085253715515137,0.139443039894104,0.1785128116607666,0.1785128116607666,0.05087972659631246,
footpath1_p1_nj+mk+gl_1walk+check_mv_11_12_2024_1_label,footpath,moving,216,284,0,0.9202083945274353,3.745851993560791,1731407395_523836459.npy,0.0,True,5003,3.6021523475646973,0.1023111343383789,0.14369964599609375,0.14369964599609375,0.039892717500758845,
footpath1_p1_nj+mk+gl_1walk+check_mv_11_12_2024_1_label,footpath,moving,217,285,0,0.9092208743095398,3.7531559467315674,1731407395_655402459.npy,0.0,True,4644,3.590766429901123,0.16297876834869385,0.16238951683044434,0.16238951683044434,0.0452241937760669,
footpath1_p1_nj+mk+gl_1walk+check_mv_11_12_2024_1_label,footpath,moving,218,289,0,0.939998209476471,3.867445468902588,1731407396_390317459.npy,0.0,True,6714,3.688066005706787,0.14779222011566162,0.17937946319580078,0.17937946319580078,0.04863781258747407,
footpath1_p1_nj+mk+gl_1walk+check_mv_11_12_2024_1_label,footpath,moving,219,289,0,0.939998209476471,3.8545641899108887,1731407396_390317459.npy,0.0,True,6714,3.688066005706787,0.14779222011566162,0.16649818420410156,0.16649818420410156,0.045145120490378415,
footpath1_p1_nj+mk+gl_1walk+check_mv_11_12_2024_1_label,footpath,moving,220,291,0,0.9257457256317139,3.75944185256958,1731407396_725372459.npy,0.0,True,5927,3.616607666015625,0.1387178897857666,0.14283418655395508,0.14283418655395508,0.03949396775772304,
footpath1_p1_nj+mk+gl_1walk+check_mv_11_12_2024_1_label,footpath,moving,221,295,0,0.9257980585098267,3.600315570831299,1731407396_991112459.npy,0.0,True,6284,3.517589807510376,0.11133825778961182,0.08272576332092285,0.08272576332092285,0.02351774022778204,
footpath1_p1_nj+mk+gl_1walk+check_mv_11_12_2024_1_label,footpath,moving,222,298,0,0.9458509087562561,3.462862730026245,1731407397_258083459.npy,0.0,True,6900,3.3887810707092285,0.09053492546081543,0.0740816593170166,0.0740816593170166,0.021860857273235494,
footpath1_p1_nj+mk+gl_1walk+check_mv_11_12_2024_1_label,footpath,moving,223,299,0,0.9492437839508057,3.37685489654541,1731407397_458570459.npy,0.0,True,7446,3.3053946495056152,0.07549929618835449,0.07146024703979492,0.07146024703979492,0.021619278366800516,
footpath1_p1_nj+mk+gl_1walk+check_mv_11_12_2024_1_label,footpath,moving,224,300,0,0.9457549452781677,3.231471538543701,1731407397_592456459.npy,0.0,True,8294,3.1842424869537354,0.1350390911102295,0.04722905158996582,0.04722905158996582,0.014832115262411554,
footpath1_p1_nj+mk+gl_1walk+check_mv_11_12_2024_1_label,footpath,moving,225,302,0,0.9361514449119568,3.11745548248291,,0.06399202346801758,False,0,,,,,,no_matching_depth_map
footpath1_p1_nj+mk+gl_1walk+check_mv_11_12_2024_1_label,footpath,moving,226,303,0,0.9295200705528259,3.038005828857422,1731407397_859207459.npy,0.0,True,8278,2.9729340076446533,0.15647435188293457,0.06507182121276855,0.06507182121276855,0.021888081284495976,
footpath1_p1_nj+mk+gl_1walk+check_mv_11_12_2024_1_label,footpath,moving,227,304,0,0.9160026907920837,2.69462251663208,1731407398_259678459.npy,0.0,True,9263,2.6034958362579346,0.1672459840774536,0.09112668037414551,0.09112668037414551,0.03500166165240503,
footpath1_p1_nj+mk+gl_1walk+check_mv_11_12_2024_1_label,footpath,moving,228,305,0,0.9443357586860657,2.5005393028259277,1731407398_394047459.npy,0.0,True,11247,2.481545925140381,0.07138383388519287,0.018993377685546875,0.018993377685546875,0.007653848954849555,
footpath1_p1_nj+mk+gl_1walk+check_mv_11_12_2024_1_label,footpath,moving,229,306,0,0.9453901052474976,2.4258954524993896,1731407398_461540459.npy,0.0,True,14942,2.4428353309631348,0.11920160055160522,-0.016939878463745117,0.016939878463745117,0.006934515089507177,
footpath1_p1_nj+mk+gl_1walk+check_mv_11_12_2024_1_label,footpath,moving,230,307,0,0.9574437737464905,2.3415074348449707,1731407398_594048459.npy,0.0,True,20689,2.355313301086426,0.2716825008392334,-0.013805866241455078,0.013805866241455078,0.0058615837795706,
footpath1_p1_nj+mk+gl_1walk+check_mv_11_12_2024_1_label,footpath,moving,231,309,0,0.9551833271980286,2.211146116256714,1731407398_727729459.npy,0.0,True,23783,2.1885440349578857,0.3442758321762085,0.022602081298828125,0.022602081298828125,0.010327451007520192,
footpath1_p1_nj+mk+gl_1walk+check_mv_11_12_2024_1_label,footpath,moving,232,310,0,0.9547285437583923,2.089782476425171,,0.06622481346130371,False,0,,,,,,no_matching_depth_map
footpath1_p1_nj+mk+gl_1walk+check_mv_11_12_2024_1_label,footpath,moving,233,312,0,0.9483100771903992,2.005711793899536,1731407398_927593459.npy,0.0,True,20107,2.0045177936553955,0.1389223337173462,0.001194000244140625,0.001194000244140625,0.0005956545997844559,
footpath1_p1_nj+mk+gl_1walk+check_mv_11_12_2024_1_label,footpath,moving,234,313,0,0.9504307508468628,1.9148401021957397,1731407398_995787459.npy,0.0,True,19718,1.9152932167053223,0.13335171341896057,-0.00045311450958251953,0.00045311450958251953,0.00023657709724569736,
footpath1_p1_oj+mk+gl_1walk+check_st_11_12_2024_1_label,footpath,stationary,0,0,0,0.9469441771507263,0.7289380431175232,,0.0664072036743164,False,0,,,,,,no_matching_depth_map
footpath1_p1_oj+mk+gl_1walk+check_st_11_12_2024_1_label,footpath,stationary,1,1,0,0.9550809860229492,0.8122839331626892,1731407158_800586459.npy,0.0,True,13594,0.760012149810791,0.06808976829051971,0.05227178335189819,0.05227178335189819,0.06877756278621536,
footpath1_p1_oj+mk+gl_1walk+check_st_11_12_2024_1_label,footpath,stationary,2,4,0,0.9574025273323059,0.9670146107673645,1731407159_001014459.npy,0.0,True,24726,0.8677078485488892,0.05610032379627228,0.09930676221847534,0.09930676221847534,0.11444723288437574,
footpath1_p1_oj+mk+gl_1walk+check_st_11_12_2024_1_label,footpath,stationary,3,7,0,0.9580897092819214,1.186439871788025,1731407159_201122459.npy,0.0,True,34177,1.1023070812225342,0.114510178565979,0.08413279056549072,0.08413279056549072,0.07632427660011191,
footpath1_p1_oj+mk+gl_1walk+check_st_11_12_2024_1_label,footpath,stationary,4,8,0,0.9566368460655212,1.281197190284729,1731407159_334791459.npy,0.0,True,30413,1.2438099384307861,0.11702024936676025,0.03738725185394287,0.03738725185394287,0.030058653415417573,
footpath1_p1_oj+mk+gl_1walk+check_st_11_12_2024_1_label,footpath,stationary,5,9,0,0.9556373953819275,1.3666000366210938,1731407159_401422459.npy,0.0,True,28398,1.3021893501281738,0.09041959047317505,0.06441068649291992,0.06441068649291992,0.04946337987373343,
footpath1_p1_oj+mk+gl_1walk+check_st_11_12_2024_1_label,footpath,stationary,6,11,0,0.9596960544586182,1.4564136266708374,1731407159_537344459.npy,0.0,True,26602,1.4238851070404053,0.0881580114364624,0.03252851963043213,0.03252851963043213,0.02284490473957115,
footpath1_p1_oj+mk+gl_1walk+check_st_11_12_2024_1_label,footpath,stationary,7,12,0,0.9623111486434937,1.585662841796875,1731407159_608092459.npy,0.0,True,25590,1.5011829137802124,0.10163158178329468,0.0844799280166626,0.0844799280166626,0.05627557257758082,
footpath1_p1_oj+mk+gl_1walk+check_st_11_12_2024_1_label,footpath,stationary,8,14,0,0.9568590521812439,1.737680435180664,1731407159_735771459.npy,0.0,True,24640,1.7097197771072388,0.11966034770011902,0.027960658073425293,0.027960658073425293,0.016353942001380684,
footpath1_p1_oj+mk+gl_1walk+check_st_11_12_2024_1_label,footpath,stationary,9,16,0,0.9463807344436646,1.970519781112671,1731407159_936099459.npy,0.0,True,19464,1.9071540832519531,0.14471325278282166,0.06336569786071777,0.06336569786071777,0.03322526397692565,
footpath1_p1_oj+mk+gl_1walk+check_st_11_12_2024_1_label,footpath,stationary,10,17,0,0.9550541043281555,2.0722548961639404,1731407160_003264459.npy,0.0,True,18872,1.956380009651184,0.14224833250045776,0.11587488651275635,0.11587488651275635,0.059229232532086874,
footpath1_p1_oj+mk+gl_1walk+check_st_11_12_2024_1_label,footpath,stationary,11,19,0,0.9451589584350586,2.32527756690979,1731407160_202823459.npy,0.0,True,16890,2.199364185333252,0.1746586561203003,0.12591338157653809,0.12591338157653809,0.057249900865080895,
footpath1_p1_oj+mk+gl_1walk+check_st_11_12_2024_1_label,footpath,stationary,12,21,0,0.9473026990890503,2.4392824172973633,1731407160_336634459.npy,0.0,True,14666,2.348243236541748,0.15465956926345825,0.09103918075561523,0.09103918075561523,0.03876905907315139,
footpath1_p1_oj+mk+gl_1walk+check_st_11_12_2024_1_label,footpath,stationary,13,22,0,0.9464924335479736,2.5453457832336426,1731407160_403064459.npy,0.0,True,13948,2.4264988899230957,0.1799628734588623,0.11884689331054688,0.11884689331054688,0.04897875445321698,
footpath1_p1_oj+mk+gl_1walk+check_st_11_12_2024_1_label,footpath,stationary,14,25,0,0.943068265914917,2.7508983612060547,1731407160_603552459.npy,0.0,True,12464,2.6029176712036133,0.10376596450805664,0.1479806900024414,0.1479806900024414,0.056851851919701234,
footpath1_p1_oj+mk+gl_1walk+check_st_11_12_2024_1_label,footpath,stationary,15,27,0,0.9486621022224426,2.9974138736724854,,0.06713581085205078,False,0,,,,,,no_matching_depth_map
footpath1_p1_oj+mk+gl_1walk+check_st_11_12_2024_1_label,footpath,stationary,16,29,0,0.9448025226593018,3.100982666015625,,0.07085919380187988,False,0,,,,,,no_matching_depth_map
footpath1_p1_oj+mk+gl_1walk+check_st_11_12_2024_1_label,footpath,stationary,17,29,0,0.9448025226593018,3.1939308643341064,,0.07085919380187988,False,0,,,,,,no_matching_depth_map
footpath1_p1_oj+mk+gl_1walk+check_st_11_12_2024_1_label,footpath,stationary,18,31,0,0.9499763250350952,3.4297592639923096,1731407161_204402459.npy,0.0,True,7526,3.2327394485473633,0.15227985382080078,0.1970198154449463,0.1970198154449463,0.06094515768460012,
footpath1_p1_oj+mk+gl_1walk+check_st_11_12_2024_1_label,footpath,stationary,19,34,0,0.9464997053146362,3.6572134494781494,1731407161_405661459.npy,0.0,True,6568,3.4856090545654297,0.15276193618774414,0.17160439491271973,0.17160439491271973,0.04923225531789153,
footpath1_p1_oj+mk+gl_1walk+check_st_11_12_2024_1_label,footpath,stationary,20,36,0,0.9473625421524048,3.7427685260772705,1731407161_538446459.npy,0.0,True,6193,3.5874202251434326,0.15620660781860352,0.1553483009338379,0.1553483009338379,0.04330362521932505,
footpath1_p1_oj+mk+gl_1walk+check_st_11_12_2024_1_label,footpath,stationary,21,37,0,0.9471604228019714,3.845416784286499,1731407161_605075459.npy,0.0,True,6047,3.635097026824951,0.1297469139099121,0.21031975746154785,0.21031975746154785,0.05785808629302258,
footpath1_p1_oj+mk+gl_1walk+check_st_11_12_2024_1_label,footpath,stationary,22,39,0,0.9217416644096375,4.315392971038818,,0.06594204902648926,False,0,,,,,,no_matching_depth_map
footpath1_p1_oj+mk+gl_1walk+check_st_11_12_2024_1_label,footpath,stationary,23,40,0,0.9260854721069336,4.42254114151001,1731407162_139291459.npy,0.0,True,4608,4.2062859535217285,0.17623448371887207,0.21625518798828125,0.21625518798828125,0.051412383841193864,
footpath1_p1_oj+mk+gl_1walk+check_st_11_12_2024_1_label,footpath,stationary,24,41,0,0.9318241477012634,4.543499946594238,1731407162_206465459.npy,0.0,True,4353,4.275087833404541,0.1676797866821289,0.26841211318969727,0.26841211318969727,0.06278516925252096,
footpath1_p1_oj+mk+gl_1walk+check_st_11_12_2024_1_label,footpath,stationary,25,42,0,0.9331580996513367,4.666219234466553,1731407162_273009459.npy,0.0,True,4364,4.320958614349365,0.16501319408416748,0.3452606201171875,0.3452606201171875,0.07990370909145485,
footpath1_p1_oj+mk+gl_1walk+check_st_11_12_2024_1_label,footpath,stationary,26,43,0,0.9208658337593079,4.787151336669922,1731407162_406484459.npy,0.0,True,3911,4.483663082122803,0.15770649909973145,0.30348825454711914,0.30348825454711914,0.06768756906761865,
footpath1_p1_oj+mk+gl_1walk+check_st_11_12_2024_1_label,footpath,stationary,27,45,0,0.9202284812927246,4.894629955291748,1731407162_540252459.npy,0.0,True,3444,4.622653007507324,0.1333293914794922,0.27197694778442383,0.27197694778442383,0.058835683176462795,
footpath1_p1_oj+mk+gl_1walk+check_st_11_12_2024_1_label,footpath,stationary,28,47,0,0.9308624863624573,5.227587699890137,1731407162_807716459.npy,0.0,True,2798,4.88552188873291,0.1989530324935913,0.34206581115722656,0.34206581115722656,0.0700162273238619,
footpath1_p1_oj+mk+gl_1walk+check_st_11_12_2024_1_label,footpath,stationary,29,48,0,0.9257869124412537,5.367387294769287,1731407162_874066459.npy,0.0,True,2745,4.9629950523376465,0.17464828491210938,0.4043922424316406,0.4043922424316406,0.08148149215687123,
footpath1_p1_oj+mk+gl_1walk+check_st_11_12_2024_1_label,footpath,stationary,30,49,0,0.9326547384262085,5.474423408508301,1731407163_074550459.npy,0.0,True,2813,5.199817657470703,0.19841337203979492,0.27460575103759766,0.27460575103759766,0.05281065012790688,
footpath1_p1_oj+mk+gl_1walk+check_st_11_12_2024_1_label,footpath,stationary,31,50,0,0.9305807948112488,5.574147701263428,,0.07033109664916992,False,0,,,,,,no_matching_depth_map
footpath1_p1_oj+mk+gl_1walk+check_st_11_12_2024_1_label,footpath,stationary,32,51,0,0.9242796897888184,5.884911060333252,1731407163_474914459.npy,0.0,True,2399,5.493540287017822,0.1614820957183838,0.3913707733154297,0.3913707733154297,0.07124199566540104,
footpath1_p1_oj+mk+gl_1walk+check_st_11_12_2024_1_label,footpath,stationary,33,52,0,0.928477942943573,5.9939751625061035,1731407163_541895459.npy,0.0,True,2231,5.52671480178833,0.17336535453796387,0.46726036071777344,0.46726036071777344,0.08454577040352755,
footpath1_p1_oj+mk+gl_1walk+check_st_11_12_2024_1_label,footpath,stationary,34,53,0,0.9244144558906555,6.03102445602417,,0.06653618812561035,False,0,,,,,,no_matching_depth_map
footpath1_p1_oj+mk+gl_1walk+check_st_11_12_2024_1_label,footpath,stationary,35,55,0,0.9189879894256592,6.296285629272461,1731407163_944552459.npy,0.0,True,1218,5.824681282043457,0.15163910388946533,0.4716043472290039,0.4716043472290039,0.08096654982357288,
footpath1_p1_oj+mk+gl_1walk+check_st_11_12_2024_1_label,footpath,stationary,36,56,0,0.9197715520858765,6.399570941925049,1731407164_009110459.npy,0.0,True,1033,5.858188152313232,0.12480878829956055,0.5413827896118164,0.5413827896118164,0.09241471518767107,
footpath1_p1_oj+mk+gl_1walk+check_st_11_12_2024_1_label,footpath,stationary,37,58,0,0.9122382402420044,6.460073471069336,1731407164_142767459.npy,0.0,True,512,5.882696628570557,0.06450068950653076,0.5773768424987793,0.5773768424987793,0.09814832872642572,
footpath1_p1_oj+mk+gl_1walk+check_st_11_12_2024_1_label,footpath,stationary,38,60,0,0.9140499234199524,6.573967456817627,1731407164_409777459.npy,0.0,True,51,5.919505596160889,0.03623247146606445,0.6544618606567383,0.6544618606567383,0.11056022332020284,
footpath1_p1_oj+mk+gl_1walk+check_st_11_12_2024_1_label,footpath,stationary,39,61,0,0.9081196188926697,6.6276774406433105,1731407164_477166459.npy,0.0,False,22,,,,,,too_few_valid_depth_pixels
footpath1_p1_oj+mk+gl_1walk+check_st_11_12_2024_1_label,footpath,stationary,40,63,0,0.9057760834693909,6.659031867980957,,0.06694602966308594,False,0,,,,,,no_matching_depth_map
footpath1_p1_oj+mk+gl_1walk+check_st_11_12_2024_1_label,footpath,stationary,41,64,0,0.91176438331604,6.700704097747803,1731407164_677498459.npy,0.0,False,1,,,,,,too_few_valid_depth_pixels
footpath1_p1_oj+mk+gl_1walk+check_st_11_12_2024_1_label,footpath,stationary,42,66,0,0.9108631610870361,6.753533363342285,1731407164_810648459.npy,0.0,False,20,,,,,,too_few_valid_depth_pixels
footpath1_p1_oj+mk+gl_1walk+check_st_11_12_2024_1_label,footpath,stationary,43,67,0,0.9065181612968445,6.812000274658203,1731407164_877049459.npy,0.0,False,12,,,,,,too_few_valid_depth_pixels
footpath1_p1_oj+mk+gl_1walk+check_st_11_12_2024_1_label,footpath,stationary,44,70,0,0.8976244330406189,6.891826152801514,1731407165_144272459.npy,0.0,False,0,,,,,,too_few_valid_depth_pixels
footpath1_p1_oj+mk+gl_1walk+check_st_11_12_2024_1_label,footpath,stationary,45,71,0,0.8941827416419983,6.8889312744140625,1731407165_215026459.npy,0.0,False,0,,,,,,too_few_valid_depth_pixels
footpath1_p1_oj+mk+gl_1walk+check_st_11_12_2024_1_label,footpath,stationary,46,72,0,0.8901694416999817,6.8724822998046875,1731407165_278097459.npy,0.0,False,0,,,,,,too_few_valid_depth_pixels
footpath1_p1_oj+mk+gl_1walk+check_st_11_12_2024_1_label,footpath,stationary,47,73,0,0.893517792224884,6.859295845031738,1731407165_345313459.npy,0.0,False,0,,,,,,too_few_valid_depth_pixels
footpath1_p1_oj+mk+gl_1walk+check_st_11_12_2024_1_label,footpath,stationary,48,75,0,0.9002431631088257,6.7849650382995605,,0.13473105430603027,False,0,,,,,,no_matching_depth_map
footpath1_p1_oj+mk+gl_1walk+check_st_11_12_2024_1_label,footpath,stationary,49,77,0,0.9081308245658875,6.319055557250977,,0.06677889823913574,False,0,,,,,,no_matching_depth_map
footpath1_p1_oj+mk+gl_1walk+check_st_11_12_2024_1_label,footpath,stationary,50,79,0,0.9069179892539978,6.28134298324585,1731407166_412917459.npy,0.0,True,1237,5.8642401695251465,0.12873029708862305,0.4171028137207031,0.4171028137207031,0.07112648896753453,
footpath1_p1_oj+mk+gl_1walk+check_st_11_12_2024_1_label,footpath,stationary,51,80,0,0.911698579788208,6.266976833343506,1731407166_546576459.npy,0.0,True,1387,5.863004207611084,0.1034855842590332,0.4039726257324219,0.4039726257324219,0.06890198461873916,
footpath1_p1_oj+mk+gl_1walk+check_st_11_12_2024_1_label,footpath,stationary,52,80,0,0.911698579788208,6.240725040435791,1731407166_546576459.npy,0.0,True,1387,5.863004207611084,0.1034855842590332,0.37772083282470703,0.37772083282470703,0.06442445194468173,
footpath1_p1_oj+mk+gl_1walk+check_st_11_12_2024_1_label,footpath,stationary,53,82,0,0.9159224033355713,6.2153143882751465,1731407166_748861459.npy,0.0,True,1618,5.836318016052246,0.1280583143234253,0.3789963722229004,0.3789963722229004,0.06493758071107612,
footpath1_p1_oj+mk+gl_1walk+check_st_11_12_2024_1_label,footpath,stationary,54,83,0,0.9121958613395691,6.216809272766113,1731407167_080745459.npy,0.0,True,1391,5.79630708694458,0.1619584560394287,0.4205021858215332,0.4205021858215332,0.07254656792920083,
footpath1_p1_oj+mk+gl_1walk+check_st_11_12_2024_1_label,footpath,stationary,55,85,0,0.9104960560798645,6.208114147186279,1731407167_214233459.npy,0.0,True,1339,5.813392162322998,0.18950963020324707,0.39472198486328125,0.39472198486328125,0.06789873688919562,
footpath1_p1_oj+mk+gl_1walk+check_st_11_12_2024_1_label,footpath,stationary,56,86,0,0.9174095988273621,6.219405174255371,1731407167_281288459.npy,0.0,True,1383,5.815716743469238,0.15030217170715332,0.4036884307861328,0.4036884307861328,0.06941335842043114,
footpath1_p1_oj+mk+gl_1walk+check_st_11_12_2024_1_label,footpath,stationary,57,87,0,0.9232075214385986,6.214648723602295,,0.06672406196594238,False,0,,,,,,no_matching_depth_map
footpath1_p1_oj+mk+gl_1walk+check_st_11_12_2024_1_label,footpath,stationary,58,88,0,0.9254711866378784,6.201142311096191,1731407167_481282459.npy,0.0,True,1106,5.825380802154541,0.10749423503875732,0.3757615089416504,0.3757615089416504,0.0645041966703144,
footpath1_p1_oj+mk+gl_1walk+check_st_11_12_2024_1_label,footpath,stationary,59,89,0,0.9245281219482422,6.189236640930176,1731407167_617824459.npy,0.0,True,1167,5.825617790222168,0.12231922149658203,0.3636188507080078,0.3636188507080078,0.06241721716078128,
footpath1_p1_oj+mk+gl_1walk+check_st_11_12_2024_1_label,footpath,stationary,60,92,0,0.9071630835533142,6.1537299156188965,1731407167_815318459.npy,0.0,True,1338,5.814752101898193,0.14480316638946533,0.3389778137207031,0.3389778137207031,0.05829617630819476,
footpath1_p1_oj+mk+gl_1walk+check_st_11_12_2024_1_label,footpath,stationary,61,93,0,0.9085962176322937,6.109999656677246,1731407167_883254459.npy,0.0,True,1505,5.78341817855835,0.1518101692199707,0.3265814781188965,0.3265814781188965,0.05646859141704058,
footpath1_p1_oj+mk+gl_1walk+check_st_11_12_2024_1_label,footpath,stationary,62,95,0,0.9144596457481384,6.062684059143066,,0.06671714782714844,False,0,,,,,,no_matching_depth_map
footpath1_p1_oj+mk+gl_1walk+check_st_11_12_2024_1_label,footpath,stationary,63,96,0,0.9151742458343506,5.998418807983398,1731407168_082656459.npy,0.0,True,1535,5.707950592041016,0.1595752239227295,0.2904682159423828,0.2904682159423828,0.05088835498110345,
footpath1_p1_oj+mk+gl_1walk+check_st_11_12_2024_1_label,footpath,stationary,64,98,0,0.9244443774223328,5.955999851226807,1731407168_215974459.npy,0.0,True,1755,5.659733772277832,0.17357945442199707,0.2962660789489746,0.2962660789489746,0.05234629239985233,
footpath1_p1_oj+mk+gl_1walk+check_st_11_12_2024_1_label,footpath,stationary,65,99,0,0.9251325726509094,5.912714004516602,1731407168_284503459.npy,0.0,True,1962,5.642481327056885,0.15899384021759033,0.2702326774597168,0.2702326774597168,0.047892524901038534,
footpath1_p1_oj+mk+gl_1walk+check_st_11_12_2024_1_label,footpath,stationary,66,101,0,0.9215167164802551,5.878488540649414,1731407168_416189459.npy,0.0,True,2012,5.5869245529174805,0.1927037239074707,0.2915639877319336,0.2915639877319336,0.05218684894888718,
footpath1_p1_oj+mk+gl_1walk+check_st_11_12_2024_1_label,footpath,stationary,67,104,0,0.9210952520370483,5.768463134765625,1731407168_616723459.npy,0.0,True,2074,5.499444484710693,0.20257306098937988,0.26901865005493164,0.26901865005493164,0.04891742262383866,
footpath1_p1_oj+mk+gl_1walk+check_st_11_12_2024_1_label,footpath,stationary,68,105,0,0.9233781695365906,5.5009331703186035,,0.06586694717407227,False,0,,,,,,no_matching_depth_map
footpath1_p1_oj+mk+gl_1walk+check_st_11_12_2024_1_label,footpath,stationary,69,106,0,0.9199358224868774,5.411585330963135,1731407169_017160459.npy,0.0,True,2606,5.258391380310059,0.1677788496017456,0.15319395065307617,0.15319395065307617,0.029133234781022168,
footpath1_p1_oj+mk+gl_1walk+check_st_11_12_2024_1_label,footpath,stationary,70,107,0,0.9250308275222778,5.326446533203125,1731407169_083988459.npy,0.0,True,2492,5.191714286804199,0.16013860702514648,0.13473224639892578,0.13473224639892578,0.025951398508460927,
footpath1_p1_oj+mk+gl_1walk+check_st_11_12_2024_1_label,footpath,stationary,71,109,0,0.9062011241912842,5.060455322265625,1731407169_484980459.npy,0.0,True,3154,4.869174957275391,0.14899861812591553,0.19128036499023438,0.19128036499023438,0.03928393755998198,
footpath1_p1_oj+mk+gl_1walk+check_st_11_12_2024_1_label,footpath,stationary,72,109,0,0.9062011241912842,4.983287811279297,1731407169_484980459.npy,0.0,True,3154,4.869174957275391,0.14899861812591553,0.11411285400390625,0.11411285400390625,0.023435767867285583,
footpath1_p1_oj+mk+gl_1walk+check_st_11_12_2024_1_label,footpath,stationary,73,110,0,0.9221961498260498,4.909814834594727,1731407169_551617459.npy,0.0,True,3256,4.789965629577637,0.15361428260803223,0.11984920501708984,0.11984920501708984,0.025020890395753788,
footpath1_p1_oj+mk+gl_1walk+check_st_11_12_2024_1_label,footpath,stationary,74,111,0,0.925631046295166,4.805016040802002,1731407169_684948459.npy,0.0,True,3495,4.6881256103515625,0.22992563247680664,0.11689043045043945,0.11689043045043945,0.024933297476573763,
footpath1_p1_oj+mk+gl_1walk+check_st_11_12_2024_1_label,footpath,stationary,75,113,0,0.9212258458137512,4.698185920715332,1731407169_819433459.npy,0.0,True,3395,4.594146728515625,0.16322684288024902,0.10403919219970703,0.10403919219970703,0.02264603164586392,
footpath1_p1_oj+mk+gl_1walk+check_st_11_12_2024_1_label,footpath,stationary,76,114,0,0.9255221486091614,4.573911190032959,1731407169_885427459.npy,0.0,True,3317,4.541539669036865,0.1088104248046875,0.03237152099609375,0.03237152099609375,0.007127873662933094,
footpath1_p1_oj+mk+gl_1walk+check_st_11_12_2024_1_label,footpath,stationary,77,115,0,0.9252851009368896,4.476902484893799,1731407170_086603459.npy,0.0,True,3467,4.351665496826172,0.13783884048461914,0.12523698806762695,0.12523698806762695,0.028779093466390477,
footpath1_p1_oj+mk+gl_1walk+check_st_11_12_2024_1_label,footpath,stationary,78,115,0,0.9252851009368896,4.369457244873047,1731407170_086603459.npy,0.0,True,3467,4.351665496826172,0.13783884048461914,0.017791748046875,0.017791748046875,0.004088491649886962,
footpath1_p1_oj+mk+gl_1walk+check_st_11_12_2024_1_label,footpath,stationary,79,117,0,0.9314458966255188,4.2635321617126465,,0.06375288963317871,False,0,,,,,,no_matching_depth_map
footpath1_p1_oj+mk+gl_1walk+check_st_11_12_2024_1_label,footpath,stationary,80,118,0,0.9302572011947632,4.146555423736572,1731407170_286450459.npy,0.0,True,3519,4.124650001525879,0.152815580368042,0.02190542221069336,0.02190542221069336,0.005310856000530866,
footpath1_p1_oj+mk+gl_1walk+check_st_11_12_2024_1_label,footpath,stationary,81,120,0,0.9278923273086548,4.060686111450195,1731407170_419669459.npy,0.0,True,4239,3.9843640327453613,0.09458935260772705,0.07632207870483398,0.07632207870483398,0.019155397970060856,
footpath1_p1_oj+mk+gl_1walk+check_st_11_12_2024_1_label,footpath,stationary,82,121,0,0.9329982995986938,3.9541022777557373,1731407170_486702459.npy,0.0,True,4900,3.9330430030822754,0.08934301137924194,0.021059274673461914,0.021059274673461914,0.0053544481097608215,
footpath1_p1_oj+mk+gl_1walk+check_st_11_12_2024_1_label,footpath,stationary,83,123,0,0.9313667416572571,3.854858636856079,1731407170_621565459.npy,0.0,True,5535,3.7895448207855225,0.13511192798614502,0.06531381607055664,0.06531381607055664,0.017235266808908717,
footpath1_p1_oj+mk+gl_1walk+check_st_11_12_2024_1_label,footpath,stationary,84,124,0,0.9265784025192261,3.736396074295044,,0.06503915786743164,False,0,,,,,,no_matching_depth_map
footpath1_p1_oj+mk+gl_1walk+check_st_11_12_2024_1_label,footpath,stationary,85,126,0,0.9217031002044678,3.580044746398926,1731407170_820356459.npy,0.0,True,5664,3.552736282348633,0.14915281534194946,0.02730846405029297,0.02730846405029297,0.007686600377847344,
footpath1_p1_oj+mk+gl_1walk+check_st_11_12_2024_1_label,footpath,stationary,86,127,0,0.9333363771438599,3.438999891281128,1731407170_953907459.npy,0.0,True,7267,3.364677667617798,0.09743523597717285,0.07432222366333008,0.07432222366333008,0.022088957993991278,
footpath1_p1_oj+mk+gl_1walk+check_st_11_12_2024_1_label,footpath,stationary,87,129,0,0.9392520189285278,2.9594411849975586,1731407171_354453459.npy,0.0,True,11598,2.8467748165130615,0.16882580518722534,0.11266636848449707,0.11266636848449707,0.03957684599110621,
footpath1_p1_oj+mk+gl_1walk+check_st_11_12_2024_1_label,footpath,stationary,88,130,0,0.935660719871521,2.5781309604644775,,0.13337993621826172,False,0,,,,,,no_matching_depth_map
footpath1_p1_oj+mk+gl_1walk+check_st_11_12_2024_1_label,footpath,stationary,89,133,0,0.9589512348175049,2.0236613750457764,1731407172_022171459.npy,0.0,True,20825,2.0071535110473633,0.084250807762146,0.016507863998413086,0.016507863998413086,0.0082245149200367,
footpath1_p1_oj+mk+gl_1walk+check_st_11_12_2024_1_label,footpath,stationary,90,136,0,0.9567304849624634,1.3582193851470947,,0.06677913665771484,False,0,,,,,,no_matching_depth_map
footpath1_p1_oj+mk+gl_1walk+check_st_11_12_2024_1_label,footpath,stationary,91,138,0,0.9554216861724854,1.1553910970687866,1731407172_689946459.npy,0.0,True,37846,1.1754398345947266,0.06784600019454956,-0.02004873752593994,0.02004873752593994,0.01705637067579255,
footpath1_p1_oj+mk+gl_1walk+check_st_11_12_2024_1_label,footpath,stationary,92,139,0,0.9567704200744629,1.0584312677383423,1731407172_757217459.npy,0.0,True,35673,1.1136609315872192,0.09587287902832031,-0.05522966384887695,0.05522966384887695,0.04959288979470813,
footpath1_p1_oj+mk+gl_1walk+check_st_11_12_2024_1_label,footpath,stationary,93,140,0,0.9651565551757812,0.9581181406974792,1731407172_957119459.npy,0.0,True,24307,0.9280406832695007,0.04622447490692139,0.030077457427978516,0.030077457427978516,0.032409632433370486,
footpath1_p1_oj+mk+gl_1walk+check_st_11_12_2024_1_label,footpath,stationary,94,143,0,0.958827555179596,0.7178314328193665,1731407173_424480459.npy,0.0,True,15336,2.9940547943115234,1.7024677991867065,-2.276223361492157,2.276223361492157,0.7602477302074793,
footpath1_p1_oj+mk+gl_1walk+check_st_11_12_2024_1_label,footpath,stationary,95,146,0,0.9475032091140747,0.6716344952583313,,0.06666803359985352,False,0,,,,,,no_matching_depth_map
footpath1_p1_oj+mk+gl_1walk+check_st_11_12_2024_1_label,footpath,stationary,96,147,0,0.9607343673706055,0.6813573837280273,,0.06275010108947754,False,0,,,,,,no_matching_depth_map
footpath1_p1_oj+mk+gl_1walk+check_st_11_12_2024_1_label,footpath,stationary,97,150,0,0.9627510905265808,0.7335320711135864,1731407174_159601459.npy,0.0,True,20413,0.69899982213974,0.1781609058380127,0.034532248973846436,0.034532248973846436,0.04940237161740357,
footpath1_p1_oj+mk+gl_1walk+check_st_11_12_2024_1_label,footpath,stationary,98,151,0,0.9666602611541748,0.6761428117752075,1731407174_359422459.npy,0.0,True,28049,0.6412187814712524,0.09401607513427734,0.03492403030395508,0.03492403030395508,0.05446507699575362,
footpath1_p1_oj+mk+gl_1walk+check_st_11_12_2024_1_label,footpath,stationary,99,151,0,0.9666602611541748,0.62618088722229,1731407174_359422459.npy,0.0,True,28049,0.6412187814712524,0.09401607513427734,-0.015037894248962402,0.015037894248962402,0.02345204894725404,
footpath1_p1_oj+mk+gl_1walk+check_st_11_12_2024_1_label,footpath,stationary,100,152,0,0.960434079170227,0.6649841070175171,1731407174_492815459.npy,0.0,True,33740,0.4984590411186218,0.18858520686626434,0.16652506589889526,0.16652506589889526,0.33407973807674624,
footpath1_p1_oj+mk+gl_1walk+check_st_11_12_2024_1_label,footpath,stationary,101,154,0,0.9583200812339783,0.703105092048645,1731407174_627005459.npy,0.0,True,35237,0.6376591920852661,0.054599881172180176,0.0654458999633789,0.0654458999633789,0.10263460603360619,
footpath1_p1_oj+mk+gl_1walk+check_st_11_12_2024_1_label,footpath,stationary,102,155,0,0.9587791562080383,0.7602207660675049,1731407174_760340459.npy,0.0,True,39741,0.7140886783599854,0.0449901819229126,0.04613208770751953,0.04613208770751953,0.06460274347643906,
footpath1_p1_oj+mk+gl_1walk+check_st_11_12_2024_1_label,footpath,stationary,103,156,0,0.9680562019348145,0.8404452800750732,1731407174_826796459.npy,0.0,True,39828,0.7502703666687012,0.05469308793544769,0.09017491340637207,0.09017491340637207,0.1201898907546629,
footpath1_p1_oj+mk+gl_1walk+check_st_11_12_2024_1_label,footpath,stationary,104,156,0,0.9680562019348145,0.912949800491333,1731407174_826796459.npy,0.0,True,39828,0.7502703666687012,0.05469308793544769,0.16267943382263184,0.16267943382263184,0.2168277477690474,
footpath1_p1_oj+mk+gl_1walk+check_st_11_12_2024_1_label,footpath,stationary,105,158,0,0.959402322769165,1.1443753242492676,1731407175_094297459.npy,0.0,True,34975,1.0277425050735474,0.08854115009307861,0.11663281917572021,0.11663281917572021,0.11348447553735624,
footpath1_p1_oj+mk+gl_1walk+check_st_11_12_2024_1_label,footpath,stationary,106,161,0,0.9559102654457092,1.4416354894638062,1731407175_361223459.npy,0.0,True,28395,1.2731842994689941,0.08718019723892212,0.168451189994812,0.168451189994812,0.1323069959824888,
footpath1_p1_oj+mk+gl_1walk+check_st_11_12_2024_1_label,footpath,stationary,107,162,0,0.956013560295105,1.5702857971191406,1731407175_562133459.npy,0.0,True,27648,1.5316205024719238,0.1559532880783081,0.0386652946472168,0.0386652946472168,0.025244696440674324,
footpath1_p1_oj+mk+gl_1walk+check_st_11_12_2024_1_label,footpath,stationary,108,162,0,0.956013560295105,1.6786543130874634,1731407175_562133459.npy,0.0,True,27648,1.5316205024719238,0.1559532880783081,0.14703381061553955,0.14703381061553955,0.09599885244304167,
footpath1_p1_oj+mk+gl_1walk+check_st_11_12_2024_1_label,footpath,stationary,109,163,0,0.9511693716049194,1.7682965993881226,1731407175_695520459.npy,0.0,True,24679,1.65193772315979,0.14808189868927002,0.11635887622833252,0.11635887622833252,0.0704378104555684,
footpath1_p1_oj+mk+gl_1walk+check_st_11_12_2024_1_label,footpath,stationary,110,164,0,0.9561561942100525,1.8512601852416992,1731407175_828403459.npy,0.0,True,21359,1.7458635568618774,0.10703122615814209,0.10539662837982178,0.10539662837982178,0.060369338695211765,
footpath1_p1_oj+mk+gl_1walk+check_st_11_12_2024_1_label,footpath,stationary,111,167,0,0.9373486042022705,2.1438963413238525,1731407176_096358459.npy,0.0,True,17922,2.0378262996673584,0.1449965536594391,0.10607004165649414,0.10607004165649414,0.052050580402170844,
footpath1_p1_oj+mk+gl_1walk+check_st_11_12_2024_1_label,footpath,stationary,112,168,0,0.9423695206642151,2.2230143547058105,1731407176_162337459.npy,0.0,True,17215,2.072153329849243,0.17666518688201904,0.15086102485656738,0.15086102485656738,0.07280398737073336,
footpath1_p1_oj+mk+gl_1walk+check_st_11_12_2024_1_label,footpath,stationary,113,171,0,0.9526422023773193,2.377051830291748,1731407176_430581459.npy,0.0,True,16614,2.2610583305358887,0.14126497507095337,0.11599349975585938,0.11599349975585938,0.051300533997443575,
footpath1_p1_oj+mk+gl_1walk+check_st_11_12_2024_1_label,footpath,stationary,114,172,0,0.9485981464385986,2.4803667068481445,1731407176_496262459.npy,0.0,True,16340,2.3126707077026367,0.11785691976547241,0.1676959991455078,0.1676959991455078,0.07251183602878503,
footpath1_p1_oj+mk+gl_1walk+check_st_11_12_2024_1_label,footpath,stationary,115,174,0,0.9539052844047546,2.578099012374878,,0.06675100326538086,False,0,,,,,,no_matching_depth_map
footpath1_p1_oj+mk+gl_1walk+check_st_11_12_2024_1_label,footpath,stationary,116,175,0,0.9475526809692383,2.648322582244873,1731407176_763769459.npy,0.0,True,12844,2.5681891441345215,0.17714327573776245,0.08013343811035156,0.08013343811035156,0.03120231167294202,
footpath1_p1_oj+mk+gl_1walk+check_st_11_12_2024_1_label,footpath,stationary,117,176,0,0.9463255405426025,3.1245861053466797,1731407177_165095459.npy,0.0,True,8791,2.9244513511657715,0.1361253261566162,0.2001347541809082,0.2001347541809082,0.0684349746837569,
footpath1_p1_oj+mk+gl_1walk+check_st_11_12_2024_1_label,footpath,stationary,118,177,0,0.9446744322776794,3.2761330604553223,1731407177_431034459.npy,0.0,True,7770,3.1499722003936768,0.1398329734802246,0.1261608600616455,0.1261608600616455,0.04005142015090742,
footpath1_p1_oj+mk+gl_1walk+check_st_11_12_2024_1_label,footpath,stationary,119,179,0,0.9404223561286926,3.454808235168457,1731407177_631901459.npy,0.0,True,7251,3.2852237224578857,0.11059308052062988,0.1695845127105713,0.1695845127105713,0.05162038480097614,
footpath1_p1_oj+mk+gl_1walk+check_st_11_12_2024_1_label,footpath,stationary,120,180,0,0.9407376050949097,3.5716378688812256,1731407177_699440459.npy,0.0,True,7206,3.3537802696228027,0.10550278425216675,0.21785759925842285,0.21785759925842285,0.06495881713888345,
footpath1_p1_oj+mk+gl_1walk+check_st_11_12_2024_1_label,footpath,stationary,121,182,0,0.9352637529373169,3.6614179611206055,,0.13298797607421875,False,0,,,,,,no_matching_depth_map
footpath1_p1_oj+mk+gl_1walk+check_st_11_12_2024_1_label,footpath,stationary,122,185,0,0.9281511902809143,4.093814849853516,1731407178_233630459.npy,0.0,True,4695,3.8751895427703857,0.15515661239624023,0.21862530708312988,0.21862530708312988,0.05641667450589628,
footpath1_p1_oj+mk+gl_1walk+check_st_11_12_2024_1_label,footpath,stationary,123,186,0,0.9324376583099365,4.2129998207092285,,0.06669998168945312,False,0,,,,,,no_matching_depth_map
footpath1_p1_oj+mk+gl_1walk+check_st_11_12_2024_1_label,footpath,stationary,124,187,0,0.9353083968162537,4.3084025382995605,1731407178_432659459.npy,0.0,True,4026,4.065381050109863,0.1572827696800232,0.24302148818969727,0.24302148818969727,0.05977828036147555,
footpath1_p1_oj+mk+gl_1walk+check_st_11_12_2024_1_label,footpath,stationary,125,187,0,0.9353083968162537,4.4069013595581055,1731407178_432659459.npy,0.0,True,4026,4.065381050109863,0.1572827696800232,0.3415203094482422,0.3415203094482422,0.08400696152185116,
footpath1_p1_oj+mk+gl_1walk+check_st_11_12_2024_1_label,footpath,stationary,126,189,0,0.9299609065055847,4.761285305023193,,0.06384992599487305,False,0,,,,,,no_matching_depth_map
footpath1_p1_oj+mk+gl_1walk+check_st_11_12_2024_1_label,footpath,stationary,127,192,0,0.9313704967498779,4.966895580291748,1731407179_033782459.npy,0.0,True,3150,4.686225891113281,0.17257094383239746,0.2806696891784668,0.2806696891784668,0.059892479726748646,
footpath1_p1_oj+mk+gl_1walk+check_st_11_12_2024_1_label,footpath,stationary,128,193,0,0.9213898777961731,4.981578826904297,1731407179_100488459.npy,0.0,True,3007,4.778526782989502,0.24968457221984863,0.20305204391479492,0.20305204391479492,0.042492603502321105,
footpath1_p1_oj+mk+gl_1walk+check_st_11_12_2024_1_label,footpath,stationary,129,194,0,0.9176410436630249,5.174217700958252,1731407179_167281459.npy,0.0,True,2962,4.878140449523926,0.2204059362411499,0.29607725143432617,0.29607725143432617,0.06069469596006022,
footpath1_p1_oj+mk+gl_1walk+check_st_11_12_2024_1_label,footpath,stationary,130,196,0,0.9246129989624023,5.6732707023620605,,0.06420016288757324,False,0,,,,,,no_matching_depth_map
footpath1_p1_oj+mk+gl_1walk+check_st_11_12_2024_1_label,footpath,stationary,131,197,0,0.9266506433486938,5.825108528137207,1731407179_701415459.npy,0.0,True,2426,5.438471794128418,0.18604505062103271,0.38663673400878906,0.38663673400878906,0.0710929004773394,
footpath1_p1_oj+mk+gl_1walk+check_st_11_12_2024_1_label,footpath,stationary,132,199,0,0.9219557642936707,5.983976364135742,,0.06646418571472168,False,0,,,,,,no_matching_depth_map
footpath1_p1_oj+mk+gl_1walk+check_st_11_12_2024_1_label,footpath,stationary,133,200,0,0.9229660630226135,6.09159517288208,1731407179_901977459.npy,0.0,True,2151,5.674712181091309,0.19631075859069824,0.4168829917907715,0.4168829917907715,0.07346328386131477,
footpath1_p1_oj+mk+gl_1walk+check_st_11_12_2024_1_label,footpath,stationary,134,202,0,0.9297788739204407,6.213921070098877,,0.06501507759094238,False,0,,,,,,no_matching_depth_map
footpath1_p1_oj+mk+gl_1walk+check_st_11_12_2024_1_label,footpath,stationary,135,203,0,0.9271129369735718,6.345431804656982,1731407180_102181459.npy,0.0,True,1319,5.797598838806152,0.1274867057800293,0.5478329658508301,0.5478329658508301,0.09449307913198776,
footpath1_p1_oj+mk+gl_1walk+check_st_11_12_2024_1_label,footpath,stationary,136,204,0,0.9259737133979797,6.740413188934326,,0.06614995002746582,False,0,,,,,,no_matching_depth_map
footpath1_p1_oj+mk+gl_1walk+check_st_11_12_2024_1_label,footpath,stationary,137,204,0,0.9259737133979797,6.84535551071167,,0.06614995002746582,False,0,,,,,,no_matching_depth_map
footpath1_p1_oj+mk+gl_1walk+check_st_11_12_2024_1_label,footpath,stationary,138,205,0,0.915776789188385,6.957607269287109,1731407180_636508459.npy,0.0,False,0,,,,,,too_few_valid_depth_pixels
footpath1_p1_oj+mk+gl_1walk+check_st_11_12_2024_1_label,footpath,stationary,139,206,0,0.9106820821762085,7.1329169273376465,1731407180_703142459.npy,0.0,False,0,,,,,,too_few_valid_depth_pixels
footpath1_p1_oj+mk+gl_1walk+check_st_11_12_2024_1_label,footpath,stationary,140,208,0,0.9194537997245789,7.255481243133545,,0.06636905670166016,False,0,,,,,,no_matching_depth_map
footpath1_p1_oj+mk+gl_1walk+check_st_11_12_2024_1_label,footpath,stationary,141,209,0,0.9224237203598022,7.3717498779296875,,0.0671091079711914,False,0,,,,,,no_matching_depth_map
footpath1_p1_oj+mk+gl_1walk+check_st_11_12_2024_1_label,footpath,stationary,142,210,0,0.9240803122520447,7.4637274742126465,1731407180_970485459.npy,0.0,False,0,,,,,,too_few_valid_depth_pixels
footpath1_p1_oj+mk+gl_1walk+check_st_11_12_2024_1_label,footpath,stationary,143,211,0,0.9215819239616394,7.770967483520508,1731407181_170460459.npy,0.0,False,0,,,,,,too_few_valid_depth_pixels
footpath1_p1_oj+mk+gl_1walk+check_st_11_12_2024_1_label,footpath,stationary,144,212,0,0.9208441972732544,7.9316205978393555,1731407181_304451459.npy,0.0,False,0,,,,,,too_few_valid_depth_pixels
footpath1_p1_oj+mk+gl_1walk+check_st_11_12_2024_1_label,footpath,stationary,145,214,0,0.919579029083252,8.033608436584473,1731407181_437579459.npy,0.0,False,0,,,,,,too_few_valid_depth_pixels
footpath1_p1_oj+mk+gl_1walk+check_st_11_12_2024_1_label,footpath,stationary,146,215,0,0.9143823981285095,8.160444259643555,1731407181_507855459.npy,0.0,False,0,,,,,,too_few_valid_depth_pixels
footpath1_p1_oj+mk+gl_1walk+check_st_11_12_2024_1_label,footpath,stationary,147,218,0,0.8956109881401062,8.420500755310059,1731407181_704871459.npy,0.0,False,0,,,,,,too_few_valid_depth_pixels
footpath1_p1_oj+mk+gl_1walk+check_st_11_12_2024_1_label,footpath,stationary,148,220,0,0.906201958656311,8.569181442260742,,0.06601405143737793,False,0,,,,,,no_matching_depth_map
footpath1_p1_oj+mk+gl_1walk+check_st_11_12_2024_1_label,footpath,stationary,149,221,0,0.9043431878089905,8.654000282287598,1731407181_973042459.npy,0.0,False,0,,,,,,too_few_valid_depth_pixels
footpath1_p1_oj+mk+gl_1walk+check_st_11_12_2024_1_label,footpath,stationary,150,222,0,0.9032854437828064,8.779117584228516,1731407182_038841459.npy,0.0,False,0,,,,,,too_few_valid_depth_pixels
footpath1_p1_oj+mk+gl_1walk+check_st_11_12_2024_1_label,footpath,stationary,151,224,0,0.8962108492851257,8.951665878295898,1731407182_238957459.npy,0.0,False,0,,,,,,too_few_valid_depth_pixels
footpath1_p1_oj+mk+gl_1walk+check_st_11_12_2024_1_label,footpath,stationary,152,224,0,0.8962108492851257,9.101533889770508,1731407182_238957459.npy,0.0,False,0,,,,,,too_few_valid_depth_pixels
footpath1_p1_oj+mk+gl_1walk+check_st_11_12_2024_1_label,footpath,stationary,153,225,0,0.8812639713287354,9.392572402954102,,0.06463909149169922,False,0,,,,,,no_matching_depth_map
footpath1_p1_oj+mk+gl_1walk+check_st_11_12_2024_1_label,footpath,stationary,154,226,0,0.8808008432388306,9.440363883972168,1731407182_706278459.npy,0.0,False,0,,,,,,too_few_valid_depth_pixels
footpath1_p1_oj+mk+gl_1walk+check_st_11_12_2024_1_label,footpath,stationary,155,227,0,0.877228856086731,9.453499794006348,1731407182_841023459.npy,0.0,False,0,,,,,,too_few_valid_depth_pixels
footpath1_p1_oj+mk+gl_1walk+check_st_11_12_2024_1_label,footpath,stationary,156,228,0,0.8727502226829529,9.482833862304688,,0.06571006774902344,False,0,,,,,,no_matching_depth_map
footpath1_p1_oj+mk+gl_1walk+check_st_11_12_2024_1_label,footpath,stationary,157,229,0,0.8800196647644043,9.65666675567627,,0.06582403182983398,False,0,,,,,,no_matching_depth_map
footpath1_p1_oj+mk+gl_1walk+check_st_11_12_2024_1_label,footpath,stationary,158,230,0,0.8932613134384155,9.582099914550781,1731407183_307525459.npy,0.0,False,0,,,,,,too_few_valid_depth_pixels
footpath1_p1_oj+mk+gl_1walk+check_st_11_12_2024_1_label,footpath,stationary,159,231,0,0.8878288865089417,9.509284973144531,1731407183_443974459.npy,0.0,False,0,,,,,,too_few_valid_depth_pixels
footpath1_p1_oj+mk+gl_1walk+check_st_11_12_2024_1_label,footpath,stationary,160,233,0,0.897479772567749,9.39564323425293,,0.06511807441711426,False,0,,,,,,no_matching_depth_map
footpath1_p1_oj+mk+gl_1walk+check_st_11_12_2024_1_label,footpath,stationary,161,237,0,0.8972705006599426,8.826666831970215,1731407184_108620459.npy,0.0,False,0,,,,,,too_few_valid_depth_pixels
footpath1_p1_oj+mk+gl_1walk+check_st_11_12_2024_1_label,footpath,stationary,162,239,0,0.8917825818061829,8.56511116027832,1731407184_308801459.npy,0.0,False,0,,,,,,too_few_valid_depth_pixels
footpath1_p1_oj+mk+gl_1walk+check_st_11_12_2024_1_label,footpath,stationary,163,240,0,0.8994548916816711,8.43761920928955,1731407184_442614459.npy,0.0,False,0,,,,,,too_few_valid_depth_pixels
footpath1_p1_oj+mk+gl_1walk+check_st_11_12_2024_1_label,footpath,stationary,164,240,0,0.8994548916816711,8.308524131774902,1731407184_442614459.npy,0.0,False,0,,,,,,too_few_valid_depth_pixels
footpath1_p1_oj+mk+gl_1walk+check_st_11_12_2024_1_label,footpath,stationary,165,241,0,0.9019575119018555,8.187408447265625,1731407184_709550459.npy,0.0,False,0,,,,,,too_few_valid_depth_pixels
footpath1_p1_oj+mk+gl_1walk+check_st_11_12_2024_1_label,footpath,stationary,166,243,0,0.9096372127532959,7.731166839599609,,0.06577110290527344,False,0,,,,,,no_matching_depth_map
footpath1_p1_oj+mk+gl_1walk+check_st_11_12_2024_1_label,footpath,stationary,167,244,0,0.9032285809516907,7.6060357093811035,1731407184_976751459.npy,0.0,False,0,,,,,,too_few_valid_depth_pixels
footpath1_p1_oj+mk+gl_1walk+check_st_11_12_2024_1_label,footpath,stationary,168,245,0,0.9075851440429688,7.491588592529297,,0.13360810279846191,False,0,,,,,,no_matching_depth_map
footpath1_p1_oj+mk+gl_1walk+check_st_11_12_2024_1_label,footpath,stationary,169,245,0,0.9075851440429688,7.322185516357422,,0.13360810279846191,False,0,,,,,,no_matching_depth_map
footpath1_p1_oj+mk+gl_1walk+check_st_11_12_2024_1_label,footpath,stationary,170,247,0,0.9146169424057007,7.049470901489258,,0.06756114959716797,False,0,,,,,,no_matching_depth_map
footpath1_p1_oj+mk+gl_1walk+check_st_11_12_2024_1_label,footpath,stationary,171,247,0,0.9146169424057007,6.937285423278809,,0.06756114959716797,False,0,,,,,,no_matching_depth_map
footpath1_p1_oj+mk+gl_1walk+check_st_11_12_2024_1_label,footpath,stationary,172,248,0,0.9260266423225403,6.773638725280762,,0.2032310962677002,False,0,,,,,,no_matching_depth_map
footpath1_p1_oj+mk+gl_1walk+check_st_11_12_2024_1_label,footpath,stationary,173,249,0,0.922508716583252,6.649139404296875,,0.13653802871704102,False,0,,,,,,no_matching_depth_map
footpath1_p1_oj+mk+gl_1walk+check_st_11_12_2024_1_label,footpath,stationary,174,250,0,0.9224868416786194,6.495139122009277,,0.06926488876342773,False,0,,,,,,no_matching_depth_map
footpath1_p1_oj+mk+gl_1walk+check_st_11_12_2024_1_label,footpath,stationary,175,252,0,0.919508695602417,6.347224712371826,1731407185_911578459.npy,0.0,True,374,5.902134895324707,0.06505084037780762,0.44508981704711914,0.44508981704711914,0.07541166458253788,
footpath1_p1_oj+mk+gl_1walk+check_st_11_12_2024_1_label,footpath,stationary,176,253,0,0.9170589447021484,6.23763370513916,1731407185_978311459.npy,0.0,True,859,5.870710849761963,0.0978083610534668,0.36692285537719727,0.36692285537719727,0.06250058379081551,
footpath1_p1_oj+mk+gl_1walk+check_st_11_12_2024_1_label,footpath,stationary,177,255,0,0.9234159588813782,6.1516032218933105,1731407186_112179459.npy,0.0,True,1676,5.819167137145996,0.13247251510620117,0.33243608474731445,0.33243608474731445,0.05712777737990137,
footpath1_p1_oj+mk+gl_1walk+check_st_11_12_2024_1_label,footpath,stationary,178,256,0,0.9272330403327942,6.020859718322754,1731407186_246033459.npy,0.0,True,1994,5.674843788146973,0.16855645179748535,0.34601593017578125,0.34601593017578125,0.060973648455047096,
footpath1_p1_oj+mk+gl_1walk+check_st_11_12_2024_1_label,footpath,stationary,179,257,0,0.9279255867004395,5.873122215270996,1731407186_312587459.npy,0.0,True,2025,5.617757320404053,0.13498687744140625,0.25536489486694336,0.25536489486694336,0.04545673305243033,
footpath1_p1_oj+mk+gl_1walk+check_st_11_12_2024_1_label,footpath,stationary,180,258,0,0.9278082847595215,5.747636318206787,1731407186_380079459.npy,0.0,True,2233,5.528179168701172,0.15974092483520508,0.21945714950561523,0.21945714950561523,0.039697908263920466,
footpath1_p1_oj+mk+gl_1walk+check_st_11_12_2024_1_label,footpath,stationary,181,259,0,0.9280419945716858,5.5201921463012695,,0.13396191596984863,False,0,,,,,,no_matching_depth_map
footpath1_p1_oj+mk+gl_1walk+check_st_11_12_2024_1_label,footpath,stationary,182,260,0,0.916218101978302,5.3777079582214355,1731407186_779812459.npy,0.0,True,3385,5.110262870788574,0.23940563201904297,0.26744508743286133,0.26744508743286133,0.052334898261621396,
footpath1_p1_oj+mk+gl_1walk+check_st_11_12_2024_1_label,footpath,stationary,183,260,0,0.916218101978302,5.246861934661865,1731407186_779812459.npy,0.0,True,3385,5.110262870788574,0.23940563201904297,0.13659906387329102,0.13659906387329102,0.026730339970204343,
in_straw_3pick_diff_st_10_24_2024_5_a_label,polytunnel_straw,stationary,0,0,0,0.9126450419425964,4.684543609619141,1729759535_867983531.npy,0.0,True,3953,4.419963359832764,0.23018646240234375,0.26458024978637695,0.26458024978637695,0.05986028123916117,
in_straw_3pick_diff_st_10_24_2024_5_a_label,polytunnel_straw,stationary,1,1,0,0.913508415222168,4.671738624572754,1729759535_936938531.npy,0.0,True,3653,4.4120869636535645,0.17084169387817383,0.25965166091918945,0.25965166091918945,0.05885007776550644,
in_straw_3pick_diff_st_10_24_2024_5_a_label,polytunnel_straw,stationary,2,3,0,0.9168140888214111,4.737097263336182,1729759536_068664531.npy,0.0,True,3831,4.40419864654541,0.1860520839691162,0.3328986167907715,0.3328986167907715,0.07558664890192733,
in_straw_3pick_diff_st_10_24_2024_5_a_label,polytunnel_straw,stationary,3,4,0,0.9163352251052856,4.678183555603027,1729759536_136010531.npy,0.0,True,3882,4.412035942077637,0.18781423568725586,0.2661476135253906,0.2661476135253906,0.06032308372357936,
in_straw_3pick_diff_st_10_24_2024_5_a_label,polytunnel_straw,stationary,4,6,0,0.922027587890625,4.595797538757324,1729759536_268991531.npy,0.0,True,3731,4.407212734222412,0.15912532806396484,0.1885848045349121,0.1885848045349121,0.042790038944690315,
in_straw_3pick_diff_st_10_24_2024_5_a_label,polytunnel_straw,stationary,5,8,0,0.8949001431465149,4.490617752075195,1729759537_203648531.npy,0.0,True,3590,4.349347114562988,0.1013028621673584,0.14127063751220703,0.14127063751220703,0.03248088363404896,
in_straw_3pick_diff_st_10_24_2024_5_a_label,polytunnel_straw,stationary,6,9,0,0.9094359278678894,4.5226545333862305,1729759537_403821531.npy,0.0,True,3530,4.374176025390625,0.1692821979522705,0.14847850799560547,0.14847850799560547,0.03394433766125037,
in_straw_3pick_diff_st_10_24_2024_5_a_label,polytunnel_straw,stationary,7,9,0,0.9094359278678894,4.520271301269531,1729759537_403821531.npy,0.0,True,3530,4.374176025390625,0.1692821979522705,0.14609527587890625,0.14609527587890625,0.03339949627789832,
in_straw_3pick_diff_st_10_24_2024_5_a_label,polytunnel_straw,stationary,8,10,0,0.9086458086967468,4.490232467651367,1729759537_537461531.npy,0.0,True,3545,4.3789753913879395,0.17233896255493164,0.11125707626342773,0.11125707626342773,0.025407102419948566,
in_straw_3pick_diff_st_10_24_2024_5_a_label,polytunnel_straw,stationary,9,11,0,0.9137135148048401,4.50670862197876,1729759537_604360531.npy,0.0,True,3674,4.395120620727539,0.1942424774169922,0.1115880012512207,0.1115880012512207,0.025389064574238958,
in_straw_3pick_diff_st_10_24_2024_5_a_label,polytunnel_straw,stationary,10,12,0,0.908056914806366,4.498767852783203,1729759537_804747531.npy,0.0,True,3595,4.36655330657959,0.13843464851379395,0.13221454620361328,0.13221454620361328,0.030278926402751195,
in_straw_3pick_diff_st_10_24_2024_5_a_label,polytunnel_straw,stationary,11,12,0,0.908056914806366,4.560094356536865,1729759537_804747531.npy,0.0,True,3595,4.36655330657959,0.13843464851379395,0.1935410499572754,0.1935410499572754,0.04432352850602894,
in_straw_3pick_diff_st_10_24_2024_5_a_label,polytunnel_straw,stationary,12,15,0,0.8936644792556763,4.670591354370117,1729759539_409218531.npy,0.0,True,3008,4.559218406677246,0.11727023124694824,0.1113729476928711,0.1113729476928711,0.02442807906060363,
in_straw_3pick_diff_st_10_24_2024_5_a_label,polytunnel_straw,stationary,13,16,0,0.8953253626823425,4.710741996765137,1729759539_540685531.npy,0.0,True,3112,4.546469211578369,0.09933209419250488,0.16427278518676758,0.16427278518676758,0.03613194713128565,
in_straw_3pick_diff_st_10_24_2024_5_a_label,polytunnel_straw,stationary,14,18,0,0.8815143704414368,4.70557165145874,1729759540_675800531.npy,0.0,True,3277,4.596917629241943,0.2231426239013672,0.10865402221679688,0.10865402221679688,0.02363627782356294,
in_straw_3pick_diff_st_10_24_2024_5_a_label,polytunnel_straw,stationary,15,19,0,0.8882797956466675,4.849393844604492,1729759540_742787531.npy,0.0,True,3018,4.5981645584106445,0.19135594367980957,0.25122928619384766,0.25122928619384766,0.05463686281829919,
in_straw_3pick_diff_st_10_24_2024_5_a_label,polytunnel_straw,stationary,16,21,0,0.8947588205337524,4.721185207366943,1729759540_876634531.npy,0.0,True,3184,4.625785827636719,0.24295032024383545,0.09539937973022461,0.09539937973022461,0.02062338882190823,
in_straw_3pick_diff_st_10_24_2024_5_a_label,polytunnel_straw,stationary,17,22,0,0.8765584230422974,4.750081539154053,1729759540_945364531.npy,0.0,True,3088,4.5968828201293945,0.13496387004852295,0.1531987190246582,0.1531987190246582,0.03332665308626377,
in_straw_3pick_diff_st_10_24_2024_5_a_label,polytunnel_straw,stationary,18,24,0,0.8704481720924377,4.77396297454834,1729759541_076590531.npy,0.0,True,3081,4.581181526184082,0.14078807830810547,0.1927814483642578,0.1927814483642578,0.042081163399092826,
in_straw_3pick_diff_st_10_24_2024_5_a_label,polytunnel_straw,stationary,19,25,0,0.8613056540489197,4.951230049133301,1729759541_143376531.npy,0.0,True,2926,4.578197002410889,0.12698447704315186,0.3730330467224121,0.3730330467224121,0.08148033964592875,
in_straw_3pick_diff_st_10_24_2024_5_a_label,polytunnel_straw,stationary,20,27,0,0.8683464527130127,4.774425506591797,1729759541_276787531.npy,0.0,True,2904,4.58803653717041,0.13172543048858643,0.18638896942138672,0.18638896942138672,0.04062499675217033,
in_straw_3pick_diff_st_10_24_2024_5_a_label,polytunnel_straw,stationary,21,29,0,0.8844679594039917,4.727939128875732,1729759542_412511531.npy,0.0,True,3029,4.4912543296813965,0.18123674392700195,0.23668479919433594,0.23668479919433594,0.0526990416975843,
in_straw_3pick_diff_st_10_24_2024_5_a_label,polytunnel_straw,stationary,22,30,0,0.874578058719635,4.730632781982422,1729759542_479471531.npy,0.0,True,3019,4.503519535064697,0.1648566722869873,0.2271132469177246,0.2271132469177246,0.050430168038443274,
in_straw_3pick_diff_st_10_24_2024_5_a_label,polytunnel_straw,stationary,23,31,0,0.8769354224205017,4.572103023529053,1729759542_545652531.npy,0.0,True,3060,4.49177360534668,0.2038329839706421,0.08032941818237305,0.08032941818237305,0.017883674744148897,
in_straw_3pick_diff_st_10_24_2024_5_a_label,polytunnel_straw,stationary,24,33,0,0.8917100429534912,4.610298156738281,1729759542_680455531.npy,0.0,True,2971,4.511229038238525,0.1972813606262207,0.09906911849975586,0.09906911849975586,0.021960560561216556,
in_straw_3pick_diff_st_10_24_2024_5_a_label,polytunnel_straw,stationary,25,34,0,0.8867282271385193,4.585463047027588,1729759542_748029531.npy,0.0,True,2877,4.490618705749512,0.20480871200561523,0.09484434127807617,0.09484434127807617,0.021120550973665015,
in_straw_3pick_diff_st_10_24_2024_5_a_label,polytunnel_straw,stationary,26,36,0,0.8883624076843262,4.768839359283447,1729759542_879481531.npy,0.0,True,2864,4.455938339233398,0.22195804119110107,0.31290102005004883,0.31290102005004883,0.0702211288013201,
in_straw_3pick_diff_st_10_24_2024_5_a_label,polytunnel_straw,stationary,27,37,0,0.8825334906578064,4.600465297698975,1729759542_946145531.npy,0.0,True,2858,4.502734184265137,0.17461681365966797,0.09773111343383789,0.09773111343383789,0.021704837424194514,
in_straw_3pick_diff_st_10_24_2024_5_a_label,polytunnel_straw,stationary,28,39,0,0.8887962102890015,4.572754859924316,1729759543_081327531.npy,0.0,True,2662,4.523307800292969,0.16840052604675293,0.049447059631347656,0.049447059631347656,0.010931615051300518,
in_straw_3pick_diff_st_10_24_2024_5_a_label,polytunnel_straw,stationary,29,40,0,0.9023394584655762,5.043468952178955,1729759544_282747531.npy,0.0,True,2840,4.664319038391113,0.13383078575134277,0.3791499137878418,0.3791499137878418,0.08128730274818934,
in_straw_3pick_diff_st_10_24_2024_5_a_label,polytunnel_straw,stationary,30,41,0,0.9073633551597595,4.887268543243408,1729759544_349671531.npy,0.0,True,2871,4.684678554534912,0.13101434707641602,0.2025899887084961,0.2025899887084961,0.04324522725521537,
in_straw_3pick_diff_st_10_24_2024_5_a_label,polytunnel_straw,stationary,31,43,0,0.9089275002479553,4.891563892364502,1729759544_482236531.npy,0.0,True,2892,4.6748762130737305,0.12074899673461914,0.21668767929077148,0.21668767929077148,0.04635153304910706,
in_straw_3pick_diff_st_10_24_2024_5_a_label,polytunnel_straw,stationary,32,44,0,0.9009350538253784,4.886229038238525,1729759544_548849531.npy,0.0,True,2702,4.6882171630859375,0.1443713903427124,0.1980118751525879,0.1980118751525879,0.042236071466930515,
in_straw_3pick_diff_st_10_24_2024_5_a_label,polytunnel_straw,stationary,33,46,0,0.8752131462097168,4.849735736846924,1729759544_683043531.npy,0.0,True,2455,4.734013080596924,0.17549657821655273,0.11572265625,0.11572265625,0.02444493800076451,
in_straw_3pick_diff_st_10_24_2024_5_a_label,polytunnel_straw,stationary,34,47,0,0.9028902649879456,4.901365756988525,1729759544_816183531.npy,0.0,True,2735,4.660417079925537,0.12634563446044922,0.24094867706298828,0.24094867706298828,0.051701097333296635,
in_straw_3pick_diff_st_10_24_2024_5_a_label,polytunnel_straw,stationary,35,48,0,0.909092366695404,4.906175136566162,1729759544_882797531.npy,0.0,True,2660,4.646521091461182,0.14209747314453125,0.25965404510498047,0.25965404510498047,0.05588138738510011,
in_straw_3pick_diff_st_10_24_2024_5_a_label,polytunnel_straw,stationary,36,49,0,0.8745439648628235,5.072581768035889,1729759546_151736531.npy,0.0,True,2441,4.873406887054443,0.16317987442016602,0.1991748809814453,0.1991748809814453,0.040869741763308716,
in_straw_3pick_diff_st_10_24_2024_5_a_label,polytunnel_straw,stationary,37,50,0,0.8787794709205627,5.239226818084717,1729759546_285871531.npy,0.0,True,2419,4.884079933166504,0.17330622673034668,0.3551468849182129,0.3551468849182129,0.07271520732216188,
in_straw_3pick_diff_st_10_24_2024_5_a_label,polytunnel_straw,stationary,38,51,0,0.8931812047958374,5.253686428070068,1729759546_352585531.npy,0.0,True,2525,4.927134037017822,0.23354053497314453,0.3265523910522461,0.3265523910522461,0.06627633601985261,
in_straw_3pick_diff_st_10_24_2024_5_a_label,polytunnel_straw,stationary,39,53,0,0.888155460357666,5.053482532501221,1729759546_488678531.npy,0.0,True,2475,4.907832145690918,0.1501021385192871,0.14565038681030273,0.14565038681030273,0.029677132894242102,
in_straw_3pick_diff_st_10_24_2024_5_a_label,polytunnel_straw,stationary,40,54,0,0.883208155632019,5.072625160217285,1729759546_557486531.npy,0.0,True,2461,4.889453887939453,0.13817214965820312,0.18317127227783203,0.18317127227783203,0.037462521679496874,
in_straw_3pick_diff_st_10_24_2024_5_a_label,polytunnel_straw,stationary,41,56,0,0.8777586817741394,5.043800354003906,1729759546_688702531.npy,0.0,True,2376,4.895977020263672,0.1478748321533203,0.14782333374023438,0.14782333374023438,0.03019281608725226,
in_straw_3pick_diff_st_10_24_2024_5_a_label,polytunnel_straw,stationary,42,57,0,0.878115177154541,5.005713939666748,1729759546_755296531.npy,0.0,True,2297,4.899932861328125,0.15369462966918945,0.10578107833862305,0.10578107833862305,0.021588270968666116,
in_straw_3pick_diff_st_10_24_2024_5_a_label,polytunnel_straw,stationary,43,58,0,0.8869508504867554,5.079939842224121,1729759546_889632531.npy,0.0,True,2551,4.905575752258301,0.14602303504943848,0.1743640899658203,0.1743640899658203,0.035544062261305645,
in_straw_3pick_diff_st_10_24_2024_5_a_label,polytunnel_straw,stationary,44,59,0,0.8656139969825745,5.26669979095459,,0.1365349292755127,False,0,,,,,,no_matching_depth_map
in_straw_3pick_diff_st_10_24_2024_5_a_label,polytunnel_straw,stationary,44,59,1,0.7783820629119873,2.028272867202759,,0.1365349292755127,False,0,,,,,,no_matching_depth_map
in_straw_3pick_diff_st_10_24_2024_5_a_label,polytunnel_straw,stationary,45,60,0,0.860477089881897,5.022674083709717,1729759548_225001531.npy,0.0,True,2352,4.919415473937988,0.10190248489379883,0.10325860977172852,0.10325860977172852,0.02099001605348655,
in_straw_3pick_diff_st_10_24_2024_5_a_label,polytunnel_straw,stationary,45,60,1,0.7908636331558228,2.037304401397705,1729759548_225001531.npy,0.0,True,3107,1.2594847679138184,0.018365561962127686,0.7778196334838867,0.7778196334838867,0.6175697025476928,
in_straw_3pick_diff_st_10_24_2024_5_a_label,polytunnel_straw,stationary,46,61,0,0.8844126462936401,5.070471286773682,1729759548_289465531.npy,0.0,True,2544,4.928266525268555,0.12813150882720947,0.14220476150512695,0.14220476150512695,0.028854925109266048,
in_straw_3pick_diff_st_10_24_2024_5_a_label,polytunnel_straw,stationary,46,61,1,0.7981351613998413,2.0442779064178467,1729759548_289465531.npy,0.0,True,2997,1.259312629699707,0.01917576789855957,0.7849652767181396,0.7849652767181396,0.6233283604130301,
in_straw_3pick_diff_st_10_24_2024_5_a_label,polytunnel_straw,stationary,47,62,0,0.891177773475647,5.2627387046813965,1729759548_355606531.npy,0.0,True,2610,4.9305500984191895,0.12910616397857666,0.33218860626220703,0.33218860626220703,0.0673735383742905,
in_straw_3pick_diff_st_10_24_2024_5_a_label,polytunnel_straw,stationary,47,62,1,0.7995252013206482,1.8546539545059204,1729759548_355606531.npy,0.0,True,2913,1.2597956657409668,0.017569541931152344,0.5948582887649536,0.5948582887649536,0.4721863274669065,
in_straw_3pick_diff_st_10_24_2024_5_a_label,polytunnel_straw,stationary,48,63,0,0.8975688815116882,5.113725662231445,1729759548_555637531.npy,0.0,True,2694,4.942869186401367,0.13721179962158203,0.17085647583007812,0.17085647583007812,0.03456625481817968,
in_straw_3pick_diff_st_10_24_2024_5_a_label,polytunnel_straw,stationary,48,63,1,0.7945401668548584,2.073777914047241,1729759548_555637531.npy,0.0,True,3020,1.2564098834991455,0.01728639006614685,0.8173680305480957,0.8173680305480957,0.6505584214855881,
in_straw_3pick_diff_st_10_24_2024_5_a_label,polytunnel_straw,stationary,49,63,0,0.8975688815116882,5.1814117431640625,1729759548_555637531.npy,0.0,True,2694,4.942869186401367,0.13721179962158203,0.2385425567626953,0.2385425567626953,0.04825993724838288,
in_straw_3pick_diff_st_10_24_2024_5_a_label,polytunnel_straw,stationary,49,63,1,0.7945401668548584,2.099250078201294,1729759548_555637531.npy,0.0,True,3020,1.2564098834991455,0.01728639006614685,0.8428401947021484,0.8428401947021484,0.6708321908092676,
in_straw_3pick_diff_st_10_24_2024_5_a_label,polytunnel_straw,stationary,50,65,0,0.8819267749786377,5.075767517089844,1729759548_689140531.npy,0.0,True,2621,4.927691459655762,0.14688587188720703,0.14807605743408203,0.14807605743408203,0.030049782671341667,
in_straw_3pick_diff_st_10_24_2024_5_a_label,polytunnel_straw,stationary,50,65,1,0.7777249217033386,2.0609259605407715,1729759548_689140531.npy,0.0,True,3168,1.249934434890747,0.015811413526535034,0.8109915256500244,0.8109915256500244,0.6488272528637957,
in_straw_3pick_diff_st_10_24_2024_5_a_label,polytunnel_straw,stationary,51,65,0,0.8819267749786377,5.099884986877441,1729759548_689140531.npy,0.0,True,2621,4.927691459655762,0.14688587188720703,0.1721935272216797,0.1721935272216797,0.03494405618360464,
in_straw_3pick_diff_st_10_24_2024_5_a_label,polytunnel_straw,stationary,51,65,1,0.7777249217033386,2.1304118633270264,1729759548_689140531.npy,0.0,True,3168,1.249934434890747,0.015811413526535034,0.8804774284362793,0.8804774284362793,0.7044188909902616,
in_straw_3pick_diff_st_10_24_2024_5_a_label,polytunnel_straw,stationary,52,66,0,0.855618417263031,5.20457124710083,1729759549_957691531.npy,0.0,True,2585,4.848851203918457,0.1830887794494629,0.35572004318237305,0.35572004318237305,0.0733617156358414,
in_straw_3pick_diff_st_10_24_2024_5_a_label,polytunnel_straw,stationary,52,66,1,0.8000497221946716,2.1942532062530518,1729759549_957691531.npy,0.0,True,2629,1.2640053033828735,0.02477443218231201,0.9302479028701782,0.9302479028701782,0.7359525315127586,
in_straw_3pick_diff_st_10_24_2024_5_a_label,polytunnel_straw,stationary,53,68,0,0.8684501051902771,5.036483287811279,1729759550_091927531.npy,0.0,True,2572,4.842054843902588,0.1352940797805786,0.1944284439086914,0.1944284439086914,0.04015411848412407,
in_straw_3pick_diff_st_10_24_2024_5_a_label,polytunnel_straw,stationary,53,68,1,0.8424334526062012,2.287966251373291,1729759550_091927531.npy,0.0,True,3254,1.2644624710083008,0.019636869430541992,1.0235037803649902,1.0235037803649902,0.8094378471737745,
in_straw_3pick_diff_st_10_24_2024_5_a_label,polytunnel_straw,stationary,54,69,0,0.868251383304596,5.178205966949463,1729759550_160290531.npy,0.0,True,2645,4.831793785095215,0.18233346939086914,0.34641218185424805,0.34641218185424805,0.0716943224942332,
in_straw_3pick_diff_st_10_24_2024_5_a_label,polytunnel_straw,stationary,54,69,1,0.8487758636474609,2.2876670360565186,1729759550_160290531.npy,0.0,True,3381,1.264525294303894,0.01802372932434082,1.0231417417526245,1.0231417417526245,0.8091113292564478,
in_straw_3pick_diff_st_10_24_2024_5_a_label,polytunnel_straw,stationary,55,71,0,0.8753439784049988,5.224889755249023,1729759550_292211531.npy,0.0,True,2584,4.8155388832092285,0.1438140869140625,0.4093508720397949,0.4093508720397949,0.08500624373880883,
in_straw_3pick_diff_st_10_24_2024_5_a_label,polytunnel_straw,stationary,55,71,1,0.842953085899353,2.173046827316284,1729759550_292211531.npy,0.0,True,3448,1.2644931077957153,0.018297910690307617,0.9085537195205688,0.9085537195205688,0.718512195850853,
in_straw_3pick_diff_st_10_24_2024_5_a_label,polytunnel_straw,stationary,56,72,0,0.8761725425720215,5.145428657531738,1729759550_358653531.npy,0.0,True,2466,4.821834087371826,0.11603975296020508,0.3235945701599121,0.3235945701599121,0.06711026640410382,
in_straw_3pick_diff_st_10_24_2024_5_a_label,polytunnel_straw,stationary,56,72,1,0.8460723161697388,2.217611074447632,1729759550_358653531.npy,0.0,True,3593,1.2648093700408936,0.016255974769592285,0.9528017044067383,0.9528017044067383,0.753316449874128,
in_straw_3pick_diff_st_10_24_2024_5_a_label,polytunnel_straw,stationary,57,74,0,0.8782988786697388,5.043862342834473,1729759550_492412531.npy,0.0,True,2538,4.849123954772949,0.16173136234283447,0.19473838806152344,0.19473838806152344,0.0401594988863595,
in_straw_3pick_diff_st_10_24_2024_5_a_label,polytunnel_straw,stationary,57,74,1,0.85234135389328,2.187769889831543,1729759550_492412531.npy,0.0,True,3605,1.264082670211792,0.014447808265686035,0.923687219619751,0.923687219619751,0.7307174138104361,
in_straw_3pick_diff_st_10_24_2024_5_a_label,polytunnel_straw,stationary,58,75,0,0.8687861561775208,5.009288787841797,1729759550_558700531.npy,0.0,True,2427,4.864608287811279,0.179962158203125,0.14468050003051758,0.14468050003051758,0.029741449150803734,
in_straw_3pick_diff_st_10_24_2024_5_a_label,polytunnel_straw,stationary,58,75,1,0.8563593029975891,2.127896308898926,1729759550_558700531.npy,0.0,True,3610,1.2637672424316406,0.013007044792175293,0.8641290664672852,0.8641290664672852,0.6837723256733547,
in_straw_3pick_diff_st_10_24_2024_5_a_label,polytunnel_straw,stationary,59,77,0,0.8864779472351074,2.1827704906463623,1729759551_827448531.npy,0.0,True,3552,1.2666242122650146,0.016551941633224487,0.9161462783813477,0.9161462783813477,0.7232976201702855,
in_straw_3pick_diff_st_10_24_2024_5_a_label,polytunnel_straw,stationary,59,77,1,0.8677828907966614,5.041580677032471,1729759551_827448531.npy,0.0,True,2431,4.87481689453125,0.13473176956176758,0.1667637825012207,0.1667637825012207,0.034209240287220326,
in_straw_3pick_diff_st_10_24_2024_5_a_label,polytunnel_straw,stationary,60,78,0,0.8908597230911255,2.1115331649780273,1729759551_894250531.npy,0.0,True,3705,1.2668302059173584,0.017002224922180176,0.844702959060669,0.844702959060669,0.6667846686280964,
in_straw_3pick_diff_st_10_24_2024_5_a_label,polytunnel_straw,stationary,60,78,1,0.8662099838256836,5.09466028213501,1729759551_894250531.npy,0.0,True,2557,4.8937506675720215,0.16342735290527344,0.20090961456298828,0.20090961456298828,0.04105432176884224,
in_straw_3pick_diff_st_10_24_2024_5_a_label,polytunnel_straw,stationary,61,79,0,0.8895467519760132,2.208526611328125,1729759551_962076531.npy,0.0,True,3636,1.267902135848999,0.017405986785888672,0.940624475479126,0.940624475479126,0.7418746675186213,
in_straw_3pick_diff_st_10_24_2024_5_a_label,polytunnel_straw,stationary,61,79,1,0.8698671460151672,5.103346347808838,1729759551_962076531.npy,0.0,True,2624,4.920410633087158,0.1845327615737915,0.1829357147216797,0.1829357147216797,0.037178952807624184,
in_straw_3pick_diff_st_10_24_2024_5_a_label,polytunnel_straw,stationary,62,81,0,0.8854109048843384,2.1777563095092773,1729759552_094574531.npy,0.0,True,3642,1.2683025598526,0.017215251922607422,0.9094537496566772,0.9094537496566772,0.717063718425651,
in_straw_3pick_diff_st_10_24_2024_5_a_label,polytunnel_straw,stationary,62,81,1,0.8664619326591492,5.11501932144165,1729759552_094574531.npy,0.0,True,2564,4.922575950622559,0.12755978107452393,0.1924433708190918,0.1924433708190918,0.03909403790809027,
in_straw_3pick_diff_st_10_24_2024_5_a_label,polytunnel_straw,stationary,63,82,0,0.8874883055686951,2.123629093170166,1729759552_161395531.npy,0.0,True,3622,1.26780104637146,0.017109543085098267,0.855828046798706,0.855828046798706,0.6750491721458576,
in_straw_3pick_diff_st_10_24_2024_5_a_label,polytunnel_straw,stationary,63,82,1,0.8641535639762878,5.1202778816223145,1729759552_161395531.npy,0.0,True,2516,4.929610252380371,0.13777601718902588,0.19066762924194336,0.19066762924194336,0.03867803324814072,
in_straw_3pick_diff_st_10_24_2024_5_a_label,polytunnel_straw,stationary,64,84,0,0.8898694515228271,2.171605348587036,1729759552_294927531.npy,0.0,True,3658,1.2677555084228516,0.01672673225402832,0.9038498401641846,0.9038498401641846,0.7129528005668987,
in_straw_3pick_diff_st_10_24_2024_5_a_label,polytunnel_straw,stationary,64,84,1,0.8749304413795471,5.1136794090271,1729759552_294927531.npy,0.0,True,2609,4.942355155944824,0.11232614517211914,0.1713242530822754,0.1713242530822754,0.03466449651563406,
in_straw_3pick_diff_st_10_24_2024_5_a_label,polytunnel_straw,stationary,65,85,0,0.8865886926651001,2.190589666366577,1729759552_362527531.npy,0.0,True,3535,1.2666282653808594,0.01673257350921631,0.9239614009857178,0.9239614009857178,0.7294653263622647,
in_straw_3pick_diff_st_10_24_2024_5_a_label,polytunnel_straw,stationary,65,85,1,0.8820695877075195,5.13967227935791,1729759552_362527531.npy,0.0,True,2641,4.938271522521973,0.11826705932617188,0.2014007568359375,0.2014007568359375,0.040783653939928,
in_straw_3pick_diff_st_10_24_2024_5_a_label,polytunnel_straw,stationary,66,87,0,0.8885430693626404,2.141249895095825,,0.06515908241271973,False,0,,,,,,no_matching_depth_map
in_straw_3pick_diff_st_10_24_2024_5_a_label,polytunnel_straw,stationary,66,87,1,0.8866690397262573,5.191136360168457,,0.06515908241271973,False,0,,,,,,no_matching_depth_map
in_straw_3pick_diff_st_10_24_2024_5_a_label,polytunnel_straw,stationary,67,88,0,0.8859033584594727,5.123019695281982,1729759553_763926531.npy,0.0,True,2433,4.985750198364258,0.19029521942138672,0.1372694969177246,0.1372694969177246,0.027532365533026598,
in_straw_3pick_diff_st_10_24_2024_5_a_label,polytunnel_straw,stationary,67,88,1,0.6496592164039612,2.077540636062622,1729759553_763926531.npy,0.0,True,4094,1.2652795314788818,0.014840394258499146,0.8122611045837402,0.8122611045837402,0.6419617834442912,
in_straw_3pick_diff_st_10_24_2024_5_a_label,polytunnel_straw,stationary,68,88,0,0.8859033584594727,5.120692729949951,1729759553_763926531.npy,0.0,True,2433,4.985750198364258,0.19029521942138672,0.13494253158569336,0.13494253158569336,0.027065642323990835,
in_straw_3pick_diff_st_10_24_2024_5_a_label,polytunnel_straw,stationary,68,88,1,0.6496592164039612,2.256176710128784,1729759553_763926531.npy,0.0,True,4094,1.2652795314788818,0.014840394258499146,0.9908971786499023,0.9908971786499023,0.7831448735219194,
in_straw_3pick_diff_st_10_24_2024_5_a_label,polytunnel_straw,stationary,69,89,0,0.8924428224563599,2.2249197959899902,1729759553_902233531.npy,0.0,True,3263,1.2721189260482788,0.029463768005371094,0.9528008699417114,0.9528008699417114,0.7489872608856628,
in_straw_3pick_diff_st_10_24_2024_5_a_label,polytunnel_straw,stationary,69,89,1,0.8868054747581482,5.12235164642334,1729759553_902233531.npy,0.0,True,2403,4.971869945526123,0.17725324630737305,0.1504817008972168,0.1504817008972168,0.03026662051621562,
in_straw_3pick_diff_st_10_24_2024_5_a_label,polytunnel_straw,stationary,70,90,0,0.8874678611755371,5.121307373046875,,0.06307101249694824,False,0,,,,,,no_matching_depth_map
in_straw_3pick_diff_st_10_24_2024_5_a_label,polytunnel_straw,stationary,70,90,1,0.8775113224983215,2.314272165298462,,0.06307101249694824,False,0,,,,,,no_matching_depth_map
in_straw_3pick_diff_st_10_24_2024_5_a_label,polytunnel_straw,stationary,71,91,0,0.8867251873016357,5.196864128112793,1729759554_036071531.npy,0.0,True,2397,4.954117298126221,0.1588754653930664,0.24274682998657227,0.24274682998657227,0.04899900736673829,
in_straw_3pick_diff_st_10_24_2024_5_a_label,polytunnel_straw,stationary,71,91,1,0.8792589902877808,2.239098310470581,1729759554_036071531.npy,0.0,True,2313,1.271120309829712,0.017703890800476074,0.9679780006408691,0.9679780006408691,0.7615156434488457,
in_straw_3pick_diff_st_10_24_2024_5_a_label,polytunnel_straw,stationary,72,93,0,0.880231499671936,5.135926723480225,1729759554_231867531.npy,0.0,True,2539,4.912405014038086,0.12744808197021484,0.22352170944213867,0.22352170944213867,0.04550148222782628,
in_straw_3pick_diff_st_10_24_2024_5_a_label,polytunnel_straw,stationary,72,93,1,0.8678765892982483,2.351900339126587,1729759554_231867531.npy,0.0,True,2498,1.2674640417099,0.018705099821090698,1.084436297416687,1.084436297416687,0.8555953161035674,
in_straw_3pick_diff_st_10_24_2024_5_a_label,polytunnel_straw,stationary,73,94,0,0.8932620882987976,5.127552032470703,1729759554_298279531.npy,0.0,True,2691,4.9470438957214355,0.15314888954162598,0.18050813674926758,0.18050813674926758,0.036488080670839446,
in_straw_3pick_diff_st_10_24_2024_5_a_label,polytunnel_straw,stationary,73,94,1,0.870171844959259,2.3258748054504395,1729759554_298279531.npy,0.0,True,1740,1.2738449573516846,0.011402517557144165,1.0520298480987549,1.0520298480987549,0.8258696178268964,
in_straw_3pick_diff_st_10_24_2024_5_a_label,polytunnel_straw,stationary,74,94,0,0.8932620882987976,5.087970733642578,1729759554_298279531.npy,0.0,True,2691,4.9470438957214355,0.15314888954162598,0.14092683792114258,0.14092683792114258,0.028487080545823818,
in_straw_3pick_diff_st_10_24_2024_5_a_label,polytunnel_straw,stationary,74,94,1,0.870171844959259,2.3326754570007324,1729759554_298279531.npy,0.0,True,1740,1.2738449573516846,0.011402517557144165,1.0588304996490479,1.0588304996490479,0.8312082985753224,
in_straw_3pick_diff_st_10_24_2024_5_a_label,polytunnel_straw,stationary,75,95,0,0.8975139856338501,4.653538227081299,1729759555_633699531.npy,0.0,True,3015,4.57526159286499,0.12476801872253418,0.0782766342163086,0.0782766342163086,0.017108668570640664,
in_straw_3pick_diff_st_10_24_2024_5_a_label,polytunnel_straw,stationary,75,95,1,0.7684674263000488,2.200272798538208,1729759555_633699531.npy,0.0,True,998,1.3248066902160645,1.0337026417255402,0.8754661083221436,0.8754661083221436,0.6608255489556463,
in_straw_3pick_diff_st_10_24_2024_5_a_label,polytunnel_straw,stationary,76,96,0,0.8992553353309631,4.726214408874512,1729759555_700642531.npy,0.0,True,2911,4.521483421325684,0.1008615493774414,0.20473098754882812,0.20473098754882812,0.045279605932692264,
in_straw_3pick_diff_st_10_24_2024_5_a_label,polytunnel_straw,stationary,76,96,1,0.7389626502990723,2.1941936016082764,1729759555_700642531.npy,0.0,True,1754,1.256134033203125,0.04112488031387329,0.9380595684051514,0.9380595684051514,0.7467830212458395,
in_straw_3pick_diff_st_10_24_2024_5_a_label,polytunnel_straw,stationary,76,96,2,0.5323836803436279,2.194000244140625,1729759555_700642531.npy,0.0,True,657,1.2530674934387207,0.07450306415557861,0.9409327507019043,0.9409327507019043,0.7509034873450886,
in_straw_3pick_diff_st_10_24_2024_5_a_label,polytunnel_straw,stationary,77,97,0,0.9070551991462708,4.654353618621826,1729759555_770306531.npy,0.0,True,2835,4.548730373382568,0.0977621078491211,0.10562324523925781,0.10562324523925781,0.02322037943979372,
in_straw_3pick_diff_st_10_24_2024_5_a_label,polytunnel_straw,stationary,77,97,1,0.7365261316299438,2.1483078002929688,1729759555_770306531.npy,0.0,True,2037,1.2516279220581055,0.05663430690765381,0.8966798782348633,0.8966798782348633,0.7164108937106597,
in_straw_3pick_diff_st_10_24_2024_5_a_label,polytunnel_straw,stationary,77,97,2,0.5312761068344116,2.2105002403259277,1729759555_770306531.npy,0.0,True,883,1.2506005764007568,0.9724881649017334,0.9598996639251709,0.9598996639251709,0.767550952749257,
in_straw_3pick_diff_st_10_24_2024_5_a_label,polytunnel_straw,stationary,78,98,0,0.9110603332519531,4.663749694824219,1729759555_834362531.npy,0.0,True,2952,4.54543399810791,0.12884974479675293,0.1183156967163086,0.1183156967163086,0.02602957094208361,
in_straw_3pick_diff_st_10_24_2024_5_a_label,polytunnel_straw,stationary,78,98,1,0.7462865710258484,2.1920833587646484,1729759555_834362531.npy,0.0,True,1993,1.2579216957092285,0.9500100612640381,0.9341616630554199,0.9341616630554199,0.7426230632970604,
in_straw_3pick_diff_st_10_24_2024_5_a_label,polytunnel_straw,stationary,79,100,0,0.9134194850921631,4.662531852722168,1729759555_970224531.npy,0.0,True,2950,4.536636829376221,0.13657736778259277,0.12589502334594727,0.12589502334594727,0.027750738725818968,
in_straw_3pick_diff_st_10_24_2024_5_a_label,polytunnel_straw,stationary,79,100,1,0.7335837483406067,2.2101666927337646,1729759555_970224531.npy,0.0,True,1992,1.2544739246368408,0.8967972099781036,0.9556927680969238,0.9556927680969238,0.761827527322729,
in_straw_3pick_diff_st_10_24_2024_5_a_label,polytunnel_straw,stationary,79,100,2,0.5471033453941345,2.0264999866485596,1729759555_970224531.npy,0.0,True,931,1.2776048183441162,1.008517563343048,0.7488951683044434,0.7488951683044434,0.5861712147227769,
in_straw_3pick_diff_st_10_24_2024_5_a_label,polytunnel_straw,stationary,80,101,0,0.9139577746391296,4.775060653686523,1729759556_034297531.npy,0.0,True,3002,4.540040969848633,0.12940311431884766,0.23501968383789062,0.23501968383789062,0.0517659830381941,
in_straw_3pick_diff_st_10_24_2024_5_a_label,polytunnel_straw,stationary,80,101,1,0.7336540818214417,2.1499545574188232,1729759556_034297531.npy,0.0,True,1933,1.2508882284164429,0.028787970542907715,0.8990663290023804,0.8990663290023804,0.7187423373074266,
in_straw_3pick_diff_st_10_24_2024_5_a_label,polytunnel_straw,stationary,81,103,0,0.9110498428344727,4.691812515258789,1729759556_168040531.npy,0.0,True,2880,4.545595169067383,0.11752879619598389,0.14621734619140625,0.14621734619140625,0.03216682101090088,
in_straw_3pick_diff_st_10_24_2024_5_a_label,polytunnel_straw,stationary,81,103,1,0.7092546224594116,2.134800434112549,1729759556_168040531.npy,0.0,True,1914,1.2544478178024292,0.9023732542991638,0.8803526163101196,0.8803526163101196,0.7017849637239928,
in_straw_3pick_diff_st_10_24_2024_5_a_label,polytunnel_straw,stationary,82,104,0,0.9060744643211365,4.786392688751221,1729759556_236065531.npy,0.0,True,2836,4.543534278869629,0.11205124855041504,0.2428584098815918,0.2428584098815918,0.05345143119334223,
in_straw_3pick_diff_st_10_24_2024_5_a_label,polytunnel_straw,stationary,82,104,1,0.7137272953987122,2.2807812690734863,1729759556_236065531.npy,0.0,True,1932,1.2533842325210571,0.9159925878047943,1.0273970365524292,1.0273970365524292,0.8196983892847628,
in_straw_3pick_diff_st_10_24_2024_5_a_label,polytunnel_straw,stationary,83,105,0,0.9030303955078125,5.262099742889404,1729759557_640582531.npy,0.0,True,2367,5.2071614265441895,0.20957398414611816,0.054938316345214844,0.054938316345214844,0.010550530672077797,
in_straw_3pick_diff_st_10_24_2024_5_a_label,polytunnel_straw,stationary,83,105,1,0.6927631497383118,2.4775750637054443,1729759557_640582531.npy,0.0,True,2984,1.2571282386779785,0.028706878423690796,1.2204468250274658,1.2204468250274658,0.9708212634781893,
in_straw_3pick_diff_st_10_24_2024_5_a_label,polytunnel_straw,stationary,84,105,0,0.9030303955078125,5.406562328338623,1729759557_640582531.npy,0.0,True,2367,5.2071614265441895,0.20957398414611816,0.1994009017944336,0.1994009017944336,0.03829358943587984,
in_straw_3pick_diff_st_10_24_2024_5_a_label,polytunnel_straw,stationary,84,105,1,0.6927631497383118,2.3080272674560547,1729759557_640582531.npy,0.0,True,2984,1.2571282386779785,0.028706878423690796,1.0508990287780762,1.0508990287780762,0.835952129977784,
in_straw_3pick_diff_st_10_24_2024_5_a_label,polytunnel_straw,stationary,85,107,0,0.8961658477783203,5.462850093841553,1729759557_772697531.npy,0.0,True,2252,5.209672927856445,0.16104578971862793,0.2531771659851074,0.2531771659851074,0.048597516483492344,
in_straw_3pick_diff_st_10_24_2024_5_a_label,polytunnel_straw,stationary,85,107,1,0.748669445514679,2.450395345687866,1729759557_772697531.npy,0.0,True,1595,1.2503387928009033,0.03488349914550781,1.200056552886963,1.200056552886963,0.9597851076816529,
in_straw_3pick_diff_st_10_24_2024_5_a_label,polytunnel_straw,stationary,86,107,0,0.8961658477783203,5.366177558898926,1729759557_772697531.npy,0.0,True,2252,5.209672927856445,0.16104578971862793,0.15650463104248047,0.15650463104248047,0.030041162508617474,
in_straw_3pick_diff_st_10_24_2024_5_a_label,polytunnel_straw,stationary,86,107,1,0.748669445514679,2.5264525413513184,1729759557_772697531.npy,0.0,True,1595,1.2503387928009033,0.03488349914550781,1.276113748550415,1.276113748550415,1.0206143773974834,
in_straw_3pick_diff_st_10_24_2024_5_a_label,polytunnel_straw,stationary,87,108,0,0.8999025225639343,5.421318054199219,1729759557_970929531.npy,0.0,True,2304,5.137836456298828,0.18786323070526123,0.2834815979003906,0.2834815979003906,0.055175286389828736,
in_straw_3pick_diff_st_10_24_2024_5_a_label,polytunnel_straw,stationary,87,108,1,0.7986415028572083,2.5124454498291016,1729759557_970929531.npy,0.0,True,856,2.7713913917541504,3.6023223102092743,-0.25894594192504883,0.25894594192504883,0.09343535622413446,
in_straw_3pick_diff_st_10_24_2024_5_a_label,polytunnel_straw,stationary,88,109,0,0.8972561955451965,5.444580078125,1729759558_040585531.npy,0.0,True,2345,5.240771770477295,0.10851144790649414,0.20380830764770508,0.20380830764770508,0.038888987457117136,
in_straw_3pick_diff_st_10_24_2024_5_a_label,polytunnel_straw,stationary,88,109,1,0.821948766708374,2.3212473392486572,1729759558_040585531.npy,0.0,True,962,2.6528120040893555,3.6118561029434204,-0.33156466484069824,0.33156466484069824,0.12498611448138262,
in_straw_3pick_diff_st_10_24_2024_5_a_label,polytunnel_straw,stationary,89,111,0,0.8993247151374817,5.498583793640137,1729759558_171119531.npy,0.0,True,2223,5.313045501708984,0.15812945365905762,0.18553829193115234,0.18553829193115234,0.034921269142429226,
in_straw_3pick_diff_st_10_24_2024_5_a_label,polytunnel_straw,stationary,89,111,1,0.8510137796401978,2.2973079681396484,1729759558_171119531.npy,0.0,True,914,1.2575186491012573,1.5315833389759064,1.0397893190383911,1.0397893190383911,0.8268579712766277,
in_straw_3pick_diff_st_10_24_2024_5_a_label,polytunnel_straw,stationary,90,112,0,0.8981214761734009,5.528660297393799,,0.06722712516784668,False,0,,,,,,no_matching_depth_map
in_straw_3pick_diff_st_10_24_2024_5_a_label,polytunnel_straw,stationary,90,112,1,0.7550601363182068,2.3216440677642822,,0.06722712516784668,False,0,,,,,,no_matching_depth_map
in_straw_3pick_diff_st_10_24_2024_5_a_label,polytunnel_straw,stationary,91,115,0,0.8750855922698975,5.896486759185791,1729759559_573512531.npy,0.0,True,1731,5.534121990203857,0.14434409141540527,0.3623647689819336,0.3623647689819336,0.06547827634146268,
in_straw_3pick_diff_st_10_24_2024_5_a_label,polytunnel_straw,stationary,91,115,1,0.8646268248558044,2.2937307357788086,1729759559_573512531.npy,0.0,True,3881,1.2662137746810913,0.017073750495910645,1.0275169610977173,1.0275169610977173,0.8114877453110221,
in_straw_3pick_diff_st_10_24_2024_5_a_label,polytunnel_straw,stationary,92,116,0,0.8725249171257019,5.850090980529785,,0.06690812110900879,False,0,,,,,,no_matching_depth_map
in_straw_3pick_diff_st_10_24_2024_5_a_label,polytunnel_straw,stationary,92,116,1,0.8724627494812012,2.3487894535064697,,0.06690812110900879,False,0,,,,,,no_matching_depth_map
in_straw_3pick_diff_st_10_24_2024_5_a_label,polytunnel_straw,stationary,93,117,0,0.8782086968421936,2.2954819202423096,1729759559_907366531.npy,0.0,True,2031,1.2592171430587769,0.0285646915435791,1.0362647771835327,1.0362647771835327,0.8229436701173967,
in_straw_3pick_diff_st_10_24_2024_5_a_label,polytunnel_straw,stationary,93,117,1,0.865553081035614,5.800108432769775,1729759559_907366531.npy,0.0,True,1743,5.555790424346924,0.15050816535949707,0.24431800842285156,0.24431800842285156,0.043975382396028884,
in_straw_3pick_diff_st_10_24_2024_5_a_label,polytunnel_straw,stationary,94,118,0,0.8762884736061096,5.82822847366333,1729759559_975437531.npy,0.0,True,1739,5.515995502471924,0.11987018585205078,0.31223297119140625,0.31223297119140625,0.056605008298408324,
in_straw_3pick_diff_st_10_24_2024_5_a_label,polytunnel_straw,stationary,94,118,1,0.8713207840919495,2.284071683883667,1729759559_975437531.npy,0.0,True,2223,1.2626067399978638,0.03215765953063965,1.0214649438858032,1.0214649438858032,0.8090127444492585,
in_straw_3pick_diff_st_10_24_2024_5_a_label,polytunnel_straw,stationary,95,119,0,0.8796916604042053,5.732943534851074,1729759560_043066531.npy,0.0,True,1723,5.504098892211914,0.12319588661193848,0.22884464263916016,0.22884464263916016,0.04157713135622734,
in_straw_3pick_diff_st_10_24_2024_5_a_label,polytunnel_straw,stationary,95,119,1,0.8701044917106628,2.296361207962036,1729759560_043066531.npy,0.0,True,2232,1.263655424118042,0.03015807271003723,1.0327057838439941,1.0327057838439941,0.8172368543938809,
in_straw_3pick_diff_st_10_24_2024_5_a_label,polytunnel_straw,stationary,96,121,0,0.8837429285049438,5.838464736938477,1729759560_174375531.npy,0.0,True,1757,5.530221939086914,0.1446971893310547,0.3082427978515625,0.3082427978515625,0.0557378711463533,
in_straw_3pick_diff_st_10_24_2024_5_a_label,polytunnel_straw,stationary,96,121,1,0.8413193225860596,2.2026021480560303,1729759560_174375531.npy,0.0,True,3530,1.2637042999267578,0.014952600002288818,0.9388978481292725,0.9388978481292725,0.742972741474164,
in_straw_3pick_diff_st_10_24_2024_5_a_label,polytunnel_straw,stationary,97,122,0,0.8941072225570679,5.807860851287842,1729759561_447130531.npy,0.0,True,1770,5.607126235961914,0.18975722789764404,0.20073461532592773,0.20073461532592773,0.035799910128381705,
in_straw_3pick_diff_st_10_24_2024_5_a_label,polytunnel_straw,stationary,97,122,1,0.8715267777442932,2.153449535369873,1729759561_447130531.npy,0.0,True,3511,1.267673134803772,0.01969665288925171,0.8857764005661011,0.8857764005661011,0.6987419518858967,
in_straw_3pick_diff_st_10_24_2024_5_a_label,polytunnel_straw,stationary,98,122,0,0.8941072225570679,5.837862491607666,1729759561_447130531.npy,0.0,True,1770,5.607126235961914,0.18975722789764404,0.23073625564575195,0.23073625564575195,0.04115053700162837,
in_straw_3pick_diff_st_10_24_2024_5_a_label,polytunnel_straw,stationary,98,122,1,0.8715267777442932,2.134976625442505,1729759561_447130531.npy,0.0,True,3511,1.267673134803772,0.01969665288925171,0.8673034906387329,0.8673034906387329,0.6841696544850941,
in_straw_3pick_diff_st_10_24_2024_5_a_label,polytunnel_straw,stationary,99,124,0,0.8913210034370422,5.8841552734375,1729759561_576865531.npy,0.0,True,1775,5.603871822357178,0.195387601852417,0.28028345108032227,0.28028345108032227,0.0500160353350883,
in_straw_3pick_diff_st_10_24_2024_5_a_label,polytunnel_straw,stationary,99,124,1,0.8754780292510986,2.101015567779541,1729759561_576865531.npy,0.0,True,3339,1.2675535678863525,0.021115005016326904,0.8334619998931885,0.8334619998931885,0.6575359188038006,
in_straw_3pick_diff_st_10_24_2024_5_a_label,polytunnel_straw,stationary,100,125,0,0.8897910118103027,5.8497443199157715,1729759561_643666531.npy,0.0,True,1793,5.624788284301758,0.19105195999145508,0.22495603561401367,0.22495603561401367,0.03999368940549181,
in_straw_3pick_diff_st_10_24_2024_5_a_label,polytunnel_straw,stationary,100,125,1,0.8778770565986633,2.1857924461364746,1729759561_643666531.npy,0.0,True,3310,1.2672358751296997,0.02095329761505127,0.9185565710067749,0.9185565710067749,0.7248505104961316,
in_straw_3pick_diff_st_10_24_2024_5_a_label,polytunnel_straw,stationary,101,127,0,0.8865241408348083,5.808027267456055,1729759561_778405531.npy,0.0,True,1781,5.612939357757568,0.20247220993041992,0.19508790969848633,0.19508790969848633,0.03475681764294459,
in_straw_3pick_diff_st_10_24_2024_5_a_label,polytunnel_straw,stationary,101,127,1,0.8715161681175232,2.1669836044311523,1729759561_778405531.npy,0.0,True,3036,1.2671923637390137,0.022293657064437866,0.8997912406921387,0.8997912406921387,0.7100668110382146,
in_straw_3pick_diff_st_10_24_2024_5_a_label,polytunnel_straw,stationary,102,128,0,0.8832627534866333,5.843395233154297,1729759561_844632531.npy,0.0,True,1815,5.620370864868164,0.17955350875854492,0.2230243682861328,0.2230243682861328,0.03968143271117826,
in_straw_3pick_diff_st_10_24_2024_5_a_label,polytunnel_straw,stationary,102,128,1,0.8422937393188477,2.1365807056427,1729759561_844632531.npy,0.0,True,3360,1.2687196731567383,0.022017866373062134,0.8678610324859619,0.8678610324859619,0.6840447506631718,
in_straw_3pick_diff_st_10_24_2024_5_a_label,polytunnel_straw,stationary,103,130,0,0.8815088272094727,5.844841003417969,1729759561_978645531.npy,0.0,True,1812,5.607979774475098,0.225105881690979,0.2368612289428711,0.2368612289428711,0.042236462767029345,
in_straw_3pick_diff_st_10_24_2024_5_a_label,polytunnel_straw,stationary,103,130,1,0.8290900588035583,2.2119998931884766,1729759561_978645531.npy,0.0,True,3454,1.2669849395751953,0.02368047833442688,0.9450149536132812,0.9450149536132812,0.7458770219716528,
in_straw_3pick_diff_st_10_24_2024_5_a_label,polytunnel_straw,stationary,104,131,0,0.8767310976982117,5.873254299163818,1729759562_044821531.npy,0.0,True,1834,5.610445022583008,0.20711266994476318,0.26280927658081055,0.26280927658081055,0.04684285747796439,
in_straw_3pick_diff_st_10_24_2024_5_a_label,polytunnel_straw,stationary,104,131,1,0.8197478652000427,2.159658908843994,1729759562_044821531.npy,0.0,True,3399,1.2679057121276855,0.024845123291015625,0.8917531967163086,0.8917531967163086,0.7033276908421278,
in_straw_3pick_diff_st_10_24_2024_5_a_label,polytunnel_straw,stationary,105,132,0,0.8755455613136292,5.813779830932617,1729759562_111772531.npy,0.0,True,1851,5.606923580169678,0.1781296730041504,0.20685625076293945,0.20685625076293945,0.03689300341002321,
in_straw_3pick_diff_st_10_24_2024_5_a_label,polytunnel_straw,stationary,105,132,1,0.8302428722381592,2.1446220874786377,1729759562_111772531.npy,0.0,True,3627,1.2686960697174072,0.019784271717071533,0.8759260177612305,0.8759260177612305,0.6904143858160896,
in_straw_3pick_diff_st_10_24_2024_5_a_label,polytunnel_straw,stationary,106,133,0,0.874069333076477,5.789813995361328,1729759563_312999531.npy,0.0,True,1319,5.672356605529785,0.23480820655822754,0.11745738983154297,0.11745738983154297,0.02070698265286033,
in_straw_3pick_diff_st_10_24_2024_5_a_label,polytunnel_straw,stationary,106,133,1,0.773231565952301,2.3034145832061768,1729759563_312999531.npy,0.0,True,3293,1.2684983015060425,0.021630525588989258,1.0349162817001343,1.0349162817001343,0.8158594146097125,
in_straw_3pick_diff_st_10_24_2024_5_a_label,polytunnel_straw,stationary,107,134,0,0.8570059537887573,5.835874557495117,1729759563_379610531.npy,0.0,True,1437,5.665401935577393,0.2255411148071289,0.1704726219177246,0.1704726219177246,0.030090119616614775,
in_straw_3pick_diff_st_10_24_2024_5_a_label,polytunnel_straw,stationary,107,134,1,0.7475502490997314,2.3302738666534424,1729759563_379610531.npy,0.0,True,2906,1.2669227123260498,0.024193286895751953,1.0633511543273926,1.0633511543273926,0.8393180925575933,
in_straw_3pick_diff_st_10_24_2024_5_a_label,polytunnel_straw,stationary,108,135,0,0.8656772375106812,6.043737411499023,1729759563_446597531.npy,0.0,True,1517,5.640345096588135,0.22615528106689453,0.40339231491088867,0.40339231491088867,0.0715190840281922,
in_straw_3pick_diff_st_10_24_2024_5_a_label,polytunnel_straw,stationary,108,135,1,0.7515142560005188,2.283203125,1729759563_446597531.npy,0.0,True,3175,1.2673519849777222,0.02187955379486084,1.0158511400222778,1.0158511400222778,0.8015540686908181,
in_straw_3pick_diff_st_10_24_2024_5_a_label,polytunnel_straw,stationary,109,137,0,0.8829203844070435,5.988279819488525,1729759563_580791531.npy,0.0,True,1524,5.669282913208008,0.2299724817276001,0.3189969062805176,0.3189969062805176,0.05626759347947423,
in_straw_3pick_diff_st_10_24_2024_5_a_label,polytunnel_straw,stationary,109,137,1,0.7259323000907898,2.296548366546631,1729759563_580791531.npy,0.0,True,3701,1.2662451267242432,0.017150044441223145,1.0303032398223877,1.0303032398223877,0.8136680790138687,
in_straw_3pick_diff_st_10_24_2024_5_a_label,polytunnel_straw,stationary,110,138,0,0.8811283707618713,6.028276443481445,1729759563_648114531.npy,0.0,True,1590,5.668292045593262,0.23878765106201172,0.3599843978881836,0.3599843978881836,0.06350844222432905,
in_straw_3pick_diff_st_10_24_2024_5_a_label,polytunnel_straw,stationary,110,138,1,0.7217846512794495,2.1737499237060547,1729759563_648114531.npy,0.0,True,3697,1.2641782760620117,0.01672673225402832,0.909571647644043,0.909571647644043,0.7194963438838794,
in_straw_3pick_diff_st_10_24_2024_5_a_label,polytunnel_straw,stationary,111,140,0,0.8698400855064392,6.053829669952393,1729759563_780468531.npy,0.0,True,1482,5.688139915466309,0.2029721736907959,0.365689754486084,0.365689754486084,0.06428986626924507,
in_straw_3pick_diff_st_10_24_2024_5_a_label,polytunnel_straw,stationary,111,140,1,0.7260754108428955,2.201307773590088,1729759563_780468531.npy,0.0,True,3896,1.2639620304107666,0.016881883144378662,0.9373457431793213,0.9373457431793213,0.741593276243195,
in_straw_3pick_diff_st_10_24_2024_5_a_label,polytunnel_straw,stationary,112,141,0,0.8656362295150757,6.027454853057861,1729759563_847274531.npy,0.0,True,1452,5.694648742675781,0.19942176342010498,0.3328061103820801,0.3328061103820801,0.05844190316569066,
in_straw_3pick_diff_st_10_24_2024_5_a_label,polytunnel_straw,stationary,112,141,1,0.7457026839256287,1.6968001127243042,1729759563_847274531.npy,0.0,True,3593,1.2633219957351685,0.017272114753723145,0.43347811698913574,0.43347811698913574,0.3431255993741173,
in_straw_3pick_diff_st_10_24_2024_5_a_label,polytunnel_straw,stationary,113,143,0,0.8690021634101868,5.945969581604004,1729759563_980631531.npy,0.0,True,1491,5.714023113250732,0.18764734268188477,0.23194646835327148,0.23194646835327148,0.040592497397392596,
in_straw_3pick_diff_st_10_24_2024_5_a_label,polytunnel_straw,stationary,113,143,1,0.7254157662391663,2.3267998695373535,1729759563_980631531.npy,0.0,True,4032,1.2647511959075928,0.015415489673614502,1.0620486736297607,1.0620486736297607,0.8397293294256413,
in_straw_3pick_diff_st_10_24_2024_5_a_label,polytunnel_straw,stationary,113,143,2,0.29826387763023376,2.369981288909912,1729759563_980631531.npy,0.0,True,3881,1.2655388116836548,0.012742280960083008,1.1044424772262573,1.1044424772262573,0.8727053386509125,
in_straw_3pick_diff_st_10_24_2024_5_a_label,polytunnel_straw,stationary,114,144,0,0.8887748122215271,6.078585147857666,1729759565_184016531.npy,0.0,True,1089,5.838634014129639,0.12364816665649414,0.23995113372802734,0.23995113372802734,0.041097135588108395,
in_straw_3pick_diff_st_10_24_2024_5_a_label,polytunnel_straw,stationary,114,144,1,0.8732515573501587,2.319732427597046,1729759565_184016531.npy,0.0,True,1390,1.2534635066986084,0.025008469820022583,1.0662689208984375,1.0662689208984375,0.8506581286173964,
in_straw_3pick_diff_st_10_24_2024_5_a_label,polytunnel_straw,stationary,115,145,0,0.8892827033996582,6.120826721191406,1729759565_249935531.npy,0.0,True,1071,5.839413166046143,0.14784836769104004,0.28141355514526367,0.28141355514526367,0.04819209518887466,
in_straw_3pick_diff_st_10_24_2024_5_a_label,polytunnel_straw,stationary,115,145,1,0.8737753629684448,2.2580411434173584,1729759565_249935531.npy,0.0,True,1624,1.256988525390625,0.02569839358329773,1.0010526180267334,1.0010526180267334,0.7963896231396732,
in_straw_3pick_diff_st_10_24_2024_5_a_label,polytunnel_straw,stationary,116,147,0,0.8922253251075745,6.115603923797607,1729759565_383104531.npy,0.0,True,1088,5.855074882507324,0.14678585529327393,0.2605290412902832,0.2605290412902832,0.044496278274534486,
in_straw_3pick_diff_st_10_24_2024_5_a_label,polytunnel_straw,stationary,116,147,1,0.8723282217979431,2.365983009338379,1729759565_383104531.npy,0.0,True,1848,1.2595233917236328,0.04059797525405884,1.106459617614746,1.106459617614746,0.8784748460293207,
in_straw_3pick_diff_st_10_24_2024_5_a_label,polytunnel_straw,stationary,117,148,0,0.8899577260017395,6.083078384399414,1729759565_450186531.npy,0.0,True,1029,5.83568000793457,0.16209793090820312,0.24739837646484375,0.24739837646484375,0.042394095654399284,
in_straw_3pick_diff_st_10_24_2024_5_a_label,polytunnel_straw,stationary,117,148,1,0.8733057975769043,2.247753143310547,1729759565_450186531.npy,0.0,True,2141,1.260101556777954,0.02425551414489746,0.9876515865325928,0.9876515865325928,0.7837872917624127,
in_straw_3pick_diff_st_10_24_2024_5_a_label,polytunnel_straw,stationary,118,150,0,0.8834575414657593,6.115149974822998,1729759565_583721531.npy,0.0,True,914,5.848950386047363,0.1900724172592163,0.26619958877563477,0.26619958877563477,0.045512369092863623,
in_straw_3pick_diff_st_10_24_2024_5_a_label,polytunnel_straw,stationary,118,150,1,0.8774343132972717,2.1366331577301025,1729759565_583721531.npy,0.0,True,1990,1.2594033479690552,0.02911984920501709,0.8772298097610474,0.8772298097610474,0.6965439715367517,
in_straw_3pick_diff_st_10_24_2024_5_a_label,polytunnel_straw,stationary,119,151,0,0.8842910528182983,6.224904537200928,1729759565_650939531.npy,0.0,True,1020,5.854382038116455,0.1710141897201538,0.37052249908447266,0.37052249908447266,0.06328977109318984,
in_straw_3pick_diff_st_10_24_2024_5_a_label,polytunnel_straw,stationary,119,151,1,0.8757141828536987,2.24257755279541,1729759565_650939531.npy,0.0,True,1531,1.2564655542373657,0.021718621253967285,0.9861119985580444,0.9861119985580444,0.7848301095341867,
in_straw_3pick_diff_st_10_24_2024_5_a_label,polytunnel_straw,stationary,120,153,0,0.8872831463813782,6.167829513549805,1729759565_784350531.npy,0.0,True,1097,5.848897933959961,0.14544105529785156,0.31893157958984375,0.31893157958984375,0.054528491211662,
in_straw_3pick_diff_st_10_24_2024_5_a_label,polytunnel_straw,stationary,120,153,1,0.8803229331970215,2.1471292972564697,1729759565_784350531.npy,0.0,True,1927,1.256299614906311,0.019304513931274414,0.8908296823501587,0.8908296823501587,0.7090901499771555,
in_straw_3pick_diff_st_10_24_2024_5_a_label,polytunnel_straw,stationary,121,154,0,0.8843165040016174,6.1760783195495605,1729759565_850336531.npy,0.0,True,922,5.862399101257324,0.14522933959960938,0.31367921829223633,0.31367921829223633,0.05350697093020513,
in_straw_3pick_diff_st_10_24_2024_5_a_label,polytunnel_straw,stationary,121,154,1,0.8806129693984985,2.234300374984741,1729759565_850336531.npy,0.0,True,2177,1.2589399814605713,0.02134549617767334,0.9753603935241699,0.9753603935241699,0.7747473333816884,
out_straw_1push_1walk_1swap_st_11_07_2024_1_b_label,outdoor_straw,stationary,0,0,0,0.9233834147453308,3.5370354652404785,,0.06671404838562012,False,0,,,,,,no_matching_depth_map
out_straw_1push_1walk_1swap_st_11_07_2024_1_b_label,outdoor_straw,stationary,1,0,0,0.9233834147453308,3.4839906692504883,,0.06671404838562012,False,0,,,,,,no_matching_depth_map
out_straw_1push_1walk_1swap_st_11_07_2024_1_b_label,outdoor_straw,stationary,2,1,0,0.9278344511985779,3.2914323806762695,,0.06585693359375,False,0,,,,,,no_matching_depth_map
out_straw_1push_1walk_1swap_st_11_07_2024_1_b_label,outdoor_straw,stationary,3,2,0,0.9290517568588257,3.24403977394104,1730978613_614091260.npy,0.0,True,5951,3.1630606651306152,0.11277973651885986,0.0809791088104248,0.0809791088104248,0.02560150353837139,
out_straw_1push_1walk_1swap_st_11_07_2024_1_b_label,outdoor_straw,stationary,4,4,0,0.925804615020752,3.1656782627105713,1730978613_747619260.npy,0.0,True,6156,3.0849061012268066,0.12200230360031128,0.08077216148376465,0.08077216148376465,0.026183021081790187,
out_straw_1push_1walk_1swap_st_11_07_2024_1_b_label,outdoor_straw,stationary,5,5,0,0.927563488483429,3.061710834503174,1730978613_814347260.npy,0.0,True,6493,3.04958438873291,0.13310980796813965,0.012126445770263672,0.012126445770263672,0.003976425710685829,
out_straw_1push_1walk_1swap_st_11_07_2024_1_b_label,outdoor_straw,stationary,6,7,0,0.935861349105835,3.0152859687805176,1730978613_947960260.npy,0.0,True,6885,2.9252655506134033,0.13460683822631836,0.09002041816711426,0.09002041816711426,0.030773417527252437,
out_straw_1push_1walk_1swap_st_11_07_2024_1_b_label,outdoor_straw,stationary,7,8,0,0.9362778067588806,2.9432754516601562,1730978614_014945260.npy,0.0,True,7210,2.8934545516967773,0.10575485229492188,0.049820899963378906,0.049820899963378906,0.017218483675218943,
out_straw_1push_1walk_1swap_st_11_07_2024_1_b_label,outdoor_straw,stationary,8,10,0,0.9376267194747925,2.839779853820801,1730978614_148200260.npy,0.0,True,6793,2.833801507949829,0.10500121116638184,0.00597834587097168,0.00597834587097168,0.0021096558295280302,
out_straw_1push_1walk_1swap_st_11_07_2024_1_b_label,outdoor_straw,stationary,9,11,0,0.9328672289848328,2.7803964614868164,1730978614_215085260.npy,0.0,True,6596,2.798358678817749,0.09741091728210449,-0.017962217330932617,0.017962217330932617,0.006418840253359264,
out_straw_1push_1walk_1swap_st_11_07_2024_1_b_label,outdoor_straw,stationary,10,12,0,0.9219664931297302,2.712239980697632,1730978614_348749260.npy,0.0,True,5834,2.7333426475524902,0.13635367155075073,-0.0211026668548584,0.0211026668548584,0.0077204615651661175,
out_straw_1push_1walk_1swap_st_11_07_2024_1_b_label,outdoor_straw,stationary,11,13,0,0.9180890321731567,2.6356701850891113,1730978614_415379260.npy,0.0,True,5118,2.688380241394043,0.1684437394142151,-0.05271005630493164,0.05271005630493164,0.019606622416477502,
out_straw_1push_1walk_1swap_st_11_07_2024_1_b_label,outdoor_straw,stationary,12,15,0,0.9119505286216736,2.5414021015167236,1730978614_549352260.npy,0.0,True,3103,2.76279616355896,1.7517471313476562,-0.22139406204223633,0.22139406204223633,0.08013405583893762,
out_straw_1push_1walk_1swap_st_11_07_2024_1_b_label,outdoor_straw,stationary,13,16,0,0.8989423513412476,4.691048622131348,1730978614_615715260.npy,0.0,True,2722,4.426955223083496,2.234803557395935,0.26409339904785156,0.26409339904785156,0.059655764682413764,
out_straw_1push_1walk_1swap_st_11_07_2024_1_b_label,outdoor_straw,stationary,14,18,0,0.8260436058044434,4.933841705322266,1730978614_749175260.npy,0.0,True,2295,4.5044846534729,0.5443453788757324,0.42935705184936523,0.42935705184936523,0.09531768556883337,
out_straw_1push_1walk_1swap_st_11_07_2024_1_b_label,outdoor_straw,stationary,15,19,0,0.5137122869491577,6.051599502563477,1730978614_815974260.npy,0.0,True,1250,4.400760650634766,0.30510544776916504,1.650838851928711,1.650838851928711,0.37512579823912806,
out_straw_1push_1walk_1swap_st_11_07_2024_1_b_label,outdoor_straw,stationary,16,21,0,0.4481828510761261,5.861800193786621,1730978614_949777260.npy,0.0,True,855,4.410499572753906,0.3333425521850586,1.4513006210327148,1.4513006210327148,0.3290558353067759,
out_straw_1push_1walk_1swap_st_11_07_2024_1_b_label,outdoor_straw,stationary,17,22,0,0.46947145462036133,5.849363327026367,1730978615_016312260.npy,0.0,True,877,4.414623737335205,0.3155179023742676,1.434739589691162,1.434739589691162,0.3249970269396532,
out_straw_1push_1walk_1swap_st_11_07_2024_1_b_label,outdoor_straw,stationary,44,52,0,0.45898741483688354,1.8661175966262817,1730978618_021442260.npy,0.0,True,1942,1.6500895023345947,0.11001110076904297,0.216028094291687,0.216028094291687,0.13091901620248125,
out_straw_1push_1walk_1swap_st_11_07_2024_1_b_label,outdoor_straw,stationary,45,54,0,0.8226681351661682,1.7222280502319336,1730978618_155489260.npy,0.0,True,3081,1.8338093757629395,0.33165132999420166,-0.11158132553100586,0.11158132553100586,0.06084674176375801,
out_straw_1push_1walk_1swap_st_11_07_2024_1_b_label,outdoor_straw,stationary,46,55,0,0.8513094782829285,1.745450735092163,1730978618_221686260.npy,0.0,True,3501,1.9118329286575317,0.3251991271972656,-0.16638219356536865,0.16638219356536865,0.08702758021967977,
out_straw_1push_1walk_1swap_st_11_07_2024_1_b_label,outdoor_straw,stationary,47,57,0,0.8697715997695923,1.6701146364212036,1730978618_355250260.npy,0.0,True,4535,2.065096616744995,0.3454856276512146,-0.3949819803237915,0.3949819803237915,0.19126561785102433,
out_straw_1push_1walk_1swap_st_11_07_2024_1_b_label,outdoor_straw,stationary,48,58,0,0.8746538162231445,1.746850848197937,1730978618_421966260.npy,0.0,True,4913,2.134192943572998,0.3706228733062744,-0.38734209537506104,0.38734209537506104,0.1814934758085111,
out_straw_1push_1walk_1swap_st_11_07_2024_1_b_label,outdoor_straw,stationary,49,59,0,0.8847531080245972,1.8722748756408691,1730978618_488862260.npy,0.0,True,4697,2.2003068923950195,0.4808034896850586,-0.3280320167541504,0.3280320167541504,0.1490846653655162,
out_straw_1push_1walk_1swap_st_11_07_2024_1_b_label,outdoor_straw,stationary,50,60,0,0.8979543447494507,1.9965896606445312,1730978618_622230260.npy,0.0,True,4947,2.0208628177642822,0.457332968711853,-0.024273157119750977,0.024273157119750977,0.012011283945836965,
out_straw_1push_1walk_1swap_st_11_07_2024_1_b_label,outdoor_straw,stationary,51,62,0,0.9115756154060364,2.1081719398498535,1730978618_755890260.npy,0.0,True,6263,2.0781304836273193,0.247100830078125,0.03004145622253418,0.03004145622253418,0.014456000938929325,
out_straw_1push_1walk_1swap_st_11_07_2024_1_b_label,outdoor_straw,stationary,52,63,0,0.9150844216346741,2.2247753143310547,1730978618_822690260.npy,0.0,True,7791,2.144672393798828,0.2877610921859741,0.08010292053222656,0.08010292053222656,0.03734972332550119,
out_straw_1push_1walk_1swap_st_11_07_2024_1_b_label,outdoor_straw,stationary,53,65,0,0.9283051490783691,2.335963010787964,1730978618_956650260.npy,0.0,True,10206,2.2930567264556885,0.2986750602722168,0.04290628433227539,0.04290628433227539,0.018711392455865842,
out_straw_1push_1walk_1swap_st_11_07_2024_1_b_label,outdoor_straw,stationary,54,66,0,0.9304282665252686,2.445392370223999,1730978619_022990260.npy,0.0,True,10784,2.290764331817627,0.2605556845664978,0.15462803840637207,0.15462803840637207,0.0675006312341528,
out_straw_1push_1walk_1swap_st_11_07_2024_1_b_label,outdoor_straw,stationary,55,68,0,0.9271388649940491,2.5115582942962646,1730978619_156811260.npy,0.0,True,8924,2.3834924697875977,0.20043730735778809,0.128065824508667,0.128065824508667,0.053730324778445575,
out_straw_1push_1walk_1swap_st_11_07_2024_1_b_label,outdoor_straw,stationary,56,69,0,0.926567018032074,2.6034092903137207,1730978619_223770260.npy,0.0,True,8406,2.450594663619995,0.25563377141952515,0.15281462669372559,0.15281462669372559,0.062358181449717706,
out_straw_1push_1walk_1swap_st_11_07_2024_1_b_label,outdoor_straw,stationary,57,71,0,0.936866819858551,2.692009687423706,1730978619_357662260.npy,0.0,True,9565,2.5911705493927,0.21564793586730957,0.10083913803100586,0.10083913803100586,0.03891644185854143,
out_straw_1push_1walk_1swap_st_11_07_2024_1_b_label,outdoor_straw,stationary,57,71,1,0.7248505353927612,0.8083589673042297,1730978619_357662260.npy,0.0,True,1184,4.518479347229004,0.6521073579788208,-3.710120379924774,3.710120379924774,0.8210993333852543,
out_straw_1push_1walk_1swap_st_11_07_2024_1_b_label,outdoor_straw,stationary,58,72,0,0.9094009399414062,1.031000018119812,1730978619_424025260.npy,0.0,True,8270,2.659968614578247,0.24415576457977295,-1.628968596458435,1.628968596458435,0.6124014349382529,
out_straw_1push_1walk_1swap_st_11_07_2024_1_b_label,outdoor_straw,stationary,58,72,1,0.9034504890441895,0.7532964944839478,1730978619_424025260.npy,0.0,True,3718,1.1443922519683838,1.7966751456260681,-0.39109575748443604,0.39109575748443604,0.34174974254827517,
out_straw_1push_1walk_1swap_st_11_07_2024_1_b_label,outdoor_straw,stationary,59,74,0,0.9604633450508118,0.7591748237609863,1730978619_557104260.npy,0.0,True,14348,0.8994391560554504,0.20157675445079803,-0.1402643322944641,0.1402643322944641,0.15594643767745509,
out_straw_1push_1walk_1swap_st_11_07_2024_1_b_label,outdoor_straw,stationary,59,74,1,0.5987077355384827,2.7532501220703125,1730978619_557104260.npy,0.0,True,1119,2.7419064044952393,1.8397709131240845,0.011343717575073242,0.011343717575073242,0.004137164403743213,
out_straw_1push_1walk_1swap_st_11_07_2024_1_b_label,outdoor_straw,stationary,60,75,0,0.9611443877220154,0.815932035446167,1730978619_624425260.npy,0.0,True,26579,0.7579836845397949,0.046437084674835205,0.05794835090637207,0.05794835090637207,0.0764506573008297,
out_straw_1push_1walk_1swap_st_11_07_2024_1_b_label,outdoor_straw,stationary,61,76,0,0.9544625282287598,2.2296855449676514,1730978619_693416260.npy,0.0,True,28800,0.8471465706825256,0.09889985620975494,1.3825389742851257,1.3825389742851257,1.6319950078665222,
out_straw_1push_1walk_1swap_st_11_07_2024_1_b_label,outdoor_straw,stationary,62,77,0,0.9503340125083923,1.032236933708191,1730978619_825287260.npy,0.0,True,29949,1.008818507194519,0.09997165203094482,0.023418426513671875,0.023418426513671875,0.023213716190435,
out_straw_1push_1walk_1swap_st_11_07_2024_1_b_label,outdoor_straw,stationary,63,78,0,0.9429802298545837,1.0957037210464478,1730978619_957874260.npy,0.0,True,30469,1.0847088098526,0.09546661376953125,0.010994911193847656,0.010994911193847656,0.010136279058470764,
out_straw_1push_1walk_1swap_st_11_07_2024_1_b_label,outdoor_straw,stationary,63,78,1,0.9085785746574402,3.072263479232788,1730978619_957874260.npy,0.0,True,5273,2.937769889831543,0.24318885803222656,0.13449358940124512,0.13449358940124512,0.04578084548649153,
out_straw_1push_1walk_1swap_st_11_07_2024_1_b_label,outdoor_straw,stationary,64,79,0,0.9389649033546448,1.2065365314483643,1730978620_024683260.npy,0.0,True,29097,1.1469701528549194,0.10014891624450684,0.059566378593444824,0.059566378593444824,0.051933677999535,
out_straw_1push_1walk_1swap_st_11_07_2024_1_b_label,outdoor_straw,stationary,64,79,1,0.9197733402252197,3.133784294128418,1730978620_024683260.npy,0.0,True,7173,3.0864105224609375,0.2860374450683594,0.04737377166748047,0.04737377166748047,0.015349147925308126,
out_straw_1push_1walk_1swap_st_11_07_2024_1_b_label,outdoor_straw,stationary,65,81,0,0.9506378173828125,1.3101611137390137,1730978620_158102260.npy,0.0,True,28066,1.2760058641433716,0.18228238821029663,0.03415524959564209,0.03415524959564209,0.026767313972002577,
out_straw_1push_1walk_1swap_st_11_07_2024_1_b_label,outdoor_straw,stationary,65,81,1,0.922478973865509,3.196174383163452,1730978620_158102260.npy,0.0,True,6836,3.0965232849121094,0.21713471412658691,0.09965109825134277,0.09965109825134277,0.032181607913912794,
out_straw_1push_1walk_1swap_st_11_07_2024_1_b_label,outdoor_straw,stationary,66,82,0,0.9564695358276367,2.0713226795196533,1730978620_225698260.npy,0.0,True,26064,1.2886600494384766,0.14980065822601318,0.7826626300811768,0.7826626300811768,0.6073460804672387,
out_straw_1push_1walk_1swap_st_11_07_2024_1_b_label,outdoor_straw,stationary,66,82,1,0.9213590025901794,3.238891363143921,1730978620_225698260.npy,0.0,True,6845,3.1621646881103516,0.25898241996765137,0.07672667503356934,0.07672667503356934,0.024263971867771288,
out_straw_1push_1walk_1swap_st_11_07_2024_1_b_label,outdoor_straw,stationary,66,82,2,0.7478668093681335,1.6318355798721313,1730978620_225698260.npy,0.0,True,4278,3.442875385284424,2.1052204370498657,-1.8110398054122925,1.8110398054122925,0.5260253720343928,
out_straw_1push_1walk_1swap_st_11_07_2024_1_b_label,outdoor_straw,stationary,67,84,0,0.9540669322013855,1.8951325416564941,1730978620_358478260.npy,0.0,True,22180,1.3316292762756348,0.1222572922706604,0.5635032653808594,0.5635032653808594,0.42316827620138586,
out_straw_1push_1walk_1swap_st_11_07_2024_1_b_label,outdoor_straw,stationary,67,84,1,0.930215060710907,3.2899041175842285,1730978620_358478260.npy,0.0,True,6499,3.1803176403045654,0.2579993009567261,0.10958647727966309,0.10958647727966309,0.03445771450337535,
out_straw_1push_1walk_1swap_st_11_07_2024_1_b_label,outdoor_straw,stationary,67,84,2,0.8750250339508057,1.5971430540084839,1730978620_358478260.npy,0.0,True,5191,2.857982873916626,2.571746528148651,-1.260839819908142,1.260839819908142,0.4411642320936188,
out_straw_1push_1walk_1swap_st_11_07_2024_1_b_label,outdoor_straw,stationary,68,85,0,0.9585641622543335,1.5835081338882446,1730978620_428005260.npy,0.0,True,21102,1.3587796688079834,0.08690181374549866,0.22472846508026123,0.22472846508026123,0.16538992320764467,
out_straw_1push_1walk_1swap_st_11_07_2024_1_b_label,outdoor_straw,stationary,68,85,1,0.9337831139564514,3.3032500743865967,1730978620_428005260.npy,0.0,True,6570,3.190685749053955,0.28386515378952026,0.1125643253326416,0.1125643253326416,0.035279038484444025,
out_straw_1push_1walk_1swap_st_11_07_2024_1_b_label,outdoor_straw,stationary,68,85,2,0.8711154460906982,1.5255846977233887,1730978620_428005260.npy,0.0,True,3029,1.4487932920455933,0.2727491855621338,0.07679140567779541,0.07679140567779541,0.05300370045844939,
out_straw_1push_1walk_1swap_st_11_07_2024_1_b_label,outdoor_straw,stationary,69,87,0,0.9520866870880127,1.8156541585922241,1730978620_558800260.npy,0.0,True,20038,1.4503593444824219,0.09097346663475037,0.36529481410980225,0.36529481410980225,0.2518650398602852,
out_straw_1push_1walk_1swap_st_11_07_2024_1_b_label,outdoor_straw,stationary,69,87,1,0.9341384172439575,3.305954933166504,1730978620_558800260.npy,0.0,True,6662,3.2194833755493164,0.3500720262527466,0.0864715576171875,0.0864715576171875,0.026858830293675147,
out_straw_1push_1walk_1swap_st_11_07_2024_1_b_label,outdoor_straw,stationary,69,87,2,0.8993017077445984,1.4134844541549683,1730978620_558800260.npy,0.0,True,6002,1.513467788696289,0.2720620036125183,-0.0999833345413208,0.0999833345413208,0.06606241327900814,
out_straw_1push_1walk_1swap_st_11_07_2024_1_b_label,outdoor_straw,stationary,70,88,0,0.9552133083343506,1.862942099571228,1730978620_626036260.npy,0.0,True,20476,1.5362375974655151,0.11253485083580017,0.3267045021057129,0.3267045021057129,0.21266534723841546,
out_straw_1push_1walk_1swap_st_11_07_2024_1_b_label,outdoor_straw,stationary,70,88,1,0.9299068450927734,3.202946186065674,1730978620_626036260.npy,0.0,True,6962,3.22769832611084,0.3401370048522949,-0.024752140045166016,0.024752140045166016,0.007668665886440102,
out_straw_1push_1walk_1swap_st_11_07_2024_1_b_label,outdoor_straw,stationary,70,88,2,0.9199775457382202,1.4359204769134521,1730978620_626036260.npy,0.0,True,8652,1.4354681968688965,0.21236929297447205,0.00045228004455566406,0.00045228004455566406,0.00031507493202719244,
out_straw_1push_1walk_1swap_st_11_07_2024_1_b_label,outdoor_straw,stationary,71,90,0,0.9462164640426636,1.4149906635284424,1730978620_762184260.npy,0.0,True,16648,1.3944528102874756,0.2675732374191284,0.020537853240966797,0.020537853240966797,0.014728252608801286,
out_straw_1push_1walk_1swap_st_11_07_2024_1_b_label,outdoor_straw,stationary,71,90,1,0.9458484649658203,1.7841650247573853,1730978620_762184260.npy,0.0,True,19820,1.7185752391815186,0.13064128160476685,0.0655897855758667,0.0655897855758667,0.03816521039084923,
out_straw_1push_1walk_1swap_st_11_07_2024_1_b_label,outdoor_straw,stationary,71,90,2,0.929510772228241,3.2643494606018066,1730978620_762184260.npy,0.0,True,6940,3.2252798080444336,0.2662772536277771,0.03906965255737305,0.03906965255737305,0.012113569948234022,
out_straw_1push_1walk_1swap_st_11_07_2024_1_b_label,outdoor_straw,stationary,72,91,0,0.9471575617790222,1.859543800354004,1730978620_825833260.npy,0.0,True,19119,1.801122784614563,0.1115802526473999,0.05842101573944092,0.05842101573944092,0.03243588734676015,
out_straw_1push_1walk_1swap_st_11_07_2024_1_b_label,outdoor_straw,stationary,72,91,1,0.9440562129020691,1.3624815940856934,1730978620_825833260.npy,0.0,True,18707,1.37131929397583,0.26741594076156616,-0.008837699890136719,0.008837699890136719,0.006444669690684368,
out_straw_1push_1walk_1swap_st_11_07_2024_1_b_label,outdoor_straw,stationary,72,91,2,0.9260672330856323,3.0750694274902344,1730978620_825833260.npy,0.0,True,7201,3.2196998596191406,0.28215646743774414,-0.14463043212890625,0.14463043212890625,0.0449204703652143,
out_straw_1push_1walk_1swap_st_11_07_2024_1_b_label,outdoor_straw,stationary,73,93,0,0.9450808763504028,1.9219400882720947,1730978620_959545260.npy,0.0,True,18492,1.8998134136199951,0.1150294840335846,0.02212667465209961,0.02212667465209961,0.011646761989083121,
out_straw_1push_1walk_1swap_st_11_07_2024_1_b_label,outdoor_straw,stationary,73,93,1,0.9317566752433777,1.2886608839035034,1730978620_959545260.npy,0.0,True,19943,1.297221064567566,0.3102424144744873,-0.0085601806640625,0.0085601806640625,0.006598860362259128,
out_straw_1push_1walk_1swap_st_11_07_2024_1_b_label,outdoor_straw,stationary,73,93,2,0.9215500950813293,2.5244674682617188,1730978620_959545260.npy,0.0,True,5766,3.2605485916137695,0.24513345956802368,-0.7360811233520508,0.7360811233520508,0.2257537658678892,
out_straw_1push_1walk_1swap_st_11_07_2024_1_b_label,outdoor_straw,stationary,74,94,0,0.9411830306053162,2.0232534408569336,1730978621_026644260.npy,0.0,True,17219,1.9391967058181763,0.1064532995223999,0.08405673503875732,0.08405673503875732,0.04334616224674975,
out_straw_1push_1walk_1swap_st_11_07_2024_1_b_label,outdoor_straw,stationary,74,94,1,0.9382054209709167,1.2540267705917358,1730978621_026644260.npy,0.0,True,19875,1.3047722578048706,0.08820235729217529,-0.050745487213134766,0.050745487213134766,0.03889221809368343,
out_straw_1push_1walk_1swap_st_11_07_2024_1_b_label,outdoor_straw,stationary,74,94,2,0.9106847643852234,2.283764123916626,1730978621_026644260.npy,0.0,True,5810,3.1679067611694336,0.2437344193458557,-0.8841426372528076,0.8841426372528076,0.27909364255607894,
out_straw_1push_1walk_1swap_st_11_07_2024_1_b_label,outdoor_straw,stationary,75,96,0,0.9510880708694458,2.1370761394500732,1730978621_159722260.npy,0.0,True,17076,2.0904674530029297,0.17904600501060486,0.046608686447143555,0.046608686447143555,0.022295820190929436,
out_straw_1push_1walk_1swap_st_11_07_2024_1_b_label,outdoor_straw,stationary,75,96,1,0.9461542963981628,1.2923085689544678,1730978621_159722260.npy,0.0,True,22262,1.303966760635376,0.12459257245063782,-0.011658191680908203,0.011658191680908203,0.00894055894126288,
out_straw_1push_1walk_1swap_st_11_07_2024_1_b_label,outdoor_straw,stationary,76,97,0,0.9467691779136658,2.229041337966919,1730978621_226674260.npy,0.0,True,16078,2.162132978439331,0.19373714923858643,0.06690835952758789,0.06690835952758789,0.030945533967981758,
out_straw_1push_1walk_1swap_st_11_07_2024_1_b_label,outdoor_straw,stationary,76,97,1,0.9295058250427246,1.2665133476257324,1730978621_226674260.npy,0.0,True,22912,1.3055588006973267,0.11880600452423096,-0.03904545307159424,0.03904545307159424,0.029907081205947393,
out_straw_1push_1walk_1swap_st_11_07_2024_1_b_label,outdoor_straw,stationary,77,99,0,0.9420926570892334,2.328153610229492,1730978621_360310260.npy,0.0,True,14893,2.266017198562622,0.19270634651184082,0.06213641166687012,0.06213641166687012,0.02742097972878777,
out_straw_1push_1walk_1swap_st_11_07_2024_1_b_label,outdoor_straw,stationary,77,99,1,0.9379407167434692,1.2846065759658813,1730978621_360310260.npy,0.0,True,29219,1.283318281173706,0.1673743724822998,0.001288294792175293,0.001288294792175293,0.0010038778462635439,
out_straw_1push_1walk_1swap_st_11_07_2024_1_b_label,outdoor_straw,stationary,78,100,0,0.9266400337219238,1.2350867986679077,1730978621_427921260.npy,0.0,True,33984,1.2654962539672852,0.15099948644638062,-0.03040945529937744,0.03040945529937744,0.02402966836452095,
out_straw_1push_1walk_1swap_st_11_07_2024_1_b_label,outdoor_straw,stationary,78,100,1,0.9208277463912964,2.0380923748016357,1730978621_427921260.npy,0.0,True,14136,2.311638355255127,0.25330615043640137,-0.2735459804534912,0.2735459804534912,0.11833424542019289,
out_straw_1push_1walk_1swap_st_11_07_2024_1_b_label,outdoor_straw,stationary,79,102,0,0.9327229261398315,3.2245941162109375,1730978621_561574260.npy,0.0,True,7058,3.1243910789489746,0.2260357141494751,0.10020303726196289,0.10020303726196289,0.03207122115316965,
out_straw_1push_1walk_1swap_st_11_07_2024_1_b_label,outdoor_straw,stationary,79,102,1,0.8884173631668091,1.7020559310913086,1730978621_561574260.npy,0.0,True,30580,1.2434155941009521,0.19500720500946045,0.45864033699035645,0.45864033699035645,0.36885522360042056,
out_straw_1push_1walk_1swap_st_11_07_2024_1_b_label,outdoor_straw,stationary,79,102,2,0.7322496175765991,1.9638830423355103,1730978621_561574260.npy,0.0,True,12089,2.40580153465271,0.295806884765625,-0.4419184923171997,0.4419184923171997,0.1836886733805301,
out_straw_1push_1walk_1swap_st_11_07_2024_1_b_label,outdoor_straw,stationary,80,103,0,0.9371439814567566,3.2216968536376953,1730978621_627250260.npy,0.0,True,7106,3.124032974243164,0.2189786434173584,0.09766387939453125,0.09766387939453125,0.03126211541291159,
out_straw_1push_1walk_1swap_st_11_07_2024_1_b_label,outdoor_straw,stationary,80,103,1,0.9348918795585632,1.2879420518875122,1730978621_627250260.npy,0.0,True,18730,1.1877164840698242,0.10491722822189331,0.10022556781768799,0.10022556781768799,0.08438509455914553,
out_straw_1push_1walk_1swap_st_11_07_2024_1_b_label,outdoor_straw,stationary,80,103,2,0.9201029539108276,2.283468246459961,1730978621_627250260.npy,0.0,True,9736,2.5222020149230957,0.3007662296295166,-0.23873376846313477,0.23873376846313477,0.0946529132284489,
out_straw_1push_1walk_1swap_st_11_07_2024_1_b_label,outdoor_straw,stationary,81,105,0,0.9433829188346863,1.1756548881530762,1730978621_760733260.npy,0.0,True,21221,1.1806703805923462,0.1067894697189331,-0.0050154924392700195,0.0050154924392700195,0.0042480039490393,
out_straw_1push_1walk_1swap_st_11_07_2024_1_b_label,outdoor_straw,stationary,81,105,1,0.9395232796669006,3.231806993484497,1730978621_760733260.npy,0.0,True,7370,3.1402242183685303,0.2124258279800415,0.0915827751159668,0.0915827751159668,0.029164406344062796,
out_straw_1push_1walk_1swap_st_11_07_2024_1_b_label,outdoor_straw,stationary,81,105,2,0.890181839466095,1.8878215551376343,1730978621_760733260.npy,0.0,True,8188,1.387305498123169,1.231149137020111,0.5005160570144653,0.5005160570144653,0.3607828684392831,
out_straw_1push_1walk_1swap_st_11_07_2024_1_b_label,outdoor_straw,stationary,81,105,3,0.2679995894432068,1.1082223653793335,1730978621_760733260.npy,0.0,True,3646,2.4913887977600098,1.4614895582199097,-1.3831664323806763,1.3831664323806763,0.5551788759844596,
out_straw_1push_1walk_1swap_st_11_07_2024_1_b_label,outdoor_straw,stationary,82,106,0,0.9379130601882935,3.213991165161133,1730978621_827510260.npy,0.0,True,7301,3.1794002056121826,0.21645593643188477,0.034590959548950195,0.034590959548950195,0.010879712307966536,
out_straw_1push_1walk_1swap_st_11_07_2024_1_b_label,outdoor_straw,stationary,82,106,1,0.9360390901565552,1.1584935188293457,1730978621_827510260.npy,0.0,True,26084,1.1775932312011719,0.19574472308158875,-0.019099712371826172,0.019099712371826172,0.016219278326136462,
out_straw_1push_1walk_1swap_st_11_07_2024_1_b_label,outdoor_straw,stationary,83,108,0,0.9464905858039856,1.3157070875167847,1730978621_961427260.npy,0.0,True,24630,1.2448315620422363,0.21063023805618286,0.07087552547454834,0.07087552547454834,0.05693583584776073,
out_straw_1push_1walk_1swap_st_11_07_2024_1_b_label,outdoor_straw,stationary,83,108,1,0.927951991558075,3.2076611518859863,1730978621_961427260.npy,0.0,True,7129,3.1538474559783936,0.2233283519744873,0.05381369590759277,0.05381369590759277,0.01706287214544388,
out_straw_1push_1walk_1swap_st_11_07_2024_1_b_label,outdoor_straw,stationary,84,109,0,0.9314818382263184,3.190321445465088,1730978622_028797260.npy,0.0,True,7492,3.1361422538757324,0.2561609745025635,0.05417919158935547,0.05417919158935547,0.017275744275438817,
out_straw_1push_1walk_1swap_st_11_07_2024_1_b_label,outdoor_straw,stationary,84,109,1,0.9010738134384155,4.542571544647217,1730978622_028797260.npy,0.0,True,20457,1.2731845378875732,1.9364205598831177,3.2693870067596436,3.2693870067596436,2.567881488872073,
out_straw_1push_1walk_1swap_st_11_07_2024_1_b_label,outdoor_straw,stationary,84,109,2,0.5266464948654175,2.8789234161376953,1730978622_028797260.npy,0.0,True,7854,2.981593132019043,1.6295868158340454,-0.10266971588134766,0.10266971588134766,0.034434515822694724,
out_straw_1push_1walk_1swap_st_11_07_2024_1_b_label,outdoor_straw,stationary,85,112,0,0.9318647980690002,3.159853458404541,1730978622_228543260.npy,0.0,True,7366,3.131971836090088,0.2076857089996338,0.027881622314453125,0.027881622314453125,0.008902258313171861,
out_straw_1push_1walk_1swap_st_11_07_2024_1_b_label,outdoor_straw,stationary,85,112,1,0.9098144173622131,3.2012381553649902,1730978622_228543260.npy,0.0,True,8132,3.047060251235962,0.09885317087173462,0.15417790412902832,0.15417790412902832,0.05059890235727699,
out_straw_1push_1walk_1swap_st_11_07_2024_1_b_label,outdoor_straw,stationary,85,112,2,0.8422046899795532,5.3514018058776855,1730978622_228543260.npy,0.0,True,8663,4.789453029632568,1.2673165798187256,0.5619487762451172,0.5619487762451172,0.1173304702579426,
out_straw_1push_1walk_1swap_st_11_07_2024_1_b_label,outdoor_straw,stationary,86,114,0,0.9279359579086304,3.299916982650757,1730978622_361738260.npy,0.0,True,7292,3.08097505569458,0.21721124649047852,0.21894192695617676,0.21894192695617676,0.07106254448620264,
out_straw_1push_1walk_1swap_st_11_07_2024_1_b_label,outdoor_straw,stationary,86,114,1,0.9246302247047424,3.3219802379608154,1730978622_361738260.npy,0.0,True,7695,3.2015857696533203,0.17378640174865723,0.12039446830749512,0.12039446830749512,0.037604636255155484,
out_straw_1push_1walk_1swap_st_11_07_2024_1_b_label,outdoor_straw,stationary,86,114,2,0.394383043050766,5.029918670654297,1730978622_361738260.npy,0.0,True,801,4.703048229217529,0.26485681533813477,0.3268704414367676,0.3268704414367676,0.06950182636999042,
out_straw_1push_1walk_1swap_st_11_07_2024_1_b_label,outdoor_straw,stationary,87,115,0,0.928309977054596,3.1027305126190186,1730978622_428495260.npy,0.0,True,7348,3.0475516319274902,0.22258877754211426,0.05517888069152832,0.05517888069152832,0.01810597074499087,
out_straw_1push_1walk_1swap_st_11_07_2024_1_b_label,outdoor_straw,stationary,87,115,1,0.9279232621192932,3.425044298171997,1730978622_428495260.npy,0.0,True,7296,3.2788522243499756,0.17324227094650269,0.14619207382202148,0.14619207382202148,0.04458635638908786,
out_straw_1push_1walk_1swap_st_11_07_2024_1_b_label,outdoor_straw,stationary,88,117,0,0.9321495890617371,3.0894336700439453,1730978622_562787260.npy,0.0,True,8565,3.041254758834839,0.26192426681518555,0.048178911209106445,0.048178911209106445,0.01584178736396443,
out_straw_1push_1walk_1swap_st_11_07_2024_1_b_label,outdoor_straw,stationary,88,117,1,0.9248245358467102,3.534456491470337,1730978622_562787260.npy,0.0,True,6558,3.420380115509033,0.16404271125793457,0.11407637596130371,0.11407637596130371,0.03335195858613699,
out_straw_1push_1walk_1swap_st_11_07_2024_1_b_label,outdoor_straw,stationary,89,118,0,0.9376427531242371,3.086061716079712,1730978622_629317260.npy,0.0,True,8646,3.0418965816497803,0.23056644201278687,0.04416513442993164,0.04416513442993164,0.01451894673091699,
out_straw_1push_1walk_1swap_st_11_07_2024_1_b_label,outdoor_straw,stationary,89,118,1,0.9186245799064636,3.605740547180176,1730978622_629317260.npy,0.0,True,6032,3.462932586669922,0.21596956253051758,0.1428079605102539,0.1428079605102539,0.04123902413231298,
out_straw_1push_1walk_1swap_st_11_07_2024_1_b_label,outdoor_straw,stationary,90,119,0,0.9357816576957703,3.0777089595794678,1730978622_695661260.npy,0.0,True,8778,3.0407533645629883,0.23955518007278442,0.03695559501647949,0.03695559501647949,0.012153433898046738,
out_straw_1push_1walk_1swap_st_11_07_2024_1_b_label,outdoor_straw,stationary,90,119,1,0.9215924143791199,3.693448543548584,1730978622_695661260.npy,0.0,True,6026,3.4979398250579834,0.20777273178100586,0.19550871849060059,0.19550871849060059,0.05589253339638561,
out_straw_1push_1walk_1swap_st_11_07_2024_1_b_label,outdoor_straw,stationary,91,120,0,0.9360783100128174,3.065072536468506,1730978622_829250260.npy,0.0,True,7777,3.033445358276367,0.1981978416442871,0.03162717819213867,0.03162717819213867,0.010426157209605892,
out_straw_1push_1walk_1swap_st_11_07_2024_1_b_label,outdoor_straw,stationary,91,120,1,0.9194796681404114,3.4433698654174805,1730978622_829250260.npy,0.0,True,5512,3.5380797386169434,0.20742547512054443,-0.09470987319946289,0.09470987319946289,0.02676872207421915,
out_straw_1push_1walk_1swap_st_11_07_2024_1_b_label,outdoor_straw,stationary,92,122,0,0.9417173266410828,3.068267822265625,1730978622_962871260.npy,0.0,True,7763,3.0270392894744873,0.2167186737060547,0.041228532791137695,0.041228532791137695,0.013620085122283042,
out_straw_1push_1walk_1swap_st_11_07_2024_1_b_label,outdoor_straw,stationary,92,122,1,0.8972237706184387,3.3492658138275146,1730978622_962871260.npy,0.0,True,4687,3.287837505340576,0.4903205633163452,0.06142830848693848,0.06142830848693848,0.018683498922059814,
out_straw_1push_1walk_1swap_st_11_07_2024_1_b_label,outdoor_straw,stationary,93,123,0,0.941246509552002,3.068061351776123,1730978623_029460260.npy,0.0,True,8260,3.0239129066467285,0.21667325496673584,0.04414844512939453,0.04414844512939453,0.014599774031968249,
out_straw_1push_1walk_1swap_st_11_07_2024_1_b_label,outdoor_straw,stationary,93,123,1,0.9123309254646301,2.8696155548095703,1730978623_029460260.npy,0.0,True,3921,3.1600723266601562,0.5312926769256592,-0.29045677185058594,0.29045677185058594,0.09191459619456442,
out_straw_1push_1walk_1swap_st_11_07_2024_1_b_label,outdoor_straw,stationary,94,125,0,0.9369257092475891,3.2397634983062744,1730978623_163086260.npy,0.0,True,9059,3.022559404373169,0.19406378269195557,0.21720409393310547,0.21720409393310547,0.07186098430980223,
out_straw_1push_1walk_1swap_st_11_07_2024_1_b_label,outdoor_straw,stationary,94,125,1,0.9197931289672852,2.832946538925171,1730978623_163086260.npy,0.0,True,3949,3.3943047523498535,0.5193920135498047,-0.5613582134246826,0.5613582134246826,0.16538238442970044,
out_straw_1push_1walk_1swap_st_11_07_2024_1_b_label,outdoor_straw,stationary,95,126,0,0.9340117573738098,3.3327016830444336,1730978623_229803260.npy,0.0,True,9018,3.023226499557495,0.17693322896957397,0.3094751834869385,0.3094751834869385,0.10236586095426058,
out_straw_1push_1walk_1swap_st_11_07_2024_1_b_label,outdoor_straw,stationary,95,126,1,0.8945623636245728,2.893173933029175,1730978623_229803260.npy,0.0,True,3621,3.8217382431030273,0.343747615814209,-0.9285643100738525,0.9285643100738525,0.24296910227946766,
out_straw_1push_1walk_1swap_st_11_07_2024_1_b_label,outdoor_straw,stationary,96,128,0,0.9482301473617554,3.1243879795074463,1730978623_363896260.npy,0.0,True,7427,3.0345916748046875,0.19571161270141602,0.08979630470275879,0.08979630470275879,0.029590901948460088,
out_straw_1push_1walk_1swap_st_11_07_2024_1_b_label,outdoor_straw,stationary,96,128,1,0.8732240796089172,2.8449742794036865,1730978623_363896260.npy,0.0,True,3182,4.038830757141113,0.19427233934402466,-1.1938564777374268,1.1938564777374268,0.2955945791059832,
out_straw_1push_1walk_1swap_st_11_07_2024_1_b_label,outdoor_straw,stationary,97,129,0,0.9378674030303955,3.261862277984619,1730978623_430418260.npy,0.0,True,7729,3.016057252883911,0.17378520965576172,0.245805025100708,0.245805025100708,0.08149879279170603,
out_straw_1push_1walk_1swap_st_11_07_2024_1_b_label,outdoor_straw,stationary,97,129,1,0.8785220384597778,2.853407621383667,1730978623_430418260.npy,0.0,True,3219,3.8550920486450195,0.6798170804977417,-1.0016844272613525,1.0016844272613525,0.25983411410719043,
out_straw_1push_1walk_1swap_st_11_07_2024_1_b_label,outdoor_straw,stationary,98,131,0,0.9361768364906311,3.0308806896209717,1730978623_566889260.npy,0.0,True,7819,2.9756340980529785,0.17541813850402832,0.055246591567993164,0.055246591567993164,0.018566325612460955,
out_straw_1push_1walk_1swap_st_11_07_2024_1_b_label,outdoor_straw,stationary,98,131,1,0.727835476398468,2.908025026321411,1730978623_566889260.npy,0.0,True,2260,3.4706640243530273,1.3158490657806396,-0.5626389980316162,0.5626389980316162,0.16211278132474916,
out_straw_1push_1walk_1swap_st_11_07_2024_1_b_label,outdoor_straw,stationary,99,132,0,0.9339903593063354,3.0288572311401367,1730978623_630508260.npy,0.0,True,8649,2.9821975231170654,0.18043732643127441,0.04665970802307129,0.04665970802307129,0.015646082347456795,
out_straw_1push_1walk_1swap_st_11_07_2024_1_b_label,outdoor_straw,stationary,100,134,0,0.9314128756523132,3.1097800731658936,1730978623_763990260.npy,0.0,True,9878,3.0087642669677734,0.26475316286087036,0.10101580619812012,0.10101580619812012,0.03357385199868903,
out_straw_1push_1walk_1swap_st_11_07_2024_1_b_label,outdoor_straw,stationary,100,134,1,0.29189780354499817,3.5433998107910156,1730978623_763990260.npy,0.0,True,2670,4.027529239654541,1.6103841662406921,-0.4841294288635254,0.4841294288635254,0.12020506868003553,
out_straw_1push_1walk_1swap_st_11_07_2024_1_b_label,outdoor_straw,stationary,101,135,0,0.9250859618186951,3.1987411975860596,1730978623_831928260.npy,0.0,True,9744,2.996041774749756,0.3626512289047241,0.2026994228363037,0.2026994228363037,0.0676557398313427,
out_straw_1push_1walk_1swap_st_11_07_2024_1_b_label,outdoor_straw,stationary,101,135,1,0.17270073294639587,4.668086528778076,1730978623_831928260.npy,0.0,True,1552,4.565610885620117,0.22628796100616455,0.10247564315795898,0.10247564315795898,0.022445111010383528,
out_straw_1push_1walk_1swap_st_11_07_2024_1_b_label,outdoor_straw,stationary,101,135,2,0.16034221649169922,3.341249942779541,1730978623_831928260.npy,0.0,True,2499,4.4154229164123535,0.5209465026855469,-1.0741729736328125,1.0741729736328125,0.24327748303340466,
out_straw_1push_1walk_1swap_st_11_07_2024_1_b_label,outdoor_straw,stationary,102,137,0,0.9285497665405273,3.1267876625061035,1730978623_964314260.npy,0.0,True,10845,3.0071640014648438,1.3385052680969238,0.11962366104125977,0.11962366104125977,0.039779560071545456,
out_straw_1push_1walk_1swap_st_11_07_2024_1_b_label,outdoor_straw,stationary,103,138,0,0.9360983967781067,2.9812285900115967,1730978624_031233260.npy,0.0,True,10924,3.01883602142334,1.3187683820724487,-0.037607431411743164,0.037607431411743164,0.012457593305784054,
out_straw_1push_1walk_1swap_st_11_07_2024_1_b_label,outdoor_straw,stationary,104,140,0,0.9372880458831787,2.9982547760009766,1730978624_164704260.npy,0.0,True,10599,3.0098440647125244,1.4148545265197754,-0.011589288711547852,0.011589288711547852,0.00385046150643514,
out_straw_1push_1walk_1swap_st_11_07_2024_1_b_label,outdoor_straw,stationary,105,141,0,0.9397430419921875,2.991316556930542,1730978624_231964260.npy,0.0,True,9969,3.0008134841918945,1.3688032627105713,-0.009496927261352539,0.009496927261352539,0.00316478425313062,
out_straw_1push_1walk_1swap_st_11_07_2024_1_b_label,outdoor_straw,stationary,106,143,0,0.9364370703697205,3.003406047821045,1730978624_364972260.npy,0.0,True,8683,2.971156597137451,0.24180078506469727,0.03224945068359375,0.03224945068359375,0.010854173998995662,
out_straw_1push_1walk_1swap_st_11_07_2024_1_b_label,outdoor_straw,stationary,107,144,0,0.9313217997550964,2.987027645111084,1730978624_432081260.npy,0.0,True,8603,2.996083974838257,0.22177338600158691,-0.009056329727172852,0.009056329727172852,0.0030227222612015593,
out_straw_1push_1walk_1swap_st_11_07_2024_1_b_label,outdoor_straw,stationary,108,146,0,0.9317827224731445,3.069181203842163,1730978624_565588260.npy,0.0,True,8002,2.9748051166534424,0.2238643765449524,0.0943760871887207,0.0943760871887207,0.03172513273571705,
out_straw_1push_1walk_1swap_st_11_07_2024_1_b_label,outdoor_straw,stationary,108,146,1,0.7256730794906616,18.34800148010254,1730978624_565588260.npy,0.0,True,633,4.948622226715088,0.24416780471801758,13.399379253387451,13.399379253387451,2.707698959328727,
out_straw_1push_1walk_1swap_st_11_07_2024_1_b_label,outdoor_straw,stationary,109,147,0,0.9349225759506226,2.97214412689209,1730978624_632059260.npy,0.0,True,8064,2.9505720138549805,0.23404407501220703,0.021572113037109375,0.021572113037109375,0.007311163034087409,
out_straw_1push_1walk_1swap_st_11_07_2024_1_b_label,outdoor_straw,stationary,109,147,1,0.797613799571991,13.206353187561035,1730978624_632059260.npy,0.0,True,823,4.885085582733154,0.14542531967163086,8.32126760482788,8.32126760482788,1.7034026249694112,
out_straw_1push_1walk_1swap_st_11_07_2024_1_b_label,outdoor_straw,stationary,110,149,0,0.9378547668457031,3.0068247318267822,1730978624_765848260.npy,0.0,True,8055,2.921785354614258,0.17953252792358398,0.08503937721252441,0.08503937721252441,0.02910527875643745,
out_straw_1push_1walk_1swap_st_11_07_2024_1_b_label,outdoor_straw,stationary,110,149,1,0.8236863613128662,4.95085334777832,1730978624_765848260.npy,0.0,True,2220,4.6795973777771,0.3785468339920044,0.2712559700012207,0.2712559700012207,0.05796566415935394,
out_straw_1push_1walk_1swap_st_11_07_2024_1_b_label,outdoor_straw,stationary,111,150,0,0.9420813322067261,2.9775822162628174,1730978624_832550260.npy,0.0,True,8101,2.894160509109497,0.17072463035583496,0.08342170715332031,0.08342170715332031,0.028824146722597737,
out_straw_1push_1walk_1swap_st_11_07_2024_1_b_label,outdoor_straw,stationary,111,150,1,0.8863281011581421,4.820918560028076,1730978624_832550260.npy,0.0,True,2696,4.609370231628418,0.348363995552063,0.2115483283996582,0.2115483283996582,0.04589527804645918,
out_straw_1push_1walk_1swap_st_11_07_2024_1_b_label,outdoor_straw,stationary,112,152,0,0.9467920660972595,2.9037911891937256,1730978624_965972260.npy,0.0,True,8658,2.8491058349609375,0.12742221355438232,0.054685354232788086,0.054685354232788086,0.019193865514489688,
out_straw_1push_1walk_1swap_st_11_07_2024_1_b_label,outdoor_straw,stationary,112,152,1,0.9021299481391907,5.18862771987915,1730978624_965972260.npy,0.0,True,2605,4.575023651123047,0.21267080307006836,0.6136040687561035,0.6136040687561035,0.1341204145699837,
out_straw_1push_1walk_1swap_st_11_07_2024_1_b_label,outdoor_straw,stationary,113,153,0,0.9439442753791809,2.8672471046447754,1730978625_033135260.npy,0.0,True,8590,2.8218331336975098,0.12924110889434814,0.045413970947265625,0.045413970947265625,0.016093783294605625,
out_straw_1push_1walk_1swap_st_11_07_2024_1_b_label,outdoor_straw,stationary,113,153,1,0.905348002910614,4.744542121887207,1730978625_033135260.npy,0.0,True,2899,4.5394134521484375,0.25712060928344727,0.20512866973876953,0.20512866973876953,0.04518836451032791,
out_straw_1push_1walk_1swap_st_11_07_2024_1_b_label,outdoor_straw,stationary,114,155,0,0.9421368837356567,2.840528726577759,1730978625_166464260.npy,0.0,True,9136,2.7725210189819336,0.1419684886932373,0.0680077075958252,0.0680077075958252,0.024529194595897977,
out_straw_1push_1walk_1swap_st_11_07_2024_1_b_label,outdoor_straw,stationary,114,155,1,0.9259714484214783,4.851107120513916,1730978625_166464260.npy,0.0,True,2904,4.467235088348389,0.16146087646484375,0.38387203216552734,0.38387203216552734,0.08593056433648565,
out_straw_1push_1walk_1swap_st_11_07_2024_1_b_label,outdoor_straw,stationary,115,156,0,0.9409183859825134,2.7704975605010986,1730978625_233032260.npy,0.0,True,9598,2.7321438789367676,0.1386691927909851,0.038353681564331055,0.038353681564331055,0.014037943557810233,
out_straw_1push_1walk_1swap_st_11_07_2024_1_b_label,outdoor_straw,stationary,115,156,1,0.9232857823371887,4.56178092956543,1730978625_233032260.npy,0.0,True,3195,4.403110027313232,0.19297170639038086,0.15867090225219727,0.15867090225219727,0.03603609750106969,
out_straw_1push_1walk_1swap_st_11_07_2024_1_b_label,outdoor_straw,stationary,116,158,0,0.935005784034729,2.7054970264434814,1730978625_366778260.npy,0.0,True,10837,2.6364972591400146,0.2578136920928955,0.0689997673034668,0.0689997673034668,0.02617099906486285,
out_straw_1push_1walk_1swap_st_11_07_2024_1_b_label,outdoor_straw,stationary,116,158,1,0.9292321801185608,4.405516624450684,1730978625_366778260.npy,0.0,True,3583,4.242480278015137,0.17594337463378906,0.16303634643554688,0.16303634643554688,0.038429488353879666,
out_straw_1push_1walk_1swap_st_11_07_2024_1_b_label,outdoor_straw,stationary,117,159,0,0.934730589389801,2.6574084758758545,1730978625_433397260.npy,0.0,True,10941,2.595741033554077,0.1734330654144287,0.061667442321777344,0.061667442321777344,0.023757162800382498,
out_straw_1push_1walk_1swap_st_11_07_2024_1_b_label,outdoor_straw,stationary,117,159,1,0.9258800148963928,4.2870683670043945,1730978625_433397260.npy,0.0,True,3998,4.192806243896484,0.16608357429504395,0.09426212310791016,0.09426212310791016,0.022481869570082948,
out_straw_1push_1walk_1swap_st_11_07_2024_1_b_label,outdoor_straw,stationary,118,161,0,0.9402804970741272,2.566175937652588,1730978625_567106260.npy,0.0,True,10785,2.5173277854919434,0.11424756050109863,0.04884815216064453,0.04884815216064453,0.019404764227435915,
out_straw_1push_1walk_1swap_st_11_07_2024_1_b_label,outdoor_straw,stationary,118,161,1,0.9299593567848206,4.157973289489746,1730978625_567106260.npy,0.0,True,4600,4.064492225646973,0.1937464475631714,0.09348106384277344,0.09348106384277344,0.022999444617683683,
out_straw_1push_1walk_1swap_st_11_07_2024_1_b_label,outdoor_straw,stationary,119,162,0,0.9389744400978088,2.514683723449707,1730978625_633539260.npy,0.0,True,11368,2.483315944671631,0.1438509225845337,0.03136777877807617,0.03136777877807617,0.012631408760283193,
out_straw_1push_1walk_1swap_st_11_07_2024_1_b_label,outdoor_straw,stationary,119,162,1,0.9228430986404419,4.046059608459473,1730978625_633539260.npy,0.0,True,5085,3.967237710952759,0.1875312328338623,0.07882189750671387,0.07882189750671387,0.019868206356554383,
out_straw_1push_1walk_1swap_st_11_07_2024_1_b_label,outdoor_straw,stationary,120,163,0,0.9273703098297119,2.478370428085327,1730978625_700598260.npy,0.0,True,11489,2.4539313316345215,0.14149856567382812,0.024439096450805664,0.024439096450805664,0.009959160688708923,
out_straw_1push_1walk_1swap_st_11_07_2024_1_b_label,outdoor_straw,stationary,120,163,1,0.9197902679443359,3.9361801147460938,1730978625_700598260.npy,0.0,True,5313,3.8849637508392334,0.15950989723205566,0.05121636390686035,0.05121636390686035,0.013183228259413373,
out_straw_1push_1walk_1swap_st_11_07_2024_1_b_label,outdoor_straw,stationary,121,164,0,0.9427446722984314,2.424956798553467,1730978625_834274260.npy,0.0,True,14200,2.4365627765655518,0.16907119750976562,-0.011605978012084961,0.011605978012084961,0.004763258358745891,
out_straw_1push_1walk_1swap_st_11_07_2024_1_b_label,outdoor_straw,stationary,121,164,1,0.9241779446601868,3.8212358951568604,1730978625_834274260.npy,0.0,True,6286,3.729656219482422,0.1300862431526184,0.09157967567443848,0.09157967567443848,0.024554454964524138,
out_straw_1push_1walk_1swap_st_11_07_2024_1_b_label,outdoor_straw,stationary,122,165,0,0.9322484135627747,2.3728606700897217,1730978626_035018260.npy,0.0,True,14254,2.334300994873047,0.22261327505111694,0.038559675216674805,0.038559675216674805,0.016518724578092343,
out_straw_1push_1walk_1swap_st_11_07_2024_1_b_label,outdoor_straw,stationary,122,165,1,0.9202685952186584,3.9076669216156006,1730978626_035018260.npy,0.0,True,5702,3.489802122116089,0.1058570146560669,0.4178647994995117,0.4178647994995117,0.11973882325629791,
out_straw_1push_1walk_1swap_st_11_07_2024_1_b_label,outdoor_straw,stationary,123,165,0,0.9322484135627747,2.3455443382263184,1730978626_035018260.npy,0.0,True,14254,2.334300994873047,0.22261327505111694,0.011243343353271484,0.011243343353271484,0.004816578229613857,
out_straw_1push_1walk_1swap_st_11_07_2024_1_b_label,outdoor_straw,stationary,123,165,1,0.9202685952186584,3.6219077110290527,1730978626_035018260.npy,0.0,True,5702,3.489802122116089,0.1058570146560669,0.13210558891296387,0.13210558891296387,0.037854750581921205,
out_straw_1push_1walk_1swap_st_11_07_2024_1_b_label,outdoor_straw,stationary,124,167,0,0.9251425266265869,3.460860252380371,1730978626_168341260.npy,0.0,True,6456,3.333012342453003,0.11779624223709106,0.12784790992736816,0.12784790992736816,0.038358066755095094,
out_straw_1push_1walk_1swap_st_11_07_2024_1_b_label,outdoor_straw,stationary,124,167,1,0.9238686561584473,2.347344160079956,1730978626_168341260.npy,0.0,True,11235,2.3015363216400146,0.35591042041778564,0.045807838439941406,0.045807838439941406,0.019903156864932697,
out_straw_1push_1walk_1swap_st_11_07_2024_1_b_label,outdoor_straw,stationary,125,168,0,0.9259703755378723,2.5416061878204346,1730978626_234716260.npy,0.0,True,10058,2.203861713409424,0.2777485251426697,0.33774447441101074,0.33774447441101074,0.1532512100718481,
out_straw_1push_1walk_1swap_st_11_07_2024_1_b_label,outdoor_straw,stationary,125,168,1,0.9199796319007874,3.3774333000183105,1730978626_234716260.npy,0.0,True,7259,3.2551889419555664,0.17435550689697266,0.12224435806274414,0.12224435806274414,0.037553690505382896,
out_straw_1push_1walk_1swap_st_11_07_2024_1_b_label,outdoor_straw,stationary,126,170,0,0.9305585026741028,2.388720989227295,1730978626_368453260.npy,0.0,True,16162,2.1556382179260254,0.250299870967865,0.23308277130126953,0.23308277130126953,0.10812703605038246,
out_straw_1push_1walk_1swap_st_11_07_2024_1_b_label,outdoor_straw,stationary,126,170,1,0.9269565343856812,3.2459301948547363,1730978626_368453260.npy,0.0,True,7085,3.1408369541168213,0.1649630069732666,0.10509324073791504,0.10509324073791504,0.0334602662516961,
out_straw_1push_1walk_1swap_st_11_07_2024_1_b_label,outdoor_straw,stationary,127,171,0,0.9407477378845215,2.3681082725524902,1730978626_501865260.npy,0.0,True,13295,2.2375471591949463,0.3779942989349365,0.13056111335754395,0.13056111335754395,0.05835010574906448,
out_straw_1push_1walk_1swap_st_11_07_2024_1_b_label,outdoor_straw,stationary,127,171,1,0.9122421145439148,3.150489568710327,1730978626_501865260.npy,0.0,True,7166,3.039872169494629,0.17762571573257446,0.11061739921569824,0.11061739921569824,0.03638883250610111,
out_straw_1push_1walk_1swap_st_11_07_2024_1_b_label,outdoor_straw,stationary,128,172,0,0.9351628422737122,2.6962716579437256,1730978626_568621260.npy,0.0,True,11053,2.362684965133667,0.9662740230560303,0.3335866928100586,0.3335866928100586,0.1411896624953493,
out_straw_1push_1walk_1swap_st_11_07_2024_1_b_label,outdoor_straw,stationary,128,172,1,0.9235823750495911,3.061096429824829,1730978626_568621260.npy,0.0,True,7504,2.9851772785186768,0.1817747950553894,0.07591915130615234,0.07591915130615234,0.02543204112280575,
out_straw_1push_1walk_1swap_st_11_07_2024_1_b_label,outdoor_straw,stationary,129,173,0,0.9286494851112366,2.968423366546631,1730978626_635641260.npy,0.0,True,10455,2.906527280807495,0.18432343006134033,0.06189608573913574,0.06189608573913574,0.021295546113690594,
out_straw_1push_1walk_1swap_st_11_07_2024_1_b_label,outdoor_straw,stationary,129,173,1,0.908928632736206,2.772595167160034,1730978626_635641260.npy,0.0,True,9222,2.9631237983703613,1.2133533954620361,-0.19052863121032715,0.19052863121032715,0.06429992270829615,
out_straw_1push_1walk_1swap_st_11_07_2024_1_b_label,outdoor_straw,stationary,130,175,0,0.9380231499671936,2.8812544345855713,1730978626_769059260.npy,0.0,True,13033,2.801903247833252,0.18260788917541504,0.07935118675231934,0.07935118675231934,0.02832045924986262,
out_straw_1push_1walk_1swap_st_11_07_2024_1_b_label,outdoor_straw,stationary,130,175,1,0.8361086845397949,2.953439950942993,1730978626_769059260.npy,0.0,True,1804,3.0901968479156494,0.7148243188858032,-0.13675689697265625,0.13675689697265625,0.04425507619843032,
out_straw_1push_1walk_1swap_st_11_07_2024_1_b_label,outdoor_straw,stationary,130,175,2,0.5120916366577148,2.7890000343322754,1730978626_769059260.npy,0.0,False,0,,,,,,too_few_valid_depth_pixels
out_straw_1push_1walk_1swap_st_11_07_2024_1_b_label,outdoor_straw,stationary,131,176,0,0.9461294412612915,2.7982895374298096,1730978626_838818260.npy,0.0,True,12199,2.733504295349121,0.18446791172027588,0.06478524208068848,0.06478524208068848,0.0237004354413916,
out_straw_1push_1walk_1swap_st_11_07_2024_1_b_label,outdoor_straw,stationary,131,176,1,0.402606725692749,2.802999973297119,1730978626_838818260.npy,0.0,True,32,4.194159030914307,0.08977866172790527,-1.3911590576171875,1.3911590576171875,0.3316896301173209,
out_straw_1push_1walk_1swap_st_11_07_2024_1_b_label,outdoor_straw,stationary,132,177,0,0.9378529787063599,2.6927273273468018,,0.06362390518188477,False,0,,,,,,no_matching_depth_map
out_straw_1push_1walk_1swap_st_11_07_2024_1_b_label,outdoor_straw,stationary,132,177,1,0.8280759453773499,2.824474573135376,,0.06362390518188477,False,0,,,,,,no_matching_depth_map
out_straw_1push_1walk_1swap_st_11_07_2024_1_b_label,outdoor_straw,stationary,132,177,2,0.5715959072113037,1.1446666717529297,,0.06362390518188477,False,0,,,,,,no_matching_depth_map
out_straw_1push_1walk_1swap_st_11_07_2024_1_b_label,outdoor_straw,stationary,133,178,0,0.9317054152488708,2.764855146408081,1730978627_036053260.npy,0.0,True,9963,3.051436424255371,0.509912371635437,-0.28658127784729004,0.28658127784729004,0.09391684374260664,
out_straw_1push_1walk_1swap_st_11_07_2024_1_b_label,outdoor_straw,stationary,133,178,1,0.918300211429596,2.6139445304870605,1730978627_036053260.npy,0.0,True,8424,2.502950668334961,0.10273206233978271,0.11099386215209961,0.11099386215209961,0.044345205663176776,
out_straw_1push_1walk_1swap_st_11_07_2024_1_b_label,outdoor_straw,stationary,134,180,0,0.9311373233795166,2.509352922439575,1730978627_169588260.npy,0.0,True,14636,2.3845458030700684,0.13620632886886597,0.12480711936950684,0.12480711936950684,0.05233999666050426,
out_straw_1push_1walk_1swap_st_11_07_2024_1_b_label,outdoor_straw,stationary,134,180,1,0.8710438013076782,2.088704824447632,1730978627_169588260.npy,0.0,True,9349,2.7459514141082764,0.961186408996582,-0.6572465896606445,0.6572465896606445,0.2393511357425381,
out_straw_1push_1walk_1swap_st_11_07_2024_1_b_label,outdoor_straw,stationary,135,183,0,0.9464312195777893,1.2414577007293701,1730978627_370281260.npy,0.0,True,15542,1.2296810150146484,0.15932169556617737,0.01177668571472168,0.01177668571472168,0.00957702491209185,
out_straw_1push_1walk_1swap_st_11_07_2024_1_b_label,outdoor_straw,stationary,135,183,1,0.9416149854660034,2.3718719482421875,1730978627_370281260.npy,0.0,True,12875,2.293740749359131,0.29530763626098633,0.07813119888305664,0.07813119888305664,0.03406278538883979,
out_straw_1push_1walk_1swap_st_11_07_2024_1_b_label,outdoor_straw,stationary,136,184,0,0.9373403191566467,1.3008795976638794,1730978627_504258260.npy,0.0,True,28323,1.2984858751296997,0.17217737436294556,0.0023937225341796875,0.0023937225341796875,0.0018434721393797138,
out_straw_1push_1walk_1swap_st_11_07_2024_1_b_label,outdoor_straw,stationary,136,184,1,0.9316630363464355,2.2530829906463623,1730978627_504258260.npy,0.0,True,6221,2.2094292640686035,0.2322831153869629,0.04365372657775879,0.04365372657775879,0.01975791996950907,
out_straw_1push_1walk_1swap_st_11_07_2024_1_b_label,outdoor_straw,stationary,137,185,0,0.9486197829246521,1.3554563522338867,1730978627_570198260.npy,0.0,True,26378,1.3336420059204102,0.1445913016796112,0.021814346313476562,0.021814346313476562,0.016356973023222553,
out_straw_1push_1walk_1swap_st_11_07_2024_1_b_label,outdoor_straw,stationary,137,185,1,0.9007516503334045,2.171971321105957,1730978627_570198260.npy,0.0,True,3203,2.130004405975342,0.18895530700683594,0.041966915130615234,0.041966915130615234,0.019702736300866164,
out_straw_1push_1walk_1swap_st_11_07_2024_1_b_label,outdoor_straw,stationary,138,186,0,0.9454095959663391,1.3997071981430054,1730978627_639370260.npy,0.0,True,23986,1.3501534461975098,0.272259384393692,0.049553751945495605,0.049553751945495605,0.03670231119659457,
out_straw_1push_1walk_1swap_st_11_07_2024_1_b_label,outdoor_straw,stationary,138,186,1,0.8488142490386963,2.135283946990967,1730978627_639370260.npy,0.0,True,1392,3.266481876373291,2.223227381706238,-1.1311979293823242,1.1311979293823242,0.3463046703440677,
out_straw_1push_1walk_1swap_st_11_07_2024_1_b_label,outdoor_straw,stationary,139,188,0,0.9464485049247742,1.4697641134262085,1730978627_770589260.npy,0.0,True,22326,1.4046497344970703,0.27210742235183716,0.06511437892913818,0.06511437892913818,0.04635631028147537,
out_straw_1push_1walk_1swap_st_11_07_2024_1_b_label,outdoor_straw,stationary,139,188,1,0.857119619846344,4.699604034423828,1730978627_770589260.npy,0.0,True,3003,4.494043827056885,0.520911693572998,0.20556020736694336,0.20556020736694336,0.045740588048862704,
out_straw_1push_1walk_1swap_st_11_07_2024_1_b_label,outdoor_straw,stationary,140,189,0,0.9288373589515686,1.5585283041000366,1730978627_837337260.npy,0.0,True,22751,1.459118366241455,0.32976311445236206,0.09940993785858154,0.09940993785858154,0.06813013951339104,
out_straw_1push_1walk_1swap_st_11_07_2024_1_b_label,outdoor_straw,stationary,140,189,1,0.8197898864746094,5.30476188659668,1730978627_837337260.npy,0.0,True,3125,4.489190578460693,0.8340463638305664,0.8155713081359863,0.8155713081359863,0.18167446756418149,
out_straw_1push_1walk_1swap_st_11_07_2024_1_b_label,outdoor_straw,stationary,141,191,0,0.9380561113357544,1.679953694343567,1730978627_972579260.npy,0.0,True,19553,1.5910608768463135,0.12945187091827393,0.08889281749725342,0.08889281749725342,0.05587015480730717,
out_straw_1push_1walk_1swap_st_11_07_2024_1_b_label,outdoor_straw,stationary,142,192,0,0.9487926363945007,1.7867001295089722,1730978628_037825260.npy,0.0,True,19679,1.66168212890625,0.17885297536849976,0.12501800060272217,0.12501800060272217,0.07523580980257116,
out_straw_1push_1walk_1swap_st_11_07_2024_1_b_label,outdoor_straw,stationary,143,194,0,0.9437891840934753,1.8887158632278442,1730978628_172873260.npy,0.0,True,18365,1.8129874467849731,0.17830121517181396,0.0757284164428711,0.0757284164428711,0.041769961825804496,
out_straw_1push_1walk_1swap_st_11_07_2024_1_b_label,outdoor_straw,stationary,144,195,0,0.9462366104125977,1.9821085929870605,1730978628_238092260.npy,0.0,True,17097,1.8393498659133911,0.1897125244140625,0.14275872707366943,0.14275872707366943,0.07761368824890624,
out_straw_1push_1walk_1swap_st_11_07_2024_1_b_label,outdoor_straw,stationary,145,197,0,0.9311162829399109,2.0871899127960205,1730978628_371728260.npy,0.0,True,15531,1.950857400894165,0.18283653259277344,0.13633251190185547,0.13633251190185547,0.0698833814503142,
out_straw_1push_1walk_1swap_st_11_07_2024_1_b_label,outdoor_straw,stationary,146,198,0,0.9351890087127686,2.1832387447357178,1730978628_439484260.npy,0.0,True,14715,2.023117780685425,0.20653486251831055,0.16012096405029297,0.16012096405029297,0.07914564617985048,
out_straw_1push_1walk_1swap_st_11_07_2024_1_b_label,outdoor_straw,stationary,147,200,0,0.9392407536506653,2.2550110816955566,1730978628_572001260.npy,0.0,True,13064,2.1685338020324707,0.23667484521865845,0.08647727966308594,0.08647727966308594,0.03987822536223997,
out_straw_1push_1walk_1swap_st_11_07_2024_1_b_label,outdoor_straw,stationary,148,201,0,0.937115490436554,2.321645736694336,1730978628_638717260.npy,0.0,True,12260,2.2269225120544434,0.23858392238616943,0.09472322463989258,0.09472322463989258,0.042535482993750796,
out_straw_1push_1walk_1swap_st_11_07_2024_1_b_label,outdoor_straw,stationary,149,203,0,0.9400069713592529,2.3823530673980713,1730978628_772295260.npy,0.0,True,11131,2.307363748550415,0.20466434955596924,0.07498931884765625,0.07498931884765625,0.03249999870838213,
out_straw_1push_1walk_1swap_st_11_07_2024_1_b_label,outdoor_straw,stationary,150,204,0,0.9421114921569824,2.4720194339752197,1730978628_839524260.npy,0.0,True,9994,2.3515162467956543,0.209355890750885,0.12050318717956543,0.12050318717956543,0.05124488820511947,
out_straw_1push_1walk_1swap_st_11_07_2024_1_b_label,outdoor_straw,stationary,151,206,0,0.9309039115905762,2.539538860321045,1730978628_972584260.npy,0.0,True,9650,2.4559388160705566,0.2286028265953064,0.08360004425048828,0.08360004425048828,0.03403995396931197,
out_straw_1push_1walk_1swap_st_11_07_2024_1_b_label,outdoor_straw,stationary,152,207,0,0.9281043410301208,2.599938154220581,1730978629_040641260.npy,0.0,True,9091,2.486443519592285,0.2037426233291626,0.1134946346282959,0.1134946346282959,0.04564537007738113,
out_straw_1push_1walk_1swap_st_11_07_2024_1_b_label,outdoor_straw,stationary,153,209,0,0.9349088668823242,2.653761863708496,1730978629_172896260.npy,0.0,True,8995,2.543410301208496,0.16114914417266846,0.1103515625,0.1103515625,0.043387243673412304,
out_straw_1push_1walk_1swap_st_11_07_2024_1_b_label,outdoor_straw,stationary,154,210,0,0.9374213814735413,2.6973378658294678,1730978629_241536260.npy,0.0,True,9088,2.588440418243408,0.17017072439193726,0.10889744758605957,0.10889744758605957,0.04207067963339893,
out_straw_1push_1walk_1swap_st_11_07_2024_1_b_label,outdoor_straw,stationary,155,211,0,0.9343919157981873,2.7509193420410156,1730978629_373277260.npy,0.0,True,8943,2.6598434448242188,0.20480263233184814,0.09107589721679688,0.09107589721679688,0.034241074373764814,
out_straw_1push_1walk_1swap_st_11_07_2024_1_b_label,outdoor_straw,stationary,156,212,0,0.9261956810951233,2.7827651500701904,1730978629_441075260.npy,0.0,True,8506,2.7025370597839355,0.184880793094635,0.08022809028625488,0.08022809028625488,0.029686212810961052,
out_straw_1push_1walk_1swap_st_11_07_2024_1_b_label,outdoor_straw,stationary,157,214,0,0.9165678024291992,2.815631866455078,1730978629_574306260.npy,0.0,True,8791,2.747495651245117,0.13673079013824463,0.06813621520996094,0.06813621520996094,0.024799389647471432,
out_straw_1push_1walk_1swap_st_11_07_2024_1_b_label,outdoor_straw,stationary,158,215,0,0.9222742319107056,2.8408427238464355,1730978629_641413260.npy,0.0,True,8542,2.767557144165039,0.13519692420959473,0.07328557968139648,0.07328557968139648,0.02648024082751377,
out_straw_1push_1walk_1swap_st_11_07_2024_1_b_label,outdoor_straw,stationary,159,217,0,0.9221819639205933,2.8573267459869385,1730978629_775644260.npy,0.0,True,8437,2.788605213165283,0.14318180084228516,0.06872153282165527,0.06872153282165527,0.024643693735210012,
out_straw_1push_1walk_1swap_st_11_07_2024_1_b_label,outdoor_straw,stationary,160,218,0,0.9283645153045654,2.8572821617126465,1730978629_840729260.npy,0.0,True,8568,2.7833333015441895,0.14212387800216675,0.07394886016845703,0.07394886016845703,0.02656845305857919,
out_straw_1push_1walk_1swap_st_11_07_2024_1_b_label,outdoor_straw,stationary,161,220,0,0.9251416325569153,2.8534610271453857,1730978629_976954260.npy,0.0,True,8535,2.826894760131836,0.17433452606201172,0.026566267013549805,0.026566267013549805,0.009397685187371762,
out_straw_1push_1walk_1swap_st_11_07_2024_1_b_label,outdoor_straw,stationary,162,221,0,0.9137791991233826,2.839642286300659,1730978630_041002260.npy,0.0,True,8134,2.818450450897217,0.16066211462020874,0.021191835403442383,0.021191835403442383,0.007518966812666953,
out_straw_1push_1walk_1swap_st_11_07_2024_1_b_label,outdoor_straw,stationary,163,223,0,0.9220447540283203,2.8260695934295654,1730978630_175261260.npy,0.0,True,8318,2.8068504333496094,0.18461817502975464,0.019219160079956055,0.019219160079956055,0.006847233415647479,
out_straw_1push_1walk_1swap_st_11_07_2024_1_b_label,outdoor_straw,stationary,164,224,0,0.9345574378967285,2.8199944496154785,1730978630_310585260.npy,0.0,True,8453,2.7941057682037354,0.17934489250183105,0.025888681411743164,0.025888681411743164,0.009265462212043028,
out_straw_1push_1walk_1swap_st_11_07_2024_1_b_label,outdoor_straw,stationary,165,225,0,0.9339500069618225,2.8224425315856934,1730978630_374878260.npy,0.0,True,8560,2.7846121788024902,0.19401276111602783,0.037830352783203125,0.037830352783203125,0.013585501446550411,
out_straw_1push_1walk_1swap_st_11_07_2024_1_b_label,outdoor_straw,stationary,166,226,0,0.9323452115058899,2.8133058547973633,1730978630_441645260.npy,0.0,True,8490,2.787996292114258,0.19530004262924194,0.02530956268310547,0.02530956268310547,0.009078047468962786,
out_straw_1push_1walk_1swap_st_11_07_2024_1_b_label,outdoor_straw,stationary,167,227,0,0.9326634407043457,2.8184967041015625,1730978630_575805260.npy,0.0,True,8444,2.794132947921753,0.17941397428512573,0.02436375617980957,0.02436375617980957,0.008719612357003656,
out_straw_1push_1walk_1swap_st_11_07_2024_1_b_label,outdoor_straw,stationary,168,228,0,0.9336410760879517,2.8218026161193848,1730978630_646189260.npy,0.0,True,8350,2.7858409881591797,0.17361575365066528,0.03596162796020508,0.03596162796020508,0.01290871521851206,
out_straw_1push_1walk_1swap_st_11_07_2024_1_b_label,outdoor_straw,stationary,169,230,0,0.9328222870826721,2.8272531032562256,1730978630_776069260.npy,0.0,True,7927,2.8064372539520264,0.18069100379943848,0.02081584930419922,0.02081584930419922,0.007417179655410549,
out_straw_1push_1walk_1swap_st_11_07_2024_1_b_label,outdoor_straw,stationary,170,231,0,0.9347354769706726,2.828829526901245,1730978630_842315260.npy,0.0,True,7774,2.8086166381835938,0.1683652400970459,0.020212888717651367,0.020212888717651367,0.007196741784853761,
out_straw_1push_1walk_1swap_st_11_07_2024_1_b_label,outdoor_straw,stationary,171,233,0,0.9338494539260864,2.832627773284912,1730978630_976231260.npy,0.0,True,7927,2.79929518699646,0.1587848663330078,0.03333258628845215,0.03333258628845215,0.011907492444273724,
out_straw_1push_1walk_1swap_st_11_07_2024_1_b_label,outdoor_straw,stationary,172,234,0,0.9341277480125427,2.8204691410064697,1730978631_043723260.npy,0.0,True,7911,2.79927396774292,0.15803790092468262,0.021195173263549805,0.021195173263549805,0.007571668049569177,
out_straw_1push_1walk_1swap_st_11_07_2024_1_b_label,outdoor_straw,stationary,173,236,0,0.9315559267997742,2.8364450931549072,1730978631_178312260.npy,0.0,True,8024,2.809271812438965,0.1866435408592224,0.027173280715942383,0.027173280715942383,0.009672713261715668,
out_straw_1push_1walk_1swap_st_11_07_2024_1_b_label,outdoor_straw,stationary,174,237,0,0.9293893575668335,2.8297603130340576,1730978631_244901260.npy,0.0,True,7912,2.8106794357299805,0.175811767578125,0.01908087730407715,0.01908087730407715,0.006788706339654677,
out_straw_1push_1walk_1swap_st_11_07_2024_1_b_label,outdoor_straw,stationary,175,239,0,0.9266073703765869,2.8332109451293945,1730978631_376575260.npy,0.0,True,8206,2.8120250701904297,0.20606333017349243,0.021185874938964844,0.021185874938964844,0.0075340277594076145,
out_straw_1push_1walk_1swap_st_11_07_2024_1_b_label,outdoor_straw,stationary,176,240,0,0.9264860153198242,2.8417630195617676,1730978631_443367260.npy,0.0,True,8550,2.8154726028442383,0.22765392065048218,0.026290416717529297,0.026290416717529297,0.00933783432698662,
out_straw_1push_1walk_1swap_st_11_07_2024_1_b_label,outdoor_straw,stationary,177,242,0,0.9196672439575195,2.844115972518921,1730978631_576952260.npy,0.0,True,8280,2.8127431869506836,0.2300252914428711,0.031372785568237305,0.031372785568237305,0.01115380377198559,
out_straw_1push_1walk_1swap_st_11_07_2024_1_b_label,outdoor_straw,stationary,178,243,0,0.9267721772193909,2.836456060409546,1730978631_644579260.npy,0.0,True,8382,2.801776647567749,0.23384064435958862,0.034679412841796875,0.034679412841796875,0.012377650756673422,
out_straw_1push_1walk_1swap_st_11_07_2024_1_b_label,outdoor_straw,stationary,179,245,0,0.9291023015975952,2.8253133296966553,1730978631_777205260.npy,0.0,True,7941,2.8065736293792725,0.20022296905517578,0.018739700317382812,0.018739700317382812,0.006677074180849998,
out_straw_1push_1walk_1swap_st_11_07_2024_1_b_label,outdoor_straw,stationary,180,246,0,0.921213686466217,2.813978672027588,1730978631_844716260.npy,0.0,True,7721,2.7966725826263428,0.19122004508972168,0.017306089401245117,0.017306089401245117,0.006188099925874428,
out_straw_1push_1walk_1swap_st_11_07_2024_1_b_label,outdoor_straw,stationary,181,248,0,0.9179624319076538,2.811760902404785,1730978631_978504260.npy,0.0,True,7053,2.7899818420410156,0.15517878532409668,0.02177906036376953,0.02177906036376953,0.007806165630037587,
out_straw_1push_1walk_1swap_st_11_07_2024_1_b_label,outdoor_straw,stationary,182,249,0,0.9148393869400024,2.8095598220825195,1730978632_044308260.npy,0.0,True,6982,2.7845983505249023,0.12994974851608276,0.024961471557617188,0.024961471557617188,0.008964119206962792,
out_straw_1push_1walk_1swap_st_11_07_2024_1_b_label,outdoor_straw,stationary,183,251,0,0.9173953533172607,2.805812358856201,1730978632_179207260.npy,0.0,True,7276,2.781810760498047,0.13876944780349731,0.024001598358154297,0.024001598358154297,0.00862804857144816,
out_straw_1push_1walk_1swap_st_11_07_2024_1_b_label,outdoor_straw,stationary,184,252,0,0.8960592150688171,2.8091022968292236,1730978632_244634260.npy,0.0,True,7144,2.7743656635284424,0.13111674785614014,0.03473663330078125,0.03473663330078125,0.012520567767048829,
out_straw_1push_1walk_1swap_st_11_07_2024_1_b_label,outdoor_straw,stationary,185,254,0,0.861238420009613,2.8330636024475098,1730978632_378132260.npy,0.0,True,6454,2.7918202877044678,0.11413514614105225,0.04124331474304199,0.04124331474304199,0.01477291175391296,
out_straw_1push_1walk_1swap_st_11_07_2024_1_b_label,outdoor_straw,stationary,186,255,0,0.903712272644043,2.5415735244750977,1730978632_445043260.npy,0.0,True,5375,2.8060142993927,0.11728513240814209,-0.26444077491760254,0.26444077491760254,0.09424070824401533,
out_straw_1push_1walk_1swap_st_11_07_2024_1_b_label,outdoor_straw,stationary,187,257,0,0.7927922010421753,1.8329224586486816,1730978632_578515260.npy,0.0,True,4024,2.7070529460906982,0.22217553853988647,-0.8741304874420166,0.8741304874420166,0.32290852999545633,
out_straw_1push_1walk_1swap_st_11_07_2024_1_b_label,outdoor_straw,stationary,188,258,0,0.8741724491119385,1.88236665725708,1730978632_648626260.npy,0.0,True,5404,2.7667481899261475,0.19226127862930298,-0.8843815326690674,0.8843815326690674,0.3196465568818802,
out_straw_1push_1walk_1swap_st_11_07_2024_1_b_label,outdoor_straw,stationary,189,260,0,0.8715659379959106,1.9795587062835693,1730978632_780173260.npy,0.0,True,4453,2.836174488067627,0.17159628868103027,-0.8566157817840576,0.8566157817840576,0.302032115932224,
out_straw_1push_1walk_1swap_st_11_07_2024_1_b_label,outdoor_straw,stationary,189,260,1,0.4224688410758972,1.882561445236206,1730978632_780173260.npy,0.0,False,2,,,,,,too_few_valid_depth_pixels
out_straw_1push_1walk_1swap_st_11_07_2024_1_b_label,outdoor_straw,stationary,190,261,0,0.9133731126785278,2.174600124359131,1730978632_913621260.npy,0.0,True,4404,2.6169533729553223,0.15884053707122803,-0.4423532485961914,0.4423532485961914,0.1690336760171781,
out_straw_1push_1walk_1swap_st_11_07_2024_1_b_label,outdoor_straw,stationary,190,261,1,0.8630653023719788,1.8018181324005127,1730978632_913621260.npy,0.0,True,4421,2.903416156768799,0.15126371383666992,-1.1015980243682861,1.1015980243682861,0.3794144431552143,
out_straw_1push_1walk_1swap_st_11_07_2024_1_b_label,outdoor_straw,stationary,191,262,0,0.934008002281189,2.1141653060913086,1730978632_979250260.npy,0.0,True,7387,2.595247268676758,0.2910294532775879,-0.4810819625854492,0.4810819625854492,0.18537037622266303,
out_straw_1push_1walk_1swap_st_11_07_2024_1_b_label,outdoor_straw,stationary,191,262,1,0.8403204083442688,1.7946193218231201,1730978632_979250260.npy,0.0,True,3810,2.893230438232422,0.12382030487060547,-1.0986111164093018,1.0986111164093018,0.37971780674355227,
out_straw_1push_1walk_1swap_st_11_07_2024_1_b_label,outdoor_straw,stationary,192,263,0,0.9433746337890625,1.9119592905044556,1730978633_045992260.npy,0.0,True,8835,2.539973497390747,1.1950843930244446,-0.6280142068862915,0.6280142068862915,0.2472522676049318,
out_straw_1push_1walk_1swap_st_11_07_2024_1_b_label,outdoor_straw,stationary,192,263,1,0.8625409007072449,1.4666261672973633,1730978633_045992260.npy,0.0,True,4306,2.8526225090026855,0.1578845977783203,-1.3859963417053223,1.3859963417053223,0.48586742105946745,
out_straw_1push_1walk_1swap_st_11_07_2024_1_b_label,outdoor_straw,stationary,193,265,0,0.9512069821357727,1.1744266748428345,1730978633_179637260.npy,0.0,True,12017,1.1854549646377563,1.576547086238861,-0.011028289794921875,0.011028289794921875,0.009303001905510453,
out_straw_1push_1walk_1swap_st_11_07_2024_1_b_label,outdoor_straw,stationary,193,265,1,0.8008996248245239,1.8898508548736572,1730978633_179637260.npy,0.0,True,3999,2.7447097301483154,1.4240059852600098,-0.8548588752746582,0.8548588752746582,0.31145693327230795,
out_straw_1push_1walk_1swap_st_11_07_2024_1_b_label,outdoor_straw,stationary,194,266,0,0.9523401260375977,1.0993812084197998,1730978633_246914260.npy,0.0,True,14103,1.1558202505111694,0.2529527246952057,-0.05643904209136963,0.05643904209136963,0.048830293522205616,
out_straw_1push_1walk_1swap_st_11_07_2024_1_b_label,outdoor_straw,stationary,194,266,1,0.902138888835907,2.0006961822509766,1730978633_246914260.npy,0.0,True,3790,2.796576499938965,0.19665026664733887,-0.7958803176879883,0.7958803176879883,0.2845909338454923,
out_straw_1push_1walk_1swap_st_11_07_2024_1_b_label,outdoor_straw,stationary,195,268,0,0.959650993347168,1.077163577079773,1730978633_380145260.npy,0.0,True,24232,1.067211389541626,0.08518967032432556,0.009952187538146973,0.009952187538146973,0.009325413536320578,
out_straw_1push_1walk_1swap_st_11_07_2024_1_b_label,outdoor_straw,stationary,196,269,0,0.9368833303451538,1.0436815023422241,1730978633_447639260.npy,0.0,True,28504,1.0556249618530273,0.07313528656959534,-0.011943459510803223,0.011943459510803223,0.011314112438036575,
out_straw_1push_1walk_1swap_st_11_07_2024_1_b_label,outdoor_straw,stationary,196,269,1,0.41885191202163696,5.500465393066406,1730978633_447639260.npy,0.0,True,7474,0.9270832538604736,2.0311665385961533,4.573382139205933,4.573382139205933,4.933086775283537,
out_straw_1push_1walk_1swap_st_11_07_2024_1_b_label,outdoor_straw,stationary,197,271,0,0.9586138129234314,1.0382804870605469,1730978633_580194260.npy,0.0,True,34692,1.0132420063018799,0.12225602567195892,0.025038480758666992,0.025038480758666992,0.02471125417515227,
out_straw_1push_1walk_1swap_st_11_07_2024_1_b_label,outdoor_straw,stationary,198,272,0,0.9564842581748962,1.0554462671279907,1730978633_649781260.npy,0.0,True,38942,1.0158770084381104,0.17386014759540558,0.03956925868988037,0.03956925868988037,0.038950835939005335,
out_straw_1push_1walk_1swap_st_11_07_2024_1_b_label,outdoor_straw,stationary,199,274,0,0.9435940980911255,1.0241200923919678,1730978633_780659260.npy,0.0,True,38191,0.9632747769355774,0.15027669072151184,0.06084531545639038,0.06084531545639038,0.06316506661780852,
out_straw_1push_1walk_1swap_st_11_07_2024_1_b_label,outdoor_straw,stationary,199,274,1,0.3162689208984375,3.2181639671325684,1730978633_780659260.npy,0.0,True,3424,2.5966103076934814,2.112864390015602,0.6215536594390869,0.6215536594390869,0.23937117464160457,
out_straw_1push_1walk_1swap_st_11_07_2024_1_b_label,outdoor_straw,stationary,200,275,0,0.9495756030082703,0.999700129032135,1730978633_847605260.npy,0.0,True,32791,0.9264708757400513,0.07254678010940552,0.07322925329208374,0.07322925329208374,0.07904107426322418,
out_straw_1push_1walk_1swap_st_11_07_2024_1_b_label,outdoor_straw,stationary,200,275,1,0.9166631102561951,3.0405519008636475,1730978633_847605260.npy,0.0,True,5017,3.1217708587646484,0.23125505447387695,-0.08121895790100098,0.08121895790100098,0.026016950498775896,
out_straw_1push_1walk_1swap_st_11_07_2024_1_b_label,outdoor_straw,stationary,201,276,0,0.9517316818237305,1.0473551750183105,1730978633_913960260.npy,0.0,True,27712,0.9394525289535522,0.06549671292304993,0.1079026460647583,0.1079026460647583,0.11485694352747136,
out_straw_1push_1walk_1swap_st_11_07_2024_1_b_label,outdoor_straw,stationary,201,276,1,0.9357338547706604,3.045182943344116,1730978633_913960260.npy,0.0,True,7731,3.083102226257324,0.24548709392547607,-0.03791928291320801,0.03791928291320801,0.012299067669656686,
out_straw_1push_1walk_1swap_st_11_07_2024_1_b_label,outdoor_straw,stationary,202,278,0,0.9502086043357849,1.098465085029602,1730978634_047574260.npy,0.0,True,33332,1.0089141130447388,0.12510348856449127,0.08955097198486328,0.08955097198486328,0.08875975747292603,
out_straw_1push_1walk_1swap_st_11_07_2024_1_b_label,outdoor_straw,stationary,202,278,1,0.9338153600692749,3.081897497177124,1730978634_047574260.npy,0.0,True,8598,3.0121214389801025,0.19820815324783325,0.06977605819702148,0.06977605819702148,0.023165087998791807,
out_straw_1push_1walk_1swap_st_11_07_2024_1_b_label,outdoor_straw,stationary,203,279,0,0.9559273719787598,1.1112513542175293,1730978634_116378260.npy,0.0,True,33053,1.017030954360962,0.11710256338119507,0.09422039985656738,0.09422039985656738,0.09264260783072187,
out_straw_1push_1walk_1swap_st_11_07_2024_1_b_label,outdoor_straw,stationary,203,279,1,0.9303008317947388,3.0739357471466064,1730978634_116378260.npy,0.0,True,8050,2.996628761291504,0.18814551830291748,0.07730698585510254,0.07730698585510254,0.025797985674336363,
out_straw_1push_1walk_1swap_st_11_07_2024_1_b_label,outdoor_straw,stationary,204,281,0,0.9541596174240112,1.163855791091919,1730978634_247910260.npy,0.0,True,33688,1.0242316722869873,0.13348478078842163,0.13962411880493164,0.13962411880493164,0.13632083695788044,
out_straw_1push_1walk_1swap_st_11_07_2024_1_b_label,outdoor_straw,stationary,204,281,1,0.9261372089385986,3.099900007247925,1730978634_247910260.npy,0.0,True,8065,3.026017904281616,0.1842818260192871,0.0738821029663086,0.0738821029663086,0.024415619901577673,
out_straw_1push_1walk_1swap_st_11_07_2024_1_b_label,outdoor_straw,stationary,205,282,0,0.9558940529823303,1.2212272882461548,1730978634_316306260.npy,0.0,True,33600,1.0630441904067993,0.13796599209308624,0.15818309783935547,0.15818309783935547,0.14880199644270942,
out_straw_1push_1walk_1swap_st_11_07_2024_1_b_label,outdoor_straw,stationary,205,282,1,0.9193839430809021,3.104750633239746,1730978634_316306260.npy,0.0,True,7216,3.017160415649414,0.1362314224243164,0.08759021759033203,0.08759021759033203,0.029030679686773996,
out_straw_1push_1walk_1swap_st_11_07_2024_1_b_label,outdoor_straw,stationary,206,283,0,0.9517617225646973,1.212093472480774,1730978634_448922260.npy,0.0,True,28681,1.103249192237854,0.13982725143432617,0.10884428024291992,0.10884428024291992,0.09865792878772735,
out_straw_1push_1walk_1swap_st_11_07_2024_1_b_label,outdoor_straw,stationary,206,283,1,0.9110615253448486,3.143301248550415,1730978634_448922260.npy,0.0,True,6026,3.034574031829834,0.14015698432922363,0.10872721672058105,0.10872721672058105,0.03582948235242725,
out_straw_1push_1walk_1swap_st_11_07_2024_1_b_label,outdoor_straw,stationary,207,284,0,0.9586066007614136,1.243447184562683,1730978634_514973260.npy,0.0,True,26826,1.1538293361663818,0.14968746900558472,0.08961784839630127,0.08961784839630127,0.07766993400779541,
out_straw_1push_1walk_1swap_st_11_07_2024_1_b_label,outdoor_straw,stationary,207,284,1,0.8966538310050964,3.129417896270752,1730978634_514973260.npy,0.0,True,6220,3.0723891258239746,0.15220588445663452,0.057028770446777344,0.057028770446777344,0.018561701695739133,
out_straw_1push_1walk_1swap_st_11_07_2024_1_b_label,outdoor_straw,stationary,208,286,0,0.9573491215705872,1.3128000497817993,1730978634_648604260.npy,0.0,True,24641,1.2141073942184448,0.12785875797271729,0.09869265556335449,0.09869265556335449,0.0812882419078633,
out_straw_1push_1walk_1swap_st_11_07_2024_1_b_label,outdoor_straw,stationary,208,286,1,0.9125797152519226,3.2682409286499023,1730978634_648604260.npy,0.0,True,7309,3.111635208129883,0.23906803131103516,0.15660572052001953,0.15660572052001953,0.05032907460066336,
out_straw_1push_1walk_1swap_st_11_07_2024_1_b_label,outdoor_straw,stationary,209,287,0,0.9641832113265991,1.4075206518173218,1730978634_715438260.npy,0.0,True,23557,1.2730271816253662,0.12602102756500244,0.13449347019195557,0.13449347019195557,0.10564854555598568,
out_straw_1push_1walk_1swap_st_11_07_2024_1_b_label,outdoor_straw,stationary,209,287,1,0.9154172539710999,3.216360330581665,1730978634_715438260.npy,0.0,True,7780,3.109652519226074,0.2959396243095398,0.10670781135559082,0.10670781135559082,0.034315027385165245,
out_straw_1push_1walk_1swap_st_11_07_2024_1_b_label,outdoor_straw,stationary,210,289,0,0.9561579823493958,1.4750852584838867,1730978634_848861260.npy,0.0,True,21265,1.400492548942566,0.16145730018615723,0.0745927095413208,0.0745927095413208,0.05326176822407346,
out_straw_1push_1walk_1swap_st_11_07_2024_1_b_label,outdoor_straw,stationary,210,289,1,0.8717420101165771,3.1100661754608154,1730978634_848861260.npy,0.0,True,7549,3.1089651584625244,0.2228374481201172,0.0011010169982910156,0.0011010169982910156,0.00035414259799408665,
out_straw_1push_1walk_1swap_st_11_07_2024_1_b_label,outdoor_straw,stationary,211,290,0,0.9558358192443848,1.547819972038269,1730978634_916008260.npy,0.0,True,20295,1.4593700170516968,0.13711100816726685,0.08844995498657227,0.08844995498657227,0.060608313144094844,
out_straw_1push_1walk_1swap_st_11_07_2024_1_b_label,outdoor_straw,stationary,211,290,1,0.865600049495697,3.112800121307373,1730978634_916008260.npy,0.0,True,7292,3.095285415649414,0.21422380208969116,0.017514705657958984,0.017514705657958984,0.0056585107045077675,
out_straw_1push_1walk_1swap_st_11_07_2024_1_b_label,outdoor_straw,stationary,212,292,0,0.9591259956359863,1.6149804592132568,1730978635_049342260.npy,0.0,True,18605,1.5314947366714478,0.10887563228607178,0.08348572254180908,0.08348572254180908,0.05451257555299017,
out_straw_1push_1walk_1swap_st_11_07_2024_1_b_label,outdoor_straw,stationary,212,292,1,0.8944977521896362,3.08546781539917,1730978635_049342260.npy,0.0,True,6722,3.0764589309692383,0.23439013957977295,0.00900888442993164,0.00900888442993164,0.0029283291706720077,
out_straw_1push_1walk_1swap_st_11_07_2024_1_b_label,outdoor_straw,stationary,213,293,0,0.9581781029701233,1.7028571367263794,1730978635_115937260.npy,0.0,True,17947,1.572906732559204,0.11238646507263184,0.1299504041671753,0.1299504041671753,0.08261799728947626,
out_straw_1push_1walk_1swap_st_11_07_2024_1_b_label,outdoor_straw,stationary,213,293,1,0.9091421961784363,3.0601155757904053,1730978635_115937260.npy,0.0,True,6919,3.0859322547912598,0.24328672885894775,-0.025816679000854492,0.025816679000854492,0.008365925389571068,
out_straw_1push_1walk_1swap_st_11_07_2024_1_b_label,outdoor_straw,stationary,214,295,0,0.9499009847640991,1.809434413909912,1730978635_251047260.npy,0.0,True,15933,1.7253915071487427,0.11913573741912842,0.08404290676116943,0.08404290676116943,0.04870947052478117,
out_straw_1push_1walk_1swap_st_11_07_2024_1_b_label,outdoor_straw,stationary,214,295,1,0.8998484015464783,3.0127298831939697,1730978635_251047260.npy,0.0,True,6391,3.020850419998169,0.1896146535873413,-0.008120536804199219,0.008120536804199219,0.0026881624957134226,
out_straw_1push_1walk_1swap_st_11_07_2024_1_b_label,outdoor_straw,stationary,215,296,0,0.948737621307373,1.9053760766983032,1730978635_316864260.npy,0.0,True,15363,1.8031628131866455,0.17623478174209595,0.10221326351165771,0.10221326351165771,0.056685543182326936,
out_straw_1push_1walk_1swap_st_11_07_2024_1_b_label,outdoor_straw,stationary,215,296,1,0.903782308101654,2.961409330368042,1730978635_316864260.npy,0.0,True,6526,3.0094428062438965,0.18067193031311035,-0.04803347587585449,0.04803347587585449,0.01596092000027253,
out_straw_1push_1walk_1swap_st_11_07_2024_1_b_label,outdoor_straw,stationary,216,298,0,0.9437265396118164,1.982631802558899,1730978635_450757260.npy,0.0,True,15161,1.945011854171753,0.2325676679611206,0.037619948387145996,0.037619948387145996,0.019341757895437482,
out_straw_1push_1walk_1swap_st_11_07_2024_1_b_label,outdoor_straw,stationary,216,298,1,0.9043249487876892,2.8955371379852295,1730978635_450757260.npy,0.0,True,6683,2.943981409072876,0.20213937759399414,-0.048444271087646484,0.048444271087646484,0.016455359038052703,
out_straw_1push_1walk_1swap_st_11_07_2024_1_b_label,outdoor_straw,stationary,217,299,0,0.9430297613143921,2.071791648864746,1730978635_516579260.npy,0.0,True,14515,1.9884198904037476,0.25435763597488403,0.08337175846099854,0.08337175846099854,0.041928648402360304,
out_straw_1push_1walk_1swap_st_11_07_2024_1_b_label,outdoor_straw,stationary,217,299,1,0.9091118574142456,2.883875846862793,1730978635_516579260.npy,0.0,True,6958,2.889756679534912,0.18244928121566772,-0.005880832672119141,0.005880832672119141,0.002035061537798962,
out_straw_1push_1walk_1swap_st_11_07_2024_1_b_label,outdoor_straw,stationary,218,301,0,0.9440866112709045,2.170247793197632,1730978635_650412260.npy,0.0,True,14900,2.0652546882629395,0.25557252764701843,0.10499310493469238,0.10499310493469238,0.050837848489767044,
out_straw_1push_1walk_1swap_st_11_07_2024_1_b_label,outdoor_straw,stationary,218,301,1,0.9066160321235657,2.810220956802368,1730978635_650412260.npy,0.0,True,7327,2.826582431793213,0.16931259632110596,-0.016361474990844727,0.016361474990844727,0.005788430157497596,
out_straw_1push_1walk_1swap_st_11_07_2024_1_b_label,outdoor_straw,stationary,219,302,0,0.9427576065063477,2.27413272857666,1730978635_717106260.npy,0.0,True,14263,2.1235718727111816,0.22507286071777344,0.15056085586547852,0.15056085586547852,0.07089981638966437,
out_straw_1push_1walk_1swap_st_11_07_2024_1_b_label,outdoor_straw,stationary,219,302,1,0.9062632918357849,2.7948291301727295,1730978635_717106260.npy,0.0,True,7526,2.814077377319336,0.1764078140258789,-0.019248247146606445,0.019248247146606445,0.006839985034435033,
out_straw_1push_1walk_1swap_st_11_07_2024_1_b_label,outdoor_straw,stationary,220,304,0,0.9345582723617554,2.3494808673858643,1730978635_851033260.npy,0.0,True,12658,2.2259297370910645,0.16853654384613037,0.1235511302947998,0.1235511302947998,0.05550540443215492,
out_straw_1push_1walk_1swap_st_11_07_2024_1_b_label,outdoor_straw,stationary,220,304,1,0.9208171963691711,2.6996142864227295,1730978635_851033260.npy,0.0,True,8243,2.7336719036102295,0.1836761236190796,-0.0340576171875,0.0340576171875,0.012458560642380578,
out_straw_1push_1walk_1swap_st_11_07_2024_1_b_label,outdoor_straw,stationary,221,305,0,0.9421864151954651,2.431950330734253,1730978635_917387260.npy,0.0,True,11997,2.282581090927124,0.14398455619812012,0.1493692398071289,0.1493692398071289,0.0654387440607681,
out_straw_1push_1walk_1swap_st_11_07_2024_1_b_label,outdoor_straw,stationary,221,305,1,0.9178335666656494,2.6274759769439697,1730978635_917387260.npy,0.0,True,8865,2.6988589763641357,0.185197114944458,-0.07138299942016602,0.07138299942016602,0.026449325453948756,
out_straw_1push_1walk_1swap_st_11_07_2024_1_b_label,outdoor_straw,stationary,221,305,2,0.6231955289840698,4.359399795532227,1730978635_917387260.npy,0.0,False,0,,,,,,too_few_valid_depth_pixels
out_straw_1push_1walk_1swap_st_11_07_2024_1_b_label,outdoor_straw,stationary,222,306,0,0.9362375736236572,2.5035173892974854,1730978636_052243260.npy,0.0,True,10952,2.370042324066162,0.13047873973846436,0.13347506523132324,0.13347506523132324,0.05631758719073286,
out_straw_1push_1walk_1swap_st_11_07_2024_1_b_label,outdoor_straw,stationary,222,306,1,0.9186126589775085,2.7749998569488525,1730978636_052243260.npy,0.0,True,10001,2.9864180088043213,1.823997974395752,-0.21141815185546875,0.21141815185546875,0.07079322158926932,
out_straw_1push_1walk_1swap_st_11_07_2024_1_b_label,outdoor_straw,stationary,222,306,2,0.9032639861106873,2.5907132625579834,1730978636_052243260.npy,0.0,True,8842,2.609086751937866,0.16718626022338867,-0.018373489379882812,0.018373489379882812,0.0070421151639500435,
out_straw_1push_1walk_1swap_st_11_07_2024_1_b_label,outdoor_straw,stationary,223,307,0,0.9305256009101868,2.7748045921325684,1730978636_117624260.npy,0.0,True,11322,2.8008580207824707,1.2347533702850342,-0.026053428649902344,0.026053428649902344,0.009301945495482074,
out_straw_1push_1walk_1swap_st_11_07_2024_1_b_label,outdoor_straw,stationary,223,307,1,0.9245843887329102,2.63039231300354,1730978636_117624260.npy,0.0,True,9535,2.4276490211486816,0.14254212379455566,0.2027432918548584,0.2027432918548584,0.08351425189087965,
out_straw_1push_1walk_1swap_st_11_07_2024_1_b_label,outdoor_straw,stationary,223,307,2,0.9099992513656616,2.5105843544006348,1730978636_117624260.npy,0.0,True,8737,2.5361623764038086,0.1670372486114502,-0.025578022003173828,0.025578022003173828,0.01008532507269609,
out_straw_1push_1walk_1swap_st_11_07_2024_1_b_label,outdoor_straw,stationary,224,309,0,0.9347606897354126,2.2947864532470703,1730978636_251275260.npy,0.0,True,8630,2.5370588302612305,0.9684637784957886,-0.24227237701416016,0.24227237701416016,0.09549340130564271,
out_straw_1push_1walk_1swap_st_11_07_2024_1_b_label,outdoor_straw,stationary,224,309,1,0.9263063669204712,2.7380669116973877,1730978636_251275260.npy,0.0,True,8658,2.588555335998535,0.1944400668144226,0.14951157569885254,0.14951157569885254,0.057758694055956294,
out_straw_1push_1walk_1swap_st_11_07_2024_1_b_label,outdoor_straw,stationary,224,309,2,0.9205405712127686,2.4506185054779053,1730978636_251275260.npy,0.0,True,8340,2.4125306606292725,0.12204456329345703,0.03808784484863281,0.03808784484863281,0.015787507064759197,
out_straw_1push_1walk_1swap_st_11_07_2024_1_b_label,outdoor_straw,stationary,225,310,0,0.9381567239761353,1.6476813554763794,1730978636_318183260.npy,0.0,True,10401,1.6816332340240479,0.8941890001296997,-0.03395187854766846,0.03395187854766846,0.02018982371466556,
out_straw_1push_1walk_1swap_st_11_07_2024_1_b_label,outdoor_straw,stationary,225,310,1,0.9254077076911926,2.8125603199005127,1730978636_318183260.npy,0.0,True,9039,2.695732355117798,0.23331379890441895,0.11682796478271484,0.11682796478271484,0.043338117213646644,
out_straw_1push_1walk_1swap_st_11_07_2024_1_b_label,outdoor_straw,stationary,225,310,2,0.9178239703178406,2.3971714973449707,1730978636_318183260.npy,0.0,True,7991,2.383849859237671,0.10224461555480957,0.013321638107299805,0.013321638107299805,0.005588287389693208,
out_straw_1push_1walk_1swap_st_11_07_2024_1_b_label,outdoor_straw,stationary,226,312,0,0.9378616809844971,1.6949360370635986,1730978636_451680260.npy,0.0,True,14678,1.6690051555633545,0.15414869785308838,0.02593088150024414,0.02593088150024414,0.015536729418604735,
out_straw_1push_1walk_1swap_st_11_07_2024_1_b_label,outdoor_straw,stationary,226,312,1,0.9298945069313049,2.911384105682373,1730978636_451680260.npy,0.0,True,7724,2.7826180458068848,0.2297351360321045,0.12876605987548828,0.12876605987548828,0.04627514727345541,
out_straw_1push_1walk_1swap_st_11_07_2024_1_b_label,outdoor_straw,stationary,226,312,2,0.9123621582984924,2.3015096187591553,1730978636_451680260.npy,0.0,True,9483,2.297365427017212,0.09538388252258301,0.004144191741943359,0.004144191741943359,0.0018038887907023033,
out_straw_1push_1walk_1swap_st_11_07_2024_1_b_label,outdoor_straw,stationary,227,313,0,0.9306263327598572,1.7692313194274902,1730978636_518987260.npy,0.0,True,17107,1.6886348724365234,0.15783464908599854,0.0805964469909668,0.0805964469909668,0.04772875907428973,
out_straw_1push_1walk_1swap_st_11_07_2024_1_b_label,outdoor_straw,stationary,227,313,1,0.9241921305656433,2.9911041259765625,1730978636_518987260.npy,0.0,True,7288,2.8299131393432617,0.23381352424621582,0.16119098663330078,0.16119098663330078,0.056959694059976834,
out_straw_1push_1walk_1swap_st_11_07_2024_1_b_label,outdoor_straw,stationary,227,313,2,0.9113414287567139,2.241461753845215,1730978636_518987260.npy,0.0,True,11041,2.262664794921875,0.10658025741577148,-0.021203041076660156,0.021203041076660156,0.009370827320178575,
out_straw_1push_1walk_1swap_st_11_07_2024_1_b_label,outdoor_straw,stationary,228,315,0,0.9344096779823303,1.8423022031784058,1730978636_652015260.npy,0.0,True,18266,1.7735257148742676,0.34471631050109863,0.06877648830413818,0.06877648830413818,0.038779526976869365,
out_straw_1push_1walk_1swap_st_11_07_2024_1_b_label,outdoor_straw,stationary,228,315,1,0.9217926263809204,2.170740842819214,1730978636_652015260.npy,0.0,True,11475,2.139399290084839,0.09277784824371338,0.031341552734375,0.031341552734375,0.014649697641589915,
out_straw_1push_1walk_1swap_st_11_07_2024_1_b_label,outdoor_straw,stationary,228,315,2,0.9140743017196655,3.0462393760681152,1730978636_652015260.npy,0.0,True,6801,2.879335403442383,0.2521018981933594,0.16690397262573242,0.16690397262573242,0.057966144696512525,
out_straw_1push_1walk_1swap_st_11_07_2024_1_b_label,outdoor_straw,stationary,229,316,0,0.9282439351081848,1.8471933603286743,1730978636_718603260.npy,0.0,True,19921,1.7566481828689575,0.3156481981277466,0.0905451774597168,0.0905451774597168,0.05154428663788467,
out_straw_1push_1walk_1swap_st_11_07_2024_1_b_label,outdoor_straw,stationary,229,316,1,0.9254289269447327,3.0815470218658447,1730978636_718603260.npy,0.0,True,5961,2.9137184619903564,0.2288966178894043,0.16782855987548828,0.16782855987548828,0.05759944279614608,
out_straw_1push_1walk_1swap_st_11_07_2024_1_b_label,outdoor_straw,stationary,229,316,2,0.9194516539573669,2.099148750305176,1730978636_718603260.npy,0.0,True,11633,2.0909347534179688,0.06823539733886719,0.008213996887207031,0.008213996887207031,0.003928385079343071,
out_straw_1push_1walk_1swap_st_11_07_2024_1_b_label,outdoor_straw,stationary,230,318,0,0.933268129825592,1.9090567827224731,1730978636_853011260.npy,0.0,True,18703,1.82228684425354,0.1831415891647339,0.0867699384689331,0.0867699384689331,0.04761596054021699,
out_straw_1push_1walk_1swap_st_11_07_2024_1_b_label,outdoor_straw,stationary,230,318,1,0.9279862642288208,3.1177611351013184,1730978636_853011260.npy,0.0,True,5680,2.9889917373657227,0.20981520414352417,0.1287693977355957,0.1287693977355957,0.04308121569084148,
out_straw_1push_1walk_1swap_st_11_07_2024_1_b_label,outdoor_straw,stationary,230,318,2,0.9223760366439819,2.0705337524414062,1730978636_853011260.npy,0.0,True,12903,2.0515501499176025,0.11194920539855957,0.01898360252380371,0.01898360252380371,0.009253296842178661,
out_straw_1push_1walk_1swap_st_11_07_2024_1_b_label,outdoor_straw,stationary,231,319,0,0.9391664266586304,2.0180742740631104,1730978636_919936260.npy,0.0,True,13219,2.037461519241333,0.13564413785934448,-0.019387245178222656,0.019387245178222656,0.009515392067596776,
out_straw_1push_1walk_1swap_st_11_07_2024_1_b_label,outdoor_straw,stationary,231,319,1,0.9326481819152832,1.9492404460906982,1730978636_919936260.npy,0.0,True,16080,1.878184199333191,0.10160383582115173,0.07105624675750732,0.07105624675750732,0.03783241642791709,
out_straw_1push_1walk_1swap_st_11_07_2024_1_b_label,outdoor_straw,stationary,231,319,2,0.93051677942276,3.1805667877197266,1730978636_919936260.npy,0.0,True,5755,3.0446557998657227,0.24701833724975586,0.1359109878540039,0.1359109878540039,0.04463919627959191,
out_straw_1push_1walk_1swap_st_11_07_2024_1_b_label,outdoor_straw,stationary,232,321,0,0.935836672782898,1.9666277170181274,1730978637_053713260.npy,0.0,True,18653,1.9727288484573364,0.16680192947387695,-0.006101131439208984,0.006101131439208984,0.003092736968884516,
out_straw_1push_1walk_1swap_st_11_07_2024_1_b_label,outdoor_straw,stationary,232,321,1,0.9315162897109985,2.000934362411499,1730978637_053713260.npy,0.0,True,13895,1.962382435798645,0.12225311994552612,0.038551926612854004,0.038551926612854004,0.019645470683783535,
out_straw_1push_1walk_1swap_st_11_07_2024_1_b_label,outdoor_straw,stationary,232,321,2,0.9168782234191895,3.2460319995880127,1730978637_053713260.npy,0.0,True,6021,3.127824306488037,0.2978992462158203,0.11820769309997559,0.11820769309997559,0.03779230593444066,
out_straw_1push_1walk_1swap_st_11_07_2024_1_b_label,outdoor_straw,stationary,233,322,0,0.9374757409095764,2.0060031414031982,1730978637_119221260.npy,0.0,True,19804,1.9044203758239746,0.14936113357543945,0.10158276557922363,0.10158276557922363,0.053340516027230805,
out_straw_1push_1walk_1swap_st_11_07_2024_1_b_label,outdoor_straw,stationary,233,322,1,0.9186197519302368,2.0197832584381104,1730978637_119221260.npy,0.0,True,14448,1.9760273694992065,0.09399282932281494,0.04375588893890381,0.04375588893890381,0.022143361784504562,
out_straw_1push_1walk_1swap_st_11_07_2024_1_b_label,outdoor_straw,stationary,233,322,2,0.9120086431503296,2.7966535091400146,1730978637_119221260.npy,0.0,True,5327,3.2322566509246826,0.3089183568954468,-0.43560314178466797,0.43560314178466797,0.13476749801413535,
out_straw_1push_1walk_1swap_st_11_07_2024_1_b_label,outdoor_straw,stationary,234,324,0,0.9319971203804016,2.026332139968872,1730978637_252918260.npy,0.0,True,18011,1.9854748249053955,0.1465778350830078,0.04085731506347656,0.04085731506347656,0.020578107841494966,
out_straw_1push_1walk_1swap_st_11_07_2024_1_b_label,outdoor_straw,stationary,234,324,1,0.9311026334762573,2.1180784702301025,1730978637_252918260.npy,0.0,True,21591,1.8181742429733276,0.15901517868041992,0.2999042272567749,0.2999042272567749,0.1649480122247967,
out_straw_1push_1walk_1swap_st_11_07_2024_1_b_label,outdoor_straw,stationary,234,324,2,0.8852070569992065,2.6884078979492188,1730978637_252918260.npy,0.0,True,4187,3.3176474571228027,0.27858972549438477,-0.629239559173584,0.629239559173584,0.18966438336377242,
out_straw_1push_1walk_1swap_st_11_07_2024_1_b_label,outdoor_straw,stationary,235,325,0,0.9260081648826599,2.0412113666534424,1730978637_319776260.npy,0.0,True,18301,1.9852522611618042,0.14572691917419434,0.055959105491638184,0.055959105491638184,0.02818740297461741,
out_straw_1push_1walk_1swap_st_11_07_2024_1_b_label,outdoor_straw,stationary,235,325,1,0.9240902662277222,1.821508526802063,1730978637_319776260.npy,0.0,True,18956,1.7996114492416382,0.133529394865036,0.021897077560424805,0.021897077560424805,0.012167669620935287,
out_straw_1push_1walk_1swap_st_11_07_2024_1_b_label,outdoor_straw,stationary,235,325,2,0.8699497580528259,3.140170097351074,1730978637_319776260.npy,0.0,True,5218,3.2429447174072266,1.4159947335720062,-0.10277462005615234,0.10277462005615234,0.031691758266641654,
out_straw_1push_1walk_1swap_st_11_07_2024_1_b_label,outdoor_straw,stationary,236,327,0,0.9356863498687744,2.042675256729126,1730978637_456310260.npy,0.0,True,14701,1.978713870048523,0.15299081802368164,0.06396138668060303,0.06396138668060303,0.0323247275155728,
out_straw_1push_1walk_1swap_st_11_07_2024_1_b_label,outdoor_straw,stationary,236,327,1,0.9161351323127747,1.7801276445388794,1730978637_456310260.npy,0.0,True,18181,1.7294204235076904,0.1283879280090332,0.050707221031188965,0.050707221031188965,0.02932035515594423,
out_straw_1push_1walk_1swap_st_11_07_2024_1_b_label,outdoor_straw,stationary,236,327,2,0.7255292534828186,1.7998335361480713,1730978637_456310260.npy,0.0,True,5653,1.831687092781067,1.3679232597351074,-0.031853556632995605,0.031853556632995605,0.017390282848274083,
out_straw_1push_1walk_1swap_st_11_07_2024_1_b_label,outdoor_straw,stationary,237,328,0,0.9341073632240295,2.053865432739258,1730978637_520275260.npy,0.0,True,12989,1.9705876111984253,0.136560320854187,0.08327782154083252,0.08327782154083252,0.04226040043466354,
out_straw_1push_1walk_1swap_st_11_07_2024_1_b_label,outdoor_straw,stationary,237,328,1,0.9329028129577637,1.7494542598724365,1730978637_520275260.npy,0.0,True,20533,1.7144112586975098,0.17310380935668945,0.03504300117492676,0.03504300117492676,0.020440253758920127,
out_straw_1push_1walk_1swap_st_11_07_2024_1_b_label,outdoor_straw,stationary,238,330,0,0.9418262243270874,1.7216614484786987,1730978637_655520260.npy,0.0,True,21311,1.6370471715927124,0.18516671657562256,0.08461427688598633,0.08461427688598633,0.05168713422207839,
out_straw_1push_1walk_1swap_st_11_07_2024_1_b_label,outdoor_straw,stationary,238,330,1,0.9221686124801636,2.084674835205078,1730978637_655520260.npy,0.0,True,12781,2.00014591217041,0.16768860816955566,0.08452892303466797,0.08452892303466797,0.04226137829261838,
out_straw_1push_1walk_1swap_st_11_07_2024_1_b_label,outdoor_straw,stationary,239,331,0,0.9457883238792419,1.6946920156478882,,0.06477117538452148,False,0,,,,,,no_matching_depth_map
out_straw_1push_1walk_1swap_st_11_07_2024_1_b_label,outdoor_straw,stationary,239,331,1,0.9228619337081909,2.0956084728240967,,0.06477117538452148,False,0,,,,,,no_matching_depth_map
out_straw_1push_1walk_1swap_st_11_07_2024_1_b_label,outdoor_straw,stationary,240,332,0,0.9426540732383728,1.6873853206634521,1730978637_853855260.npy,0.0,True,21258,1.6023964881896973,0.12720590829849243,0.08498883247375488,0.08498883247375488,0.05303857884122722,
out_straw_1push_1walk_1swap_st_11_07_2024_1_b_label,outdoor_straw,stationary,240,332,1,0.9418789148330688,2.321894645690918,1730978637_853855260.npy,0.0,True,19495,2.0347914695739746,0.23478728532791138,0.28710317611694336,0.28710317611694336,0.14109710032205625,
out_straw_1push_1walk_1swap_st_11_07_2024_1_b_label,outdoor_straw,stationary,240,332,2,0.105475053191185,3.564256429672241,1730978637_853855260.npy,0.0,True,2657,3.1496856212615967,1.6586412191390991,0.41457080841064453,0.41457080841064453,0.13162291678005295,
out_straw_1push_1walk_1swap_st_11_07_2024_1_b_label,outdoor_straw,stationary,241,333,0,0.9476239681243896,1.6694127321243286,1730978637_920728260.npy,0.0,True,18882,1.602971076965332,0.12909004092216492,0.06644165515899658,0.06644165515899658,0.04144906674472302,
out_straw_1push_1walk_1swap_st_11_07_2024_1_b_label,outdoor_straw,stationary,241,333,1,0.9401358962059021,2.229964017868042,1730978637_920728260.npy,0.0,True,18571,2.0309674739837646,0.22460097074508667,0.19899654388427734,0.19899654388427734,0.09798115746971736,
out_straw_1push_1walk_1swap_st_11_07_2024_1_b_label,outdoor_straw,stationary,241,333,2,0.8292377591133118,3.3486948013305664,1730978637_920728260.npy,0.0,True,2679,3.2718167304992676,0.36793458461761475,0.07687807083129883,0.07687807083129883,0.023497059023708675,
out_straw_1push_1walk_1swap_st_11_07_2024_1_b_label,outdoor_straw,stationary,242,335,0,0.9465470910072327,2.2188947200775146,1730978638_054090260.npy,0.0,True,13214,2.026810646057129,0.1000906229019165,0.19208407402038574,0.19208407402038574,0.09477159318955518,
out_straw_1push_1walk_1swap_st_11_07_2024_1_b_label,outdoor_straw,stationary,242,335,1,0.9405516386032104,1.698872685432434,1730978638_054090260.npy,0.0,True,16506,1.6208628416061401,0.1006399393081665,0.07800984382629395,0.07800984382629395,0.0481285904173068,
out_straw_1push_1walk_1swap_st_11_07_2024_1_b_label,outdoor_straw,stationary,242,335,2,0.8933871388435364,3.339663505554199,1730978638_054090260.npy,0.0,True,4483,3.3101401329040527,0.2545722723007202,0.029523372650146484,0.029523372650146484,0.008919070330791415,
out_straw_1push_1walk_1swap_st_11_07_2024_1_b_label,outdoor_straw,stationary,243,336,0,0.940561056137085,2.233093023300171,1730978638_121421260.npy,0.0,True,11559,2.034918785095215,0.07847684621810913,0.19817423820495605,0.19817423820495605,0.09738680465111701,
out_straw_1push_1walk_1swap_st_11_07_2024_1_b_label,outdoor_straw,stationary,243,336,1,0.9284334778785706,1.748611330986023,1730978638_121421260.npy,0.0,True,15477,1.6697142124176025,0.1332862377166748,0.07889711856842041,0.07889711856842041,0.04725186980003253,
out_straw_1push_1walk_1swap_st_11_07_2024_1_b_label,outdoor_straw,stationary,243,336,2,0.861588180065155,3.356912136077881,1730978638_121421260.npy,0.0,True,4549,3.311154842376709,0.277346134185791,0.045757293701171875,0.045757293701171875,0.01381913437437671,
out_straw_1push_1walk_1swap_st_11_07_2024_1_b_label,outdoor_straw,stationary,244,337,0,0.9421281218528748,1.8256971836090088,1730978638_187744260.npy,0.0,True,14458,1.716055989265442,0.12385112047195435,0.1096411943435669,0.1096411943435669,0.06389138526330881,
out_straw_1push_1walk_1swap_st_11_07_2024_1_b_label,outdoor_straw,stationary,244,337,1,0.9300580024719238,2.228684663772583,1730978638_187744260.npy,0.0,True,12492,2.0603585243225098,0.10362899303436279,0.16832613945007324,0.16832613945007324,0.08169749947059457,
out_straw_1push_1walk_1swap_st_11_07_2024_1_b_label,outdoor_straw,stationary,244,337,2,0.8880139589309692,3.354797840118408,1730978638_187744260.npy,0.0,True,4998,3.28853178024292,0.2267136573791504,0.06626605987548828,0.06626605987548828,0.02015065211581847,
out_straw_1push_1walk_1swap_st_11_07_2024_1_b_label,outdoor_straw,stationary,245,338,0,0.9343225955963135,1.8785643577575684,1730978638_321244260.npy,0.0,True,12094,1.8476221561431885,0.12674278020858765,0.030942201614379883,0.030942201614379883,0.016747039708037523,
out_straw_1push_1walk_1swap_st_11_07_2024_1_b_label,outdoor_straw,stationary,245,338,1,0.9189788699150085,2.17309832572937,1730978638_321244260.npy,0.0,True,13127,2.1140215396881104,0.17312979698181152,0.059076786041259766,0.059076786041259766,0.027945214810808215,
out_straw_1push_1walk_1swap_st_11_07_2024_1_b_label,outdoor_straw,stationary,245,338,2,0.9092013239860535,3.365130662918091,1730978638_321244260.npy,0.0,True,6117,3.3301949501037598,0.20784997940063477,0.034935712814331055,0.034935712814331055,0.010490590892657066,
out_straw_1push_1walk_1swap_st_11_07_2024_1_b_label,outdoor_straw,stationary,246,340,0,0.9321556687355042,1.9349812269210815,1730978638_454874260.npy,0.0,True,10955,1.901801347732544,0.09479820728302002,0.0331798791885376,0.0331798791885376,0.01744655362038569,
out_straw_1push_1walk_1swap_st_11_07_2024_1_b_label,outdoor_straw,stationary,246,340,1,0.9266618490219116,2.1904892921447754,1730978638_454874260.npy,0.0,True,16244,2.1292364597320557,0.180522620677948,0.06125283241271973,0.06125283241271973,0.02876751059411589,
out_straw_1push_1walk_1swap_st_11_07_2024_1_b_label,outdoor_straw,stationary,246,340,2,0.9130235314369202,3.385999917984009,1730978638_454874260.npy,0.0,True,6238,3.314685344696045,0.22083932161331177,0.07131457328796387,0.07131457328796387,0.021514733940606774,
out_straw_1push_1walk_1swap_st_11_07_2024_1_b_label,outdoor_straw,stationary,247,341,0,0.931253969669342,2.22406268119812,1730978638_521599260.npy,0.0,True,15888,2.139263153076172,0.18179786205291748,0.08479952812194824,0.08479952812194824,0.03963959646573168,
out_straw_1push_1walk_1swap_st_11_07_2024_1_b_label,outdoor_straw,stationary,247,341,1,0.930220365524292,2.006544351577759,1730978638_521599260.npy,0.0,True,10231,1.9242461919784546,0.07250303030014038,0.0822981595993042,0.0822981595993042,0.042769038568130205,
out_straw_1push_1walk_1swap_st_11_07_2024_1_b_label,outdoor_straw,stationary,247,341,2,0.9084694385528564,3.3871703147888184,1730978638_521599260.npy,0.0,True,6424,3.3229517936706543,0.22680693864822388,0.06421852111816406,0.06421852111816406,0.019325745633891948,
out_straw_1push_1walk_1swap_st_11_07_2024_1_b_label,outdoor_straw,stationary,248,343,0,0.9311735033988953,2.046008825302124,1730978638_655147260.npy,0.0,True,8014,1.9809329509735107,0.059710532426834106,0.06507587432861328,0.06507587432861328,0.032851124161790715,
out_straw_1push_1walk_1swap_st_11_07_2024_1_b_label,outdoor_straw,stationary,248,343,1,0.9310053586959839,2.2527482509613037,1730978638_655147260.npy,0.0,True,14213,2.1669156551361084,0.19290685653686523,0.08583259582519531,0.08583259582519531,0.039610492278161144,
out_straw_1push_1walk_1swap_st_11_07_2024_1_b_label,outdoor_straw,stationary,248,343,2,0.9141198396682739,3.3400187492370605,1730978638_655147260.npy,0.0,True,5065,3.2990987300872803,0.26507043838500977,0.04092001914978027,0.04092001914978027,0.012403393319695437,
out_straw_1push_1walk_1swap_st_11_07_2024_1_b_label,outdoor_straw,stationary,249,344,0,0.9342028498649597,2.3634836673736572,1730978638_721882260.npy,0.0,True,12850,2.1509623527526855,0.18093186616897583,0.21252131462097168,0.21252131462097168,0.09880289831618781,
out_straw_1push_1walk_1swap_st_11_07_2024_1_b_label,outdoor_straw,stationary,249,344,1,0.9220025539398193,2.1164486408233643,1730978638_721882260.npy,0.0,True,6740,2.031869888305664,0.08945450186729431,0.0845787525177002,0.0845787525177002,0.041626067202673464,
out_straw_1push_1walk_1swap_st_11_07_2024_1_b_label,outdoor_straw,stationary,249,344,2,0.88005530834198,3.339416980743408,1730978638_721882260.npy,0.0,True,4974,3.2614328861236572,0.35925793647766113,0.07798409461975098,0.07798409461975098,0.02391099168452863,
out_straw_1push_1walk_1swap_st_11_07_2024_1_b_label,outdoor_straw,stationary,250,346,0,0.9180123805999756,2.1907525062561035,1730978638_855465260.npy,0.0,True,5013,2.2163400650024414,0.3224301338195801,-0.02558755874633789,0.02558755874633789,0.011544960608880977,
out_straw_1push_1walk_1swap_st_11_07_2024_1_b_label,outdoor_straw,stationary,250,346,1,0.9057981967926025,2.1691043376922607,1730978638_855465260.npy,0.0,True,12537,2.115166425704956,0.13670659065246582,0.05393791198730469,0.05393791198730469,0.025500552264736295,
out_straw_1push_1walk_1swap_st_11_07_2024_1_b_label,outdoor_straw,stationary,250,346,2,0.3628251254558563,2.8208000659942627,1730978638_855465260.npy,0.0,True,2192,3.201706647872925,1.1494805216789246,-0.3809065818786621,0.3809065818786621,0.11896985694542626,
out_straw_1push_1walk_1swap_st_11_07_2024_1_b_label,outdoor_straw,stationary,251,347,0,0.9242982864379883,2.1831729412078857,1730978638_922411260.npy,0.0,True,11921,2.106074571609497,0.14276385307312012,0.07709836959838867,0.07709836959838867,0.03660761619635758,
out_straw_1push_1walk_1swap_st_11_07_2024_1_b_label,outdoor_straw,stationary,251,347,1,0.910493791103363,2.2314820289611816,1730978638_922411260.npy,0.0,True,4507,2.261012077331543,0.8573249578475952,-0.029530048370361328,0.029530048370361328,0.013060544287411692,
out_straw_1push_1walk_1swap_st_11_07_2024_1_b_label,outdoor_straw,stationary,252,349,0,0.9295063614845276,2.1932709217071533,1730978639_055714260.npy,0.0,True,14032,2.0950722694396973,0.14690303802490234,0.09819865226745605,0.09819865226745605,0.04687124816640246,
out_straw_1push_1walk_1swap_st_11_07_2024_1_b_label,outdoor_straw,stationary,252,349,1,0.9086692929267883,2.289726495742798,1730978639_055714260.npy,0.0,True,4462,2.328643798828125,0.27170002460479736,-0.03891730308532715,0.03891730308532715,0.016712432835331893,
out_straw_1push_1walk_1swap_st_11_07_2024_1_b_label,outdoor_straw,stationary,253,350,0,0.9378278851509094,2.1682631969451904,1730978639_122618260.npy,0.0,True,16841,2.0866103172302246,0.14838504791259766,0.08165287971496582,0.08165287971496582,0.039131829762709215,
out_straw_1push_1walk_1swap_st_11_07_2024_1_b_label,outdoor_straw,stationary,253,350,1,0.900139331817627,2.3512582778930664,1730978639_122618260.npy,0.0,True,4598,2.3691959381103516,0.2521933317184448,-0.017937660217285156,0.017937660217285156,0.00757120165907091,
out_straw_1push_1walk_1swap_st_11_07_2024_1_b_label,outdoor_straw,stationary,254,352,0,0.9300702810287476,2.1590991020202637,1730978639_256159260.npy,0.0,True,18340,2.074652671813965,0.15060865879058838,0.08444643020629883,0.08444643020629883,0.04070388810309313,
out_straw_1push_1walk_1swap_st_11_07_2024_1_b_label,outdoor_straw,stationary,254,352,1,0.8943710327148438,2.407989740371704,1730978639_256159260.npy,0.0,True,5588,2.386918067932129,0.16922980546951294,0.021071672439575195,0.021071672439575195,0.008827983131331494,
out_straw_1push_1walk_1swap_st_11_07_2024_1_b_label,outdoor_straw,stationary,254,352,2,0.7553340196609497,3.446833372116089,1730978639_256159260.npy,0.0,True,3133,3.345446825027466,0.35223388671875,0.10138654708862305,0.10138654708862305,0.030305831295880985,
out_straw_1push_1walk_1swap_st_11_07_2024_1_b_label,outdoor_straw,stationary,255,353,0,0.8846409916877747,2.457127571105957,1730978639_322896260.npy,0.0,True,5753,2.332186698913574,0.32516980171203613,0.12494087219238281,0.12494087219238281,0.053572414357128985,
out_straw_1push_1walk_1swap_st_11_07_2024_1_b_label,outdoor_straw,stationary,255,353,1,0.848278820514679,2.108900308609009,1730978639_322896260.npy,0.0,True,18774,2.0654258728027344,1.10798841714859,0.043474435806274414,0.043474435806274414,0.021048654603750376,
out_straw_1push_1walk_1swap_st_11_07_2024_1_b_label,outdoor_straw,stationary,255,353,2,0.8316686749458313,3.4419643878936768,1730978639_322896260.npy,0.0,True,5647,3.2278666496276855,0.38455963134765625,0.2140977382659912,0.2140977382659912,0.06632793776988466,
out_straw_1push_1walk_1swap_st_11_07_2024_1_b_label,outdoor_straw,stationary,256,355,0,0.9213040471076965,3.4454264640808105,1730978639_456481260.npy,0.0,True,6803,3.272662401199341,0.2544820308685303,0.17276406288146973,0.17276406288146973,0.052790065610848355,
out_straw_1push_1walk_1swap_st_11_07_2024_1_b_label,outdoor_straw,stationary,256,355,1,0.8669360876083374,2.0948944091796875,1730978639_456481260.npy,0.0,True,15027,1.9511321783065796,0.158941388130188,0.1437622308731079,0.1437622308731079,0.07368144120193926,
out_straw_1push_1walk_1swap_st_11_07_2024_1_b_label,outdoor_straw,stationary,256,355,2,0.7149571776390076,2.5098867416381836,1730978639_456481260.npy,0.0,True,4779,2.094169855117798,0.645758330821991,0.41571688652038574,0.41571688652038574,0.19851154169965907,
out_straw_1push_1walk_1swap_st_11_07_2024_1_b_label,outdoor_straw,stationary,257,356,0,0.9275255799293518,3.3530750274658203,1730978639_523381260.npy,0.0,True,6894,3.2725844383239746,0.2738020420074463,0.0804905891418457,0.0804905891418457,0.024595420120945222,
out_straw_1push_1walk_1swap_st_11_07_2024_1_b_label,outdoor_straw,stationary,257,356,1,0.9142783284187317,2.0201172828674316,1730978639_523381260.npy,0.0,True,13179,1.9052579402923584,0.12405145168304443,0.11485934257507324,0.11485934257507324,0.06028545539479462,
out_straw_1push_1walk_1swap_st_11_07_2024_1_b_label,outdoor_straw,stationary,257,356,2,0.4517160952091217,2.456307888031006,1730978639_523381260.npy,0.0,True,3949,1.8301595449447632,0.046849846839904785,0.6261483430862427,0.6261483430862427,0.3421277367952862,
out_straw_1push_1walk_1swap_st_11_07_2024_1_b_label,outdoor_straw,stationary,258,358,0,0.9418662190437317,3.5112199783325195,1730978639_656728260.npy,0.0,True,6987,3.2939493656158447,0.2761605978012085,0.2172706127166748,0.2172706127166748,0.06596051991104404,
out_straw_1push_1walk_1swap_st_11_07_2024_1_b_label,outdoor_straw,stationary,258,358,1,0.9308835864067078,1.9871325492858887,1730978639_656728260.npy,0.0,True,9932,1.9715054035186768,0.15469035506248474,0.015627145767211914,0.015627145767211914,0.007926504152269179,
out_straw_1push_1walk_1swap_st_11_07_2024_1_b_label,outdoor_straw,stationary,259,359,0,0.9425070881843567,3.5202863216400146,1730978639_724174260.npy,0.0,True,7056,3.3079710006713867,0.3137485980987549,0.21231532096862793,0.21231532096862793,0.06418294505167559,
out_straw_1push_1walk_1swap_st_11_07_2024_1_b_label,outdoor_straw,stationary,259,359,1,0.9302054047584534,2.098756790161133,1730978639_724174260.npy,0.0,True,7707,1.9819087982177734,0.11067789793014526,0.11684799194335938,0.11684799194335938,0.058957300178713895,
out_straw_1push_1walk_1swap_st_11_07_2024_1_b_label,outdoor_straw,stationary,260,361,0,0.9381325840950012,3.358070135116577,1730978639_857250260.npy,0.0,True,6733,3.3153164386749268,0.25129175186157227,0.04275369644165039,0.04275369644165039,0.012895811676648968,
out_straw_1push_1walk_1swap_st_11_07_2024_1_b_label,outdoor_straw,stationary,260,361,1,0.9236219525337219,2.9094977378845215,1730978639_857250260.npy,0.0,True,5117,2.7658040523529053,2.998373031616211,0.1436936855316162,0.1436936855316162,0.05195367524657943,
out_straw_1push_1walk_1swap_st_11_07_2024_1_b_label,outdoor_straw,stationary,261,361,0,0.9381325840950012,3.363416910171509,1730978639_857250260.npy,0.0,True,6733,3.3153164386749268,0.25129175186157227,0.04810047149658203,0.04810047149658203,0.01450856121468964,
out_straw_1push_1walk_1swap_st_11_07_2024_1_b_label,outdoor_straw,stationary,261,361,1,0.9236219525337219,3.393761396408081,1730978639_857250260.npy,0.0,True,5117,2.7658040523529053,2.998373031616211,0.6279573440551758,0.6279573440551758,0.22704332344909406,
out_straw_1push_1walk_1swap_st_11_07_2024_1_b_label,outdoor_straw,stationary,262,364,0,0.9310300946235657,3.308228015899658,1730978640_592175260.npy,0.0,True,7000,3.262205123901367,0.3141130208969116,0.046022891998291016,0.046022891998291016,0.014107908684555949,
out_straw_1push_1walk_1swap_st_11_07_2024_1_b_label,outdoor_straw,stationary,262,364,1,0.8854154944419861,4.367073059082031,1730978640_592175260.npy,0.0,True,1888,4.615750789642334,0.6768143177032471,-0.24867773056030273,0.24867773056030273,0.05387590056168789,
out_straw_1push_1walk_1swap_st_11_07_2024_1_b_label,outdoor_straw,stationary,263,365,0,0.9308146834373474,3.289245367050171,1730978640_658327260.npy,0.0,True,6905,3.255831241607666,0.423175573348999,0.03341412544250488,0.03341412544250488,0.010262855462375145,
out_straw_1push_1walk_1swap_st_11_07_2024_1_b_label,outdoor_straw,stationary,263,365,1,0.8751220703125,4.850812911987305,1730978640_658327260.npy,0.0,True,1717,4.751657962799072,0.6826901435852051,0.09915494918823242,0.09915494918823242,0.02086744247261075,
out_straw_1push_1walk_1swap_st_11_07_2024_1_b_label,outdoor_straw,stationary,264,366,0,0.9326026439666748,3.2617523670196533,1730978640_792440260.npy,0.0,True,6732,3.2402262687683105,0.7805736660957336,0.021526098251342773,0.021526098251342773,0.006643393536688217,
out_straw_1push_1walk_1swap_st_11_07_2024_1_b_label,outdoor_straw,stationary,264,366,1,0.5252082943916321,5.514431953430176,1730978640_792440260.npy,0.0,True,1724,4.538675308227539,0.4512859582901001,0.9757566452026367,0.9757566452026367,0.21498710062687718,
out_straw_1push_1walk_1swap_st_11_07_2024_1_b_label,outdoor_straw,stationary,264,366,2,0.38396281003952026,2.9704999923706055,1730978640_792440260.npy,0.0,True,794,3.740506172180176,1.2262105345726013,-0.7700061798095703,0.7700061798095703,0.20585614469411975,
out_straw_1push_1walk_1swap_st_11_07_2024_1_b_label,outdoor_straw,stationary,265,366,0,0.9326026439666748,3.257516860961914,1730978640_792440260.npy,0.0,True,6732,3.2402262687683105,0.7805736660957336,0.017290592193603516,0.017290592193603516,0.005336229867729606,
out_straw_1push_1walk_1swap_st_11_07_2024_1_b_label,outdoor_straw,stationary,265,366,1,0.5252082943916321,4.663221836090088,1730978640_792440260.npy,0.0,True,1724,4.538675308227539,0.4512859582901001,0.12454652786254883,0.12454652786254883,0.027441162763235254,
out_straw_1push_1walk_1swap_st_11_07_2024_1_b_label,outdoor_straw,stationary,266,367,0,0.9408406615257263,3.2557578086853027,1730978640_992362260.npy,0.0,True,7149,3.1914689540863037,0.29899024963378906,0.06428885459899902,0.06428885459899902,0.02014396991601145,
out_straw_1push_1walk_1swap_st_11_07_2024_1_b_label,outdoor_straw,stationary,267,368,0,0.9409238696098328,3.2564382553100586,1730978641_059522260.npy,0.0,True,7343,3.197432279586792,0.2980930805206299,0.0590059757232666,0.0590059757232666,0.018454175276823068,
out_straw_1push_1walk_1swap_st_11_07_2024_1_b_label,outdoor_straw,stationary,268,369,0,0.9413495659828186,3.2558131217956543,1730978641_126997260.npy,0.0,True,7380,3.2153868675231934,0.26888102293014526,0.04042625427246094,0.04042625427246094,0.012572749699510095,
out_straw_1push_1walk_1swap_st_11_07_2024_1_b_label,outdoor_straw,stationary,269,371,0,0.9438149333000183,3.2511024475097656,1730978641_259375260.npy,0.0,True,7594,3.2240242958068848,0.4923238754272461,0.02707815170288086,0.02707815170288086,0.008398867135740347,
out_straw_1push_1walk_1swap_st_11_07_2024_1_b_label,outdoor_straw,stationary,270,372,0,0.9436424970626831,3.2271196842193604,1730978641_326570260.npy,0.0,True,7555,3.1896302700042725,0.43158483505249023,0.03748941421508789,0.03748941421508789,0.01175352973278551,
out_straw_1push_1walk_1swap_st_11_07_2024_1_b_label,outdoor_straw,stationary,271,374,0,0.9416685104370117,3.2131855487823486,1730978641_460015260.npy,0.0,True,7534,3.1791794300079346,0.4115503430366516,0.03400611877441406,0.03400611877441406,0.010696508178630607,
out_straw_1push_1walk_1swap_st_11_07_2024_1_b_label,outdoor_straw,stationary,272,375,0,0.940399169921875,3.2463083267211914,1730978641_593340260.npy,0.0,True,8052,3.132689952850342,0.3617557883262634,0.11361837387084961,0.11361837387084961,0.036268630340347476,
out_straw_1push_1walk_1swap_st_11_07_2024_1_b_label,outdoor_straw,stationary,273,376,0,0.9407040476799011,3.260082244873047,1730978641_726856260.npy,0.0,True,8151,3.075347423553467,0.4273265600204468,0.18473482131958008,0.18473482131958008,0.060069577799481536,
out_straw_1push_1walk_1swap_st_11_07_2024_1_b_label,outdoor_straw,stationary,274,378,0,0.9370471239089966,2.9202001094818115,1730978641_927431260.npy,0.0,True,9521,2.959494113922119,0.45511317253112793,-0.03929400444030762,0.03929400444030762,0.013277270684695697,
out_straw_1push_1walk_1swap_st_11_07_2024_1_b_label,outdoor_straw,stationary,275,379,0,0.9394264221191406,2.8657093048095703,1730978641_998182260.npy,0.0,True,10130,2.8873186111450195,0.2954981327056885,-0.02160930633544922,0.02160930633544922,0.007484212601975245,
out_straw_1push_1walk_1swap_st_11_07_2024_1_b_label,outdoor_straw,stationary,276,380,0,0.9370099902153015,2.795135259628296,1730978642_128276260.npy,0.0,True,9626,2.7674899101257324,0.12615299224853516,0.027645349502563477,0.027645349502563477,0.00998932259930353,
out_straw_1push_1walk_1swap_st_11_07_2024_1_b_label,outdoor_straw,stationary,277,381,0,0.9254319071769714,2.7742056846618652,1730978642_328171260.npy,0.0,True,9283,2.7545764446258545,0.1660975217819214,0.019629240036010742,0.019629240036010742,0.007126046573986775,
out_straw_1push_1walk_1swap_st_11_07_2024_1_b_label,outdoor_straw,stationary,278,381,0,0.9254319071769714,2.728490114212036,1730978642_328171260.npy,0.0,True,9283,2.7545764446258545,0.1660975217819214,-0.02608633041381836,0.02608633041381836,0.009470178424241039,
out_straw_1push_1walk_1swap_st_11_07_2024_1_b_label,outdoor_straw,stationary,279,383,0,0.9257729053497314,2.7425482273101807,1730978642_464531260.npy,0.0,True,10206,2.773108959197998,0.2663620114326477,-0.030560731887817383,0.030560731887817383,0.011020386265909924,
out_straw_1push_1walk_1swap_st_11_07_2024_1_b_label,outdoor_straw,stationary,280,384,0,0.9231183528900146,2.7323784828186035,1730978642_528196260.npy,0.0,True,10980,2.756160259246826,0.27654069662094116,-0.023781776428222656,0.023781776428222656,0.00862858984648501,
out_straw_1push_1walk_1swap_st_11_07_2024_1_b_label,outdoor_straw,stationary,281,386,0,0.9295628070831299,2.705049991607666,1730978642_661716260.npy,0.0,True,11765,2.7319424152374268,0.20163536071777344,-0.026892423629760742,0.026892423629760742,0.00984370076022396,
out_straw_1push_1walk_1swap_st_11_07_2024_1_b_label,outdoor_straw,stationary,282,387,0,0.9273479580879211,3.2850186824798584,,0.06632089614868164,False,0,,,,,,no_matching_depth_map
out_straw_1push_1walk_1swap_st_11_07_2024_1_b_label,outdoor_straw,stationary,283,389,0,0.9100801944732666,2.919010877609253,1730978642_861962260.npy,0.0,True,7424,2.6124444007873535,0.2545143961906433,0.3065664768218994,0.3065664768218994,0.11734851724672289,
out_straw_1push_1walk_1swap_st_11_07_2024_1_b_label,outdoor_straw,stationary,284,390,0,0.9192914366722107,2.8311009407043457,1730978642_929413260.npy,0.0,True,7761,2.6554112434387207,0.2047436237335205,0.175689697265625,0.175689697265625,0.0661628957472174,
out_straw_1push_1walk_1swap_st_11_07_2024_1_b_label,outdoor_straw,stationary,285,392,0,0.9345242381095886,2.810898542404175,1730978643_062903260.npy,0.0,True,11448,2.682431221008301,0.21264886856079102,0.12846732139587402,0.12846732139587402,0.047892121292707125,
out_straw_1push_1walk_1swap_st_11_07_2024_1_b_label,outdoor_straw,stationary,286,393,0,0.9298973679542542,2.8786587715148926,1730978643_129444260.npy,0.0,True,11798,2.6651611328125,0.25033456087112427,0.21349763870239258,0.21349763870239258,0.08010684084871525,
out_straw_1push_1walk_1swap_st_11_07_2024_1_b_label,outdoor_straw,stationary,287,395,0,0.9302580952644348,2.859395742416382,1730978643_263105260.npy,0.0,True,10081,2.6139001846313477,0.24060630798339844,0.24549555778503418,0.24549555778503418,0.09391925492352254,
out_straw_1push_1walk_1swap_st_11_07_2024_1_b_label,outdoor_straw,stationary,288,396,0,0.919644296169281,2.9611401557922363,1730978643_329486260.npy,0.0,True,9336,2.5818328857421875,0.21290886402130127,0.37930727005004883,0.37930727005004883,0.14691395099377672,
out_straw_1push_1walk_1swap_st_11_07_2024_1_b_label,outdoor_straw,stationary,289,397,0,0.9446216821670532,2.796999931335449,1730978643_396751260.npy,0.0,True,9405,2.5846402645111084,0.15894126892089844,0.21235966682434082,0.21235966682434082,0.08216217542541039,
out_straw_1push_1walk_1swap_st_11_07_2024_1_b_label,outdoor_straw,stationary,290,398,0,0.9388522505760193,2.8285956382751465,,0.06625699996948242,False,0,,,,,,no_matching_depth_map
out_straw_1push_1walk_1swap_st_11_07_2024_1_b_label,outdoor_straw,stationary,291,400,0,0.9347670674324036,2.814561605453491,1730978643_664142260.npy,0.0,True,9689,2.6994407176971436,0.1808016300201416,0.11512088775634766,0.11512088775634766,0.04264619963744035,
out_straw_1push_1walk_1swap_st_11_07_2024_1_b_label,outdoor_straw,stationary,292,401,0,0.942702054977417,2.8539631366729736,1730978643_730082260.npy,0.0,True,9812,2.717378854751587,0.1912611722946167,0.13658428192138672,0.13658428192138672,0.05026324602568999,
out_straw_1push_1walk_1swap_st_11_07_2024_1_b_label,outdoor_straw,stationary,293,403,0,0.9369536638259888,2.869666814804077,1730978643_863914260.npy,0.0,True,9376,2.774411201477051,0.1573810577392578,0.09525561332702637,0.09525561332702637,0.03433363204283267,
out_straw_1push_1walk_1swap_st_11_07_2024_1_b_label,outdoor_straw,stationary,294,404,0,0.931355357170105,2.90419864654541,1730978643_930471260.npy,0.0,True,9157,2.803657054901123,0.1178286075592041,0.10054159164428711,0.10054159164428711,0.03586087373579752,
out_straw_1push_1walk_1swap_st_11_07_2024_1_b_label,outdoor_straw,stationary,295,405,0,0.927850604057312,2.928603172302246,,0.06778812408447266,False,0,,,,,,no_matching_depth_map
out_straw_1push_1walk_1swap_st_11_07_2024_1_b_label,outdoor_straw,stationary,296,406,0,0.9277186989784241,2.9391584396362305,,0.06676197052001953,False,0,,,,,,no_matching_depth_map
out_straw_1push_1walk_1swap_st_11_07_2024_1_b_label,outdoor_straw,stationary,297,407,0,0.9345280528068542,2.986907482147217,1730978644_397877260.npy,0.0,True,7898,2.8938052654266357,0.15171164274215698,0.09310221672058105,0.09310221672058105,0.032172937769140084,
out_straw_1push_1walk_1swap_st_11_07_2024_1_b_label,outdoor_straw,stationary,298,408,0,0.9324198961257935,3.022808313369751,,0.06676006317138672,False,0,,,,,,no_matching_depth_map
out_straw_1push_1walk_1swap_st_11_07_2024_1_b_label,outdoor_straw,stationary,299,409,0,0.931807279586792,3.077793598175049,1730978644_531560260.npy,0.0,True,7376,2.9301772117614746,0.16188418865203857,0.14761638641357422,0.14761638641357422,0.05037797230183041,
out_straw_1push_1walk_1swap_st_11_07_2024_1_b_label,outdoor_straw,stationary,300,411,0,0.9283850789070129,3.1357414722442627,1730978644_665085260.npy,0.0,True,6834,2.9925942420959473,0.14754855632781982,0.14314723014831543,0.14314723014831543,0.04783382529268594,
out_straw_1push_1walk_1swap_st_11_07_2024_1_b_label,outdoor_straw,stationary,301,412,0,0.9185100197792053,3.278256893157959,1730978644_800934260.npy,0.0,True,5939,3.110236406326294,0.13732671737670898,0.16802048683166504,0.16802048683166504,0.054021773550688115,
out_straw_1push_1walk_1swap_st_11_07_2024_1_b_label,outdoor_straw,stationary,302,412,0,0.9185100197792053,3.3655569553375244,1730978644_800934260.npy,0.0,True,5939,3.110236406326294,0.13732671737670898,0.25532054901123047,0.25532054901123047,0.08209039946027977,
out_vine_1push_3carry_st_ly_11_06_2024_1_label,outdoor_vine,stationary,0,0,0,0.9323511719703674,2.3919267654418945,1730893380_933407740.npy,0.0,True,12271,2.316938877105713,0.13788342475891113,0.07498788833618164,0.07498788833618164,0.03236506973798784,
out_vine_1push_3carry_st_ly_11_06_2024_1_label,outdoor_vine,stationary,0,0,1,0.9041995406150818,2.2856762409210205,1730893380_933407740.npy,0.0,True,12271,2.304086446762085,0.09774839878082275,-0.018410205841064453,0.018410205841064453,0.007990240933423385,
out_vine_1push_3carry_st_ly_11_06_2024_1_label,outdoor_vine,stationary,0,0,2,0.870069682598114,5.105611801147461,1730893380_933407740.npy,0.0,True,3715,4.833648681640625,0.24762701988220215,0.27196311950683594,0.27196311950683594,0.05626456067024856,
out_vine_1push_3carry_st_ly_11_06_2024_1_label,outdoor_vine,stationary,0,0,3,0.8121587038040161,5.24189567565918,1730893380_933407740.npy,0.0,True,6793,4.880701065063477,0.3291783332824707,0.3611946105957031,0.3611946105957031,0.07400465748274743,
out_vine_1push_3carry_st_ly_11_06_2024_1_label,outdoor_vine,stationary,0,0,4,0.7242738008499146,4.98633337020874,1730893380_933407740.npy,0.0,True,3188,4.847650051116943,0.18729639053344727,0.13868331909179688,0.13868331909179688,0.028608360263101696,
out_vine_1push_3carry_st_ly_11_06_2024_1_label,outdoor_vine,stationary,1,0,0,0.9323511719703674,2.4951112270355225,1730893380_933407740.npy,0.0,True,12271,2.316938877105713,0.13788342475891113,0.17817234992980957,0.17817234992980957,0.07689989222002262,
out_vine_1push_3carry_st_ly_11_06_2024_1_label,outdoor_vine,stationary,1,0,1,0.9041995406150818,2.265084981918335,1730893380_933407740.npy,0.0,True,12271,2.304086446762085,0.09774839878082275,-0.03900146484375,0.03900146484375,0.016927084007007837,
out_vine_1push_3carry_st_ly_11_06_2024_1_label,outdoor_vine,stationary,1,0,2,0.870069682598114,5.14446496963501,1730893380_933407740.npy,0.0,True,3715,4.833648681640625,0.24762701988220215,0.31081628799438477,0.31081628799438477,0.06430262281471567,
out_vine_1push_3carry_st_ly_11_06_2024_1_label,outdoor_vine,stationary,1,0,3,0.8121587038040161,5.181329727172852,1730893380_933407740.npy,0.0,True,6793,4.880701065063477,0.3291783332824707,0.300628662109375,0.300628662109375,0.06159538519195605,
out_vine_1push_3carry_st_ly_11_06_2024_1_label,outdoor_vine,stationary,1,0,4,0.7242738008499146,4.989437103271484,1730893380_933407740.npy,0.0,True,3188,4.847650051116943,0.18729639053344727,0.14178705215454102,0.14178705215454102,0.029248615444481593,
out_vine_1push_3carry_st_ly_11_06_2024_1_label,outdoor_vine,stationary,2,1,0,0.9382396936416626,3.0900185108184814,1730893381_067562740.npy,0.0,True,14180,2.456897735595703,0.15578854084014893,0.6331207752227783,0.6331207752227783,0.2576911387275429,
out_vine_1push_3carry_st_ly_11_06_2024_1_label,outdoor_vine,stationary,2,1,1,0.8976877331733704,5.141758918762207,1730893381_067562740.npy,0.0,True,2925,4.871992588043213,0.21686792373657227,0.26976633071899414,0.26976633071899414,0.05537084177448289,
out_vine_1push_3carry_st_ly_11_06_2024_1_label,outdoor_vine,stationary,2,1,2,0.8923048377037048,2.184312105178833,1730893381_067562740.npy,0.0,True,12449,2.2678420543670654,0.14915752410888672,-0.08352994918823242,0.08352994918823242,0.036832348631767875,
out_vine_1push_3carry_st_ly_11_06_2024_1_label,outdoor_vine,stationary,2,1,3,0.6618344187736511,5.169504642486572,1730893381_067562740.npy,0.0,True,5169,4.866918087005615,0.40239429473876953,0.30258655548095703,0.30258655548095703,0.062172107701760036,
out_vine_1push_3carry_st_ly_11_06_2024_1_label,outdoor_vine,stationary,2,1,4,0.4696527123451233,4.988714218139648,1730893381_067562740.npy,0.0,True,3673,4.84537410736084,0.2250218391418457,0.1433401107788086,0.1433401107788086,0.029582877937341056,
out_vine_1push_3carry_st_ly_11_06_2024_1_label,outdoor_vine,stationary,3,3,0,0.9201099872589111,5.129796028137207,1730893381_201035740.npy,0.0,True,2164,4.861875534057617,0.2890578508377075,0.26792049407958984,0.26792049407958984,0.05510640743531934,
out_vine_1push_3carry_st_ly_11_06_2024_1_label,outdoor_vine,stationary,3,3,1,0.9194883704185486,3.2131729125976562,1730893381_201035740.npy,0.0,True,13441,2.618332862854004,0.2313225269317627,0.5948400497436523,0.5948400497436523,0.22718274600704202,
out_vine_1push_3carry_st_ly_11_06_2024_1_label,outdoor_vine,stationary,3,3,2,0.9036566615104675,5.199951648712158,1730893381_201035740.npy,0.0,True,4184,4.849775314331055,0.2517263889312744,0.3501763343811035,0.3501763343811035,0.07220465107864579,
out_vine_1push_3carry_st_ly_11_06_2024_1_label,outdoor_vine,stationary,3,3,3,0.874629020690918,2.203352928161621,1730893381_201035740.npy,0.0,True,12891,2.2066729068756104,0.13212335109710693,-0.003319978713989258,0.003319978713989258,0.0015045178212161755,
out_vine_1push_3carry_st_ly_11_06_2024_1_label,outdoor_vine,stationary,4,4,0,0.9179984927177429,3.2836227416992188,1730893381_270048740.npy,0.0,True,12809,2.718689441680908,0.337383508682251,0.5649333000183105,0.5649333000183105,0.20779618714707784,
out_vine_1push_3carry_st_ly_11_06_2024_1_label,outdoor_vine,stationary,4,4,1,0.911249041557312,5.133195877075195,1730893381_270048740.npy,0.0,True,1744,4.866216659545898,0.20374655723571777,0.2669792175292969,0.2669792175292969,0.05486381643233506,
out_vine_1push_3carry_st_ly_11_06_2024_1_label,outdoor_vine,stationary,4,4,2,0.8999581336975098,5.2156476974487305,1730893381_270048740.npy,0.0,True,4104,4.852872848510742,0.2532862424850464,0.3627748489379883,0.3627748489379883,0.07475465775892258,
out_vine_1push_3carry_st_ly_11_06_2024_1_label,outdoor_vine,stationary,4,4,3,0.8864166736602783,2.1782047748565674,1730893381_270048740.npy,0.0,True,13700,2.1844615936279297,0.13745909929275513,-0.006256818771362305,0.006256818771362305,0.002864238396140007,
out_vine_1push_3carry_st_ly_11_06_2024_1_label,outdoor_vine,stationary,5,6,0,0.934222936630249,3.0743191242218018,1730893381_400694740.npy,0.0,True,10354,2.815035343170166,0.15058326721191406,0.25928378105163574,0.25928378105163574,0.09210675868802487,
out_vine_1push_3carry_st_ly_11_06_2024_1_label,outdoor_vine,stationary,5,6,1,0.9069609642028809,5.091311454772949,1730893381_400694740.npy,0.0,True,882,4.869785308837891,0.264767050743103,0.2215261459350586,0.2215261459350586,0.04548992037349648,
out_vine_1push_3carry_st_ly_11_06_2024_1_label,outdoor_vine,stationary,5,6,2,0.8713308572769165,5.164926052093506,1730893381_400694740.npy,0.0,True,4081,4.887718200683594,0.35430431365966797,0.2772078514099121,0.2772078514099121,0.056715186929381885,
out_vine_1push_3carry_st_ly_11_06_2024_1_label,outdoor_vine,stationary,5,6,3,0.8602923154830933,2.1057791709899902,1730893381_400694740.npy,0.0,True,17762,2.1207332611083984,0.13164907693862915,-0.014954090118408203,0.014954090118408203,0.007051377178189994,
out_vine_1push_3carry_st_ly_11_06_2024_1_label,outdoor_vine,stationary,6,7,0,0.9315979480743408,3.049081802368164,1730893381_467236740.npy,0.0,True,8608,2.863938331604004,0.138344407081604,0.18514347076416016,0.18514347076416016,0.06464645859202806,
out_vine_1push_3carry_st_ly_11_06_2024_1_label,outdoor_vine,stationary,6,7,1,0.9175755977630615,5.0794219970703125,1730893381_467236740.npy,0.0,True,1262,4.995341777801514,0.6484311819076538,0.08408021926879883,0.08408021926879883,0.016831725036800815,
out_vine_1push_3carry_st_ly_11_06_2024_1_label,outdoor_vine,stationary,6,7,2,0.8928288221359253,2.020341634750366,1730893381_467236740.npy,0.0,True,18427,2.0878565311431885,0.19006478786468506,-0.06751489639282227,0.06751489639282227,0.03233694240276895,
out_vine_1push_3carry_st_ly_11_06_2024_1_label,outdoor_vine,stationary,6,7,3,0.882633626461029,5.266716957092285,1730893381_467236740.npy,0.0,True,4043,4.918908596038818,0.36971235275268555,0.3478083610534668,0.3478083610534668,0.07070844157046459,
out_vine_1push_3carry_st_ly_11_06_2024_1_label,outdoor_vine,stationary,7,9,0,0.9268312454223633,3.0978143215179443,1730893381_604112740.npy,0.0,True,7452,2.9645843505859375,0.2058517336845398,0.13322997093200684,0.13322997093200684,0.04494052291198073,
out_vine_1push_3carry_st_ly_11_06_2024_1_label,outdoor_vine,stationary,7,9,1,0.9145460724830627,5.089937210083008,1730893381_604112740.npy,0.0,True,537,4.870730876922607,0.22970819473266602,0.2192063331604004,0.2192063331604004,0.04500481317885867,
out_vine_1push_3carry_st_ly_11_06_2024_1_label,outdoor_vine,stationary,7,9,2,0.9080817103385925,1.9674798250198364,1730893381_604112740.npy,0.0,True,19851,2.0054733753204346,0.1783847212791443,-0.037993550300598145,0.037993550300598145,0.018944928797435437,
out_vine_1push_3carry_st_ly_11_06_2024_1_label,outdoor_vine,stationary,7,9,3,0.8873921036720276,5.317105293273926,1730893381_604112740.npy,0.0,True,4271,4.972991943359375,0.40117311477661133,0.3441133499145508,0.3441133499145508,0.06919644226933816,
out_vine_1push_3carry_st_ly_11_06_2024_1_label,outdoor_vine,stationary,8,10,0,0.9217267036437988,3.161379098892212,1730893381_667197740.npy,0.0,True,7105,3.019956588745117,0.22156310081481934,0.14142251014709473,0.14142251014709473,0.04682931889622295,
out_vine_1push_3carry_st_ly_11_06_2024_1_label,outdoor_vine,stationary,8,10,1,0.9147537350654602,1.8900110721588135,1730893381_667197740.npy,0.0,True,20734,1.9614686965942383,0.18124493956565857,-0.0714576244354248,0.0714576244354248,0.03643067287257706,
out_vine_1push_3carry_st_ly_11_06_2024_1_label,outdoor_vine,stationary,8,10,2,0.9091012477874756,5.090266704559326,1730893381_667197740.npy,0.0,True,433,5.029905319213867,0.5632171630859375,0.060361385345458984,0.060361385345458984,0.01200050130464344,
out_vine_1push_3carry_st_ly_11_06_2024_1_label,outdoor_vine,stationary,8,10,3,0.8958009481430054,5.243655681610107,1730893381_667197740.npy,0.0,True,4149,4.974261283874512,0.42131567001342773,0.2693943977355957,0.2693943977355957,0.05415766932246092,
out_vine_1push_3carry_st_ly_11_06_2024_1_label,outdoor_vine,stationary,9,12,0,0.921360433101654,3.2397232055664062,1730893381_801826740.npy,0.0,True,6865,3.136958599090576,0.2690277099609375,0.10276460647583008,0.10276460647583008,0.03275931231786807,
out_vine_1push_3carry_st_ly_11_06_2024_1_label,outdoor_vine,stationary,9,12,1,0.9184366464614868,1.8160532712936401,1730893381_801826740.npy,0.0,True,20993,1.8403027057647705,0.140167236328125,-0.02424943447113037,0.02424943447113037,0.013176872693371979,
out_vine_1push_3carry_st_ly_11_06_2024_1_label,outdoor_vine,stationary,9,12,2,0.8994758725166321,5.290677547454834,1730893381_801826740.npy,0.0,True,4007,4.974945068359375,0.3498854637145996,0.315732479095459,0.315732479095459,0.06346451563928131,
out_vine_1push_3carry_st_ly_11_06_2024_1_label,outdoor_vine,stationary,9,12,3,0.897035539150238,5.105743885040283,1730893381_801826740.npy,0.0,True,136,5.334128379821777,0.5092905759811401,-0.22838449478149414,0.22838449478149414,0.04281571018152452,
out_vine_1push_3carry_st_ly_11_06_2024_1_label,outdoor_vine,stationary,10,13,0,0.9195961952209473,1.7571204900741577,1730893381_867611740.npy,0.0,True,20372,1.8083457946777344,0.10683715343475342,-0.05122530460357666,0.05122530460357666,0.02832716218012138,
out_vine_1push_3carry_st_ly_11_06_2024_1_label,outdoor_vine,stationary,10,13,1,0.9050096869468689,3.5174643993377686,1730893381_867611740.npy,0.0,True,6117,3.223860740661621,0.23906779289245605,0.29360365867614746,0.29360365867614746,0.09107206616371781,
out_vine_1push_3carry_st_ly_11_06_2024_1_label,outdoor_vine,stationary,10,13,2,0.8971529603004456,5.288722515106201,1730893381_867611740.npy,0.0,True,4009,4.961066722869873,0.3969106674194336,0.3276557922363281,0.3276557922363281,0.0660454314645432,
out_vine_1push_3carry_st_ly_11_06_2024_1_label,outdoor_vine,stationary,10,13,3,0.8893786668777466,5.108302116394043,1730893381_867611740.npy,0.0,True,158,5.370800018310547,0.7435305118560791,-0.2624979019165039,0.2624979019165039,0.048875009499809295,
out_vine_1push_3carry_st_ly_11_06_2024_1_label,outdoor_vine,stationary,11,15,0,0.9238479733467102,1.7070276737213135,1730893382_001110740.npy,0.0,True,19747,1.7619163990020752,0.08336418867111206,-0.05488872528076172,0.05488872528076172,0.0311528545348973,
out_vine_1push_3carry_st_ly_11_06_2024_1_label,outdoor_vine,stationary,11,15,1,0.9062424898147583,3.42242431640625,1730893382_001110740.npy,0.0,True,5512,3.220465660095215,0.18770742416381836,0.20195865631103516,0.20195865631103516,0.06271101065088337,
out_vine_1push_3carry_st_ly_11_06_2024_1_label,outdoor_vine,stationary,11,15,2,0.899531900882721,5.269071102142334,1730893382_001110740.npy,0.0,True,3979,4.957164764404297,0.3754727840423584,0.3119063377380371,0.3119063377380371,0.06292030879782931,
out_vine_1push_3carry_st_ly_11_06_2024_1_label,outdoor_vine,stationary,11,15,3,0.8744043707847595,5.105971336364746,1730893382_001110740.npy,0.0,False,5,,,,,,too_few_valid_depth_pixels
out_vine_1push_3carry_st_ly_11_06_2024_1_label,outdoor_vine,stationary,12,16,0,0.9234800338745117,1.6627132892608643,1730893382_068314740.npy,0.0,True,21779,1.7464079856872559,0.09548908472061157,-0.0836946964263916,0.0836946964263916,0.04792390845227131,
out_vine_1push_3carry_st_ly_11_06_2024_1_label,outdoor_vine,stationary,12,16,1,0.9026215076446533,3.4321203231811523,1730893382_068314740.npy,0.0,True,4969,3.226720094680786,0.1672072410583496,0.2054002285003662,0.2054002285003662,0.06365604157576801,
out_vine_1push_3carry_st_ly_11_06_2024_1_label,outdoor_vine,stationary,12,16,2,0.894388735294342,5.321168422698975,1730893382_068314740.npy,0.0,True,3921,4.951936721801758,0.39962005615234375,0.3692317008972168,0.3692317008972168,0.07456308948206272,
out_vine_1push_3carry_st_ly_11_06_2024_1_label,outdoor_vine,stationary,12,16,3,0.8754751086235046,5.1367998123168945,1730893382_068314740.npy,0.0,False,0,,,,,,too_few_valid_depth_pixels
out_vine_1push_3carry_st_ly_11_06_2024_1_label,outdoor_vine,stationary,13,18,0,0.9266825914382935,1.6469228267669678,1730893382_201406740.npy,0.0,True,23951,1.7156323194503784,0.13943755626678467,-0.06870949268341064,0.06870949268341064,0.04004907805969899,
out_vine_1push_3carry_st_ly_11_06_2024_1_label,outdoor_vine,stationary,13,18,1,0.8909189701080322,5.304585933685303,1730893382_201406740.npy,0.0,True,3857,4.937624454498291,0.282285213470459,0.3669614791870117,0.3669614791870117,0.07431943894653657,
out_vine_1push_3carry_st_ly_11_06_2024_1_label,outdoor_vine,stationary,13,18,2,0.8833683133125305,3.480786085128784,1730893382_201406740.npy,0.0,True,4618,3.215052604675293,0.2034561038017273,0.2657334804534912,0.2657334804534912,0.08265291835880527,
out_vine_1push_3carry_st_ly_11_06_2024_1_label,outdoor_vine,stationary,13,18,3,0.8711034059524536,5.14687442779541,1730893382_201406740.npy,0.0,False,0,,,,,,too_few_valid_depth_pixels
out_vine_1push_3carry_st_ly_11_06_2024_1_label,outdoor_vine,stationary,14,19,0,0.9150048494338989,1.56608247756958,1730893382_269448740.npy,0.0,True,21750,1.6559958457946777,0.13396796584129333,-0.08991336822509766,0.08991336822509766,0.0542956484180974,
out_vine_1push_3carry_st_ly_11_06_2024_1_label,outdoor_vine,stationary,14,19,1,0.8913814425468445,5.298051834106445,1730893382_269448740.npy,0.0,True,3927,4.932957649230957,0.22280287742614746,0.3650941848754883,0.3650941848754883,0.07401121413081786,
out_vine_1push_3carry_st_ly_11_06_2024_1_label,outdoor_vine,stationary,14,19,2,0.8687812685966492,5.17548131942749,1730893382_269448740.npy,0.0,False,0,,,,,,too_few_valid_depth_pixels
out_vine_1push_3carry_st_ly_11_06_2024_1_label,outdoor_vine,stationary,14,19,3,0.8542236089706421,3.552344799041748,1730893382_269448740.npy,0.0,True,3810,3.2552385330200195,0.2887503504753113,0.2971062660217285,0.2971062660217285,0.09127019817687239,
out_vine_1push_3carry_st_ly_11_06_2024_1_label,outdoor_vine,stationary,15,21,0,0.8968154191970825,5.353346347808838,1730893382_404037740.npy,0.0,True,3918,4.945606231689453,0.2552744150161743,0.40774011611938477,0.40774011611938477,0.0824449212124391,
out_vine_1push_3carry_st_ly_11_06_2024_1_label,outdoor_vine,stationary,15,21,1,0.8764994144439697,5.211093425750732,1730893382_404037740.npy,0.0,False,0,,,,,,too_few_valid_depth_pixels
out_vine_1push_3carry_st_ly_11_06_2024_1_label,outdoor_vine,stationary,15,21,2,0.8615026473999023,3.3429648876190186,1730893382_404037740.npy,0.0,True,2653,3.0868682861328125,0.2597663402557373,0.25609660148620605,0.25609660148620605,0.08296324227265313,
out_vine_1push_3carry_st_ly_11_06_2024_1_label,outdoor_vine,stationary,15,21,3,0.8603370785713196,1.5326120853424072,1730893382_404037740.npy,0.0,True,22530,1.5714187622070312,0.12875765562057495,-0.03880667686462402,0.03880667686462402,0.02469531215862581,
out_vine_1push_3carry_st_ly_11_06_2024_1_label,outdoor_vine,stationary,16,22,0,0.9017552733421326,5.359107971191406,1730893382_468453740.npy,0.0,True,4075,4.954200744628906,0.27245306968688965,0.4049072265625,0.4049072265625,0.08173008067981095,
out_vine_1push_3carry_st_ly_11_06_2024_1_label,outdoor_vine,stationary,16,22,1,0.8792235851287842,5.2253546714782715,1730893382_468453740.npy,0.0,False,0,,,,,,too_few_valid_depth_pixels
out_vine_1push_3carry_st_ly_11_06_2024_1_label,outdoor_vine,stationary,16,22,2,0.838109016418457,3.129625082015991,1730893382_468453740.npy,0.0,True,2353,3.006808042526245,0.2767000198364258,0.1228170394897461,0.1228170394897461,0.04084631867172946,
out_vine_1push_3carry_st_ly_11_06_2024_1_label,outdoor_vine,stationary,16,22,3,0.8204959034919739,1.4980250597000122,1730893382_468453740.npy,0.0,True,20168,1.510956048965454,0.09446263313293457,-0.012930989265441895,0.012930989265441895,0.008558150499675813,
out_vine_1push_3carry_st_ly_11_06_2024_1_label,outdoor_vine,stationary,17,24,0,0.9019816517829895,5.418186187744141,1730893382_602125740.npy,0.0,True,4272,4.997989177703857,0.3506826162338257,0.4201970100402832,0.4201970100402832,0.08407321326640553,
out_vine_1push_3carry_st_ly_11_06_2024_1_label,outdoor_vine,stationary,17,24,1,0.8853955268859863,5.209369659423828,1730893382_602125740.npy,0.0,False,0,,,,,,too_few_valid_depth_pixels
out_vine_1push_3carry_st_ly_11_06_2024_1_label,outdoor_vine,stationary,17,24,2,0.855651319026947,1.6337677240371704,1730893382_602125740.npy,0.0,True,19580,1.4455957412719727,0.0967693030834198,0.18817198276519775,0.18817198276519775,0.13016915960171974,
out_vine_1push_3carry_st_ly_11_06_2024_1_label,outdoor_vine,stationary,17,24,3,0.7918327450752258,2.7925000190734863,1730893382_602125740.npy,0.0,True,1617,2.9765806198120117,0.427243709564209,-0.1840806007385254,0.1840806007385254,0.061842974960359426,
out_vine_1push_3carry_st_ly_11_06_2024_1_label,outdoor_vine,stationary,17,24,4,0.2695153057575226,1.7260000705718994,1730893382_602125740.npy,0.0,True,993,1.6141849756240845,0.06525969505310059,0.11181509494781494,0.11181509494781494,0.06927031079854055,
out_vine_1push_3carry_st_ly_11_06_2024_1_label,outdoor_vine,stationary,17,24,5,0.11704464256763458,2.882166624069214,1730893382_602125740.npy,0.0,True,1576,1.624096155166626,0.0984531044960022,1.258070468902588,1.258070468902588,0.7746280692189156,
out_vine_1push_3carry_st_ly_11_06_2024_1_label,outdoor_vine,stationary,18,25,0,0.9006534814834595,5.41948938369751,1730893382_669210740.npy,0.0,True,4474,4.961705684661865,0.2161567211151123,0.45778369903564453,0.45778369903564453,0.09226337234205417,
out_vine_1push_3carry_st_ly_11_06_2024_1_label,outdoor_vine,stationary,18,25,1,0.8847370743751526,1.4030029773712158,1730893382_669210740.npy,0.0,True,17626,1.4205803871154785,0.07260116934776306,-0.017577409744262695,0.017577409744262695,0.012373400269135092,
out_vine_1push_3carry_st_ly_11_06_2024_1_label,outdoor_vine,stationary,18,25,2,0.884261965751648,5.2337775230407715,1730893382_669210740.npy,0.0,False,0,,,,,,too_few_valid_depth_pixels
out_vine_1push_3carry_st_ly_11_06_2024_1_label,outdoor_vine,stationary,18,25,3,0.6467458009719849,2.9470455646514893,1730893382_669210740.npy,0.0,True,1778,2.867999792098999,0.25621873140335083,0.07904577255249023,0.07904577255249023,0.027561289498783094,
out_vine_1push_3carry_st_ly_11_06_2024_1_label,outdoor_vine,stationary,19,27,0,0.9312271475791931,1.3639118671417236,1730893382_802564740.npy,0.0,True,17938,1.352263331413269,0.06584382057189941,0.01164853572845459,0.01164853572845459,0.008614103080263624,
out_vine_1push_3carry_st_ly_11_06_2024_1_label,outdoor_vine,stationary,19,27,1,0.9194326996803284,5.46571159362793,1730893382_802564740.npy,0.0,True,4188,4.976691246032715,0.17784059047698975,0.48902034759521484,0.48902034759521484,0.09826214314280574,
out_vine_1push_3carry_st_ly_11_06_2024_1_label,outdoor_vine,stationary,19,27,2,0.8863450288772583,5.2209601402282715,1730893382_802564740.npy,0.0,False,0,,,,,,too_few_valid_depth_pixels
out_vine_1push_3carry_st_ly_11_06_2024_1_label,outdoor_vine,stationary,19,27,3,0.7396410703659058,3.0048000812530518,1730893382_802564740.npy,0.0,True,1983,2.8612241744995117,0.4202078580856323,0.14357590675354004,0.14357590675354004,0.0501798873479232,
out_vine_1push_3carry_st_ly_11_06_2024_1_label,outdoor_vine,stationary,20,28,0,0.9303520917892456,1.3215681314468384,1730893382_869158740.npy,0.0,True,15622,1.3095183372497559,0.04654601216316223,0.01204979419708252,0.01204979419708252,0.00920169947554109,
out_vine_1push_3carry_st_ly_11_06_2024_1_label,outdoor_vine,stationary,20,28,1,0.8950197100639343,5.457699775695801,1730893382_869158740.npy,0.0,True,3980,4.9520440101623535,0.20913076400756836,0.5056557655334473,0.5056557655334473,0.10211051527324154,
out_vine_1push_3carry_st_ly_11_06_2024_1_label,outdoor_vine,stationary,20,28,2,0.8864120841026306,5.232200622558594,1730893382_869158740.npy,0.0,False,0,,,,,,too_few_valid_depth_pixels
out_vine_1push_3carry_st_ly_11_06_2024_1_label,outdoor_vine,stationary,21,30,0,0.9381330013275146,1.2489452362060547,1730893383_003109740.npy,0.0,True,19109,1.25492262840271,0.0411151647567749,-0.0059773921966552734,0.0059773921966552734,0.004763155959872534,
out_vine_1push_3carry_st_ly_11_06_2024_1_label,outdoor_vine,stationary,21,30,1,0.8933848142623901,5.328705787658691,1730893383_003109740.npy,0.0,True,3463,4.963314056396484,0.17178726196289062,0.36539173126220703,0.36539173126220703,0.07361849907347842,
out_vine_1push_3carry_st_ly_11_06_2024_1_label,outdoor_vine,stationary,21,30,2,0.8777795433998108,5.24227237701416,1730893383_003109740.npy,0.0,False,0,,,,,,too_few_valid_depth_pixels
out_vine_1push_3carry_st_ly_11_06_2024_1_label,outdoor_vine,stationary,22,31,0,0.9413574934005737,1.2355351448059082,1730893383_069631740.npy,0.0,True,20886,1.231001853942871,0.05147659778594971,0.004533290863037109,0.004533290863037109,0.003682602790984499,
out_vine_1push_3carry_st_ly_11_06_2024_1_label,outdoor_vine,stationary,22,31,1,0.9047931432723999,5.318786144256592,1730893383_069631740.npy,0.0,True,3383,4.968543529510498,0.13917970657348633,0.35024261474609375,0.35024261474609375,0.07049200890881592,
out_vine_1push_3carry_st_ly_11_06_2024_1_label,outdoor_vine,stationary,22,31,2,0.8767056465148926,5.206999778747559,1730893383_069631740.npy,0.0,False,0,,,,,,too_few_valid_depth_pixels
out_vine_1push_3carry_st_ly_11_06_2024_1_label,outdoor_vine,stationary,22,31,4,0.28314653038978577,1.2653334140777588,1730893383_069631740.npy,0.0,False,4,,,,,,too_few_valid_depth_pixels
out_vine_1push_3carry_st_ly_11_06_2024_1_label,outdoor_vine,stationary,23,33,0,0.9461119771003723,1.224497675895691,1730893383_202990740.npy,0.0,True,24344,1.2209594249725342,0.08288666605949402,0.0035382509231567383,0.0035382509231567383,0.0028979267048422452,
out_vine_1push_3carry_st_ly_11_06_2024_1_label,outdoor_vine,stationary,23,33,1,0.9112553000450134,5.2547502517700195,1730893383_202990740.npy,0.0,True,3626,4.997187614440918,0.20427560806274414,0.25756263732910156,0.25756263732910156,0.05154151839022308,
out_vine_1push_3carry_st_ly_11_06_2024_1_label,outdoor_vine,stationary,23,33,2,0.8830222487449646,5.205285549163818,1730893383_202990740.npy,0.0,False,7,,,,,,too_few_valid_depth_pixels
out_vine_1push_3carry_st_ly_11_06_2024_1_label,outdoor_vine,stationary,23,33,3,0.7456799149513245,2.6600844860076904,1730893383_202990740.npy,0.0,True,1173,3.252044916152954,0.20910263061523438,-0.5919604301452637,0.5919604301452637,0.18202713843372448,
out_vine_1push_3carry_st_ly_11_06_2024_1_label,outdoor_vine,stationary,23,33,4,0.34116941690444946,1.308500051498413,1730893383_202990740.npy,0.0,True,155,3.4266018867492676,0.2786068916320801,-2.1181018352508545,2.1181018352508545,0.6181347892912781,
out_vine_1push_3carry_st_ly_11_06_2024_1_label,outdoor_vine,stationary,24,34,0,0.9424263834953308,1.1991405487060547,1730893383_270047740.npy,0.0,True,26785,1.2106949090957642,0.09956729412078857,-0.011554360389709473,0.011554360389709473,0.009543577248820776,
out_vine_1push_3carry_st_ly_11_06_2024_1_label,outdoor_vine,stationary,24,34,1,0.9006332755088806,5.195309162139893,1730893383_270047740.npy,0.0,True,3630,4.9797892570495605,0.23426306247711182,0.21551990509033203,0.21551990509033203,0.04327892084694843,
out_vine_1push_3carry_st_ly_11_06_2024_1_label,outdoor_vine,stationary,24,34,2,0.8868411183357239,2.597724437713623,1730893383_270047740.npy,0.0,True,3022,3.2422776222229004,0.38004690408706665,-0.6445531845092773,0.6445531845092773,0.19879642017433805,
out_vine_1push_3carry_st_ly_11_06_2024_1_label,outdoor_vine,stationary,24,34,3,0.8815643191337585,5.1961140632629395,1730893383_270047740.npy,0.0,False,9,,,,,,too_few_valid_depth_pixels
out_vine_1push_3carry_st_ly_11_06_2024_1_label,outdoor_vine,stationary,25,36,0,0.9421430230140686,1.1911178827285767,1730893383_403559740.npy,0.0,True,29137,1.1930992603302002,0.13350367546081543,-0.001981377601623535,0.001981377601623535,0.0016606980387157161,
out_vine_1push_3carry_st_ly_11_06_2024_1_label,outdoor_vine,stationary,25,36,1,0.9092090129852295,3.2086756229400635,1730893383_403559740.npy,0.0,True,4463,3.359982967376709,0.3073474168777466,-0.1513073444366455,0.1513073444366455,0.04503217602759993,
out_vine_1push_3carry_st_ly_11_06_2024_1_label,outdoor_vine,stationary,25,36,2,0.9008360505104065,6.2386298179626465,1730893383_403559740.npy,0.0,True,3082,4.751262187957764,0.7015787363052368,1.4873676300048828,1.4873676300048828,0.31304684337872724,
out_vine_1push_3carry_st_ly_11_06_2024_1_label,outdoor_vine,stationary,25,36,3,0.8815589547157288,5.156499862670898,1730893383_403559740.npy,0.0,True,89,5.439311981201172,0.49427032470703125,-0.28281211853027344,0.28281211853027344,0.051994097692447415,
out_vine_1push_3carry_st_ly_11_06_2024_1_label,outdoor_vine,stationary,26,37,0,0.937606930732727,1.1786253452301025,1730893383_470418740.npy,0.0,True,33274,1.1592447757720947,0.1608026921749115,0.019380569458007812,0.019380569458007812,0.01671827198453383,
out_vine_1push_3carry_st_ly_11_06_2024_1_label,outdoor_vine,stationary,26,37,1,0.8950442671775818,3.2620198726654053,1730893383_470418740.npy,0.0,True,5008,3.3750038146972656,0.26124072074890137,-0.11298394203186035,0.11298394203186035,0.033476685726944844,
out_vine_1push_3carry_st_ly_11_06_2024_1_label,outdoor_vine,stationary,26,37,2,0.8835552930831909,5.142423629760742,1730893383_470418740.npy,0.0,True,191,5.258910179138184,0.33432722091674805,-0.1164865493774414,0.1164865493774414,0.022150321152001672,
out_vine_1push_3carry_st_ly_11_06_2024_1_label,outdoor_vine,stationary,27,39,0,0.9407548904418945,1.150895595550537,1730893383_603732740.npy,0.0,True,32827,1.118934988975525,0.07286298274993896,0.03196060657501221,0.03196060657501221,0.028563416900810937,
out_vine_1push_3carry_st_ly_11_06_2024_1_label,outdoor_vine,stationary,27,39,1,0.9072344303131104,3.2313239574432373,1730893383_603732740.npy,0.0,True,6179,3.4022018909454346,0.2314692735671997,-0.17087793350219727,0.17087793350219727,0.05022568882727655,
out_vine_1push_3carry_st_ly_11_06_2024_1_label,outdoor_vine,stationary,27,39,2,0.883564293384552,5.087940692901611,1730893383_603732740.npy,0.0,True,258,5.104979515075684,0.14361119270324707,-0.017038822174072266,0.017038822174072266,0.003337686688801465,
out_vine_1push_3carry_st_ly_11_06_2024_1_label,outdoor_vine,stationary,28,40,0,0.9449089765548706,1.1698222160339355,1730893383_671876740.npy,0.0,True,32917,1.115646243095398,1.6904785633087158,0.0541759729385376,0.0541759729385376,0.0485601715362968,
out_vine_1push_3carry_st_ly_11_06_2024_1_label,outdoor_vine,stationary,28,40,1,0.906869113445282,3.2538604736328125,1730893383_671876740.npy,0.0,True,6071,3.3929033279418945,0.2294473648071289,-0.13904285430908203,0.13904285430908203,0.04098049395159874,
out_vine_1push_3carry_st_ly_11_06_2024_1_label,outdoor_vine,stationary,28,40,2,0.8805221915245056,5.060999870300293,1730893383_671876740.npy,0.0,True,377,4.998886585235596,0.15252304077148438,0.062113285064697266,0.062113285064697266,0.012425423943033885,
out_vine_1push_3carry_st_ly_11_06_2024_1_label,outdoor_vine,stationary,29,42,0,0.9536886215209961,1.1789672374725342,1730893383_804398740.npy,0.0,True,27529,1.125726580619812,0.12537169456481934,0.05324065685272217,0.05324065685272217,0.04729448319805017,
out_vine_1push_3carry_st_ly_11_06_2024_1_label,outdoor_vine,stationary,29,42,1,0.9051224589347839,3.233464002609253,1730893383_804398740.npy,0.0,True,5819,3.375217914581299,0.21475732326507568,-0.1417539119720459,0.1417539119720459,0.041998447377176444,
out_vine_1push_3carry_st_ly_11_06_2024_1_label,outdoor_vine,stationary,30,43,0,0.9455370306968689,1.1744061708450317,1730893383_870738740.npy,0.0,True,28538,1.1411378383636475,0.1566043496131897,0.03326833248138428,0.03326833248138428,0.029153649421607055,
out_vine_1push_3carry_st_ly_11_06_2024_1_label,outdoor_vine,stationary,30,43,1,0.9186609983444214,3.207918643951416,1730893383_870738740.npy,0.0,True,5553,3.383760929107666,0.18898677825927734,-0.17584228515625,0.17584228515625,0.05196652152450424,
out_vine_1push_3carry_st_ly_11_06_2024_1_label,outdoor_vine,stationary,30,43,2,0.8691520690917969,5.0239996910095215,1730893383_870738740.npy,0.0,True,1313,4.915515422821045,0.20534515380859375,0.10848426818847656,0.10848426818847656,0.022069764583551397,
out_vine_1push_3carry_st_ly_11_06_2024_1_label,outdoor_vine,stationary,30,43,3,0.576848566532135,1.344384789466858,1730893383_870738740.npy,0.0,False,1,,,,,,too_few_valid_depth_pixels
out_vine_1push_3carry_st_ly_11_06_2024_1_label,outdoor_vine,stationary,31,45,0,0.9557104706764221,1.1758463382720947,1730893384_004679740.npy,0.0,True,23136,1.1574416160583496,0.16288554668426514,0.018404722213745117,0.018404722213745117,0.015901210012149145,
out_vine_1push_3carry_st_ly_11_06_2024_1_label,outdoor_vine,stationary,31,45,1,0.9246528744697571,3.248000144958496,1730893384_004679740.npy,0.0,True,5510,3.377863883972168,0.18272477388381958,-0.12986373901367188,0.12986373901367188,0.038445521629770295,
out_vine_1push_3carry_st_ly_11_06_2024_1_label,outdoor_vine,stationary,31,45,2,0.9012563824653625,4.544500350952148,1730893384_004679740.npy,0.0,True,3232,4.3759307861328125,0.5265332460403442,0.16856956481933594,0.16856956481933594,0.038521990647916005,
out_vine_1push_3carry_st_ly_11_06_2024_1_label,outdoor_vine,stationary,31,45,3,0.3052002191543579,5.001499652862549,1730893384_004679740.npy,0.0,True,1418,1.0407806634902954,0.06097722053527832,3.9607189893722534,3.9607189893722534,3.8055270705067095,
out_vine_1push_3carry_st_ly_11_06_2024_1_label,outdoor_vine,stationary,31,45,4,0.12444248050451279,1.1320000886917114,1730893384_004679740.npy,0.0,True,2773,1.1166424751281738,0.09294569492340088,0.015357613563537598,0.015357613563537598,0.013753384727528633,
out_vine_1push_3carry_st_ly_11_06_2024_1_label,outdoor_vine,stationary,32,46,0,0.9570226669311523,1.2261908054351807,1730893384_071266740.npy,0.0,True,19841,1.1812083721160889,0.1330937147140503,0.0449824333190918,0.0449824333190918,0.038081708850833416,
out_vine_1push_3carry_st_ly_11_06_2024_1_label,outdoor_vine,stationary,32,46,1,0.9313581585884094,3.195274829864502,1730893384_071266740.npy,0.0,True,5498,3.3394269943237305,0.1827716827392578,-0.14415216445922852,0.14415216445922852,0.04316673630064515,
out_vine_1push_3carry_st_ly_11_06_2024_1_label,outdoor_vine,stationary,32,46,2,0.9049016237258911,4.468326568603516,1730893384_071266740.npy,0.0,True,3423,4.390984058380127,0.5687696933746338,0.07734251022338867,0.07734251022338867,0.017613935554100145,
out_vine_1push_3carry_st_ly_11_06_2024_1_label,outdoor_vine,stationary,33,48,0,0.9479414820671082,1.267130732536316,1730893384_205418740.npy,0.0,True,12172,1.2593070268630981,2.347087651491165,0.007823705673217773,0.007823705673217773,0.0062127070732753914,
out_vine_1push_3carry_st_ly_11_06_2024_1_label,outdoor_vine,stationary,33,48,1,0.9278937578201294,3.253000259399414,1730893384_205418740.npy,0.0,True,7160,3.292423725128174,0.15840870141983032,-0.039423465728759766,0.039423465728759766,0.011973995153744985,
out_vine_1push_3carry_st_ly_11_06_2024_1_label,outdoor_vine,stationary,33,48,2,0.9170864224433899,4.644704341888428,1730893384_205418740.npy,0.0,True,3617,4.570364952087402,0.5137538909912109,0.07433938980102539,0.07433938980102539,0.016265525965726807,
out_vine_1push_3carry_st_ly_11_06_2024_1_label,outdoor_vine,stationary,34,49,0,0.9320786595344543,4.178748607635498,1730893384_272434740.npy,0.0,True,8677,2.7515270709991455,2.6432257890701294,1.4272215366363525,1.4272215366363525,0.5187016154335324,
out_vine_1push_3carry_st_ly_11_06_2024_1_label,outdoor_vine,stationary,34,49,1,0.9243171811103821,3.2375738620758057,1730893384_272434740.npy,0.0,True,7838,3.245485305786133,0.1572556495666504,-0.007911443710327148,0.007911443710327148,0.002437676638443695,
out_vine_1push_3carry_st_ly_11_06_2024_1_label,outdoor_vine,stationary,34,49,2,0.8489394187927246,4.5154595375061035,1730893384_272434740.npy,0.0,True,4103,4.56561279296875,0.4383549690246582,-0.050153255462646484,0.050153255462646484,0.010984999766052163,
out_vine_1push_3carry_st_ly_11_06_2024_1_label,outdoor_vine,stationary,35,51,0,0.93282151222229,3.2081620693206787,1730893384_405280740.npy,0.0,True,8302,3.1951475143432617,0.17997074127197266,0.013014554977416992,0.013014554977416992,0.004073225076148647,
out_vine_1push_3carry_st_ly_11_06_2024_1_label,outdoor_vine,stationary,35,51,1,0.8899226188659668,4.451319694519043,1730893384_405280740.npy,0.0,True,4207,4.4997758865356445,0.4273233413696289,-0.04845619201660156,0.04845619201660156,0.010768578977809437,
out_vine_1push_3carry_st_ly_11_06_2024_1_label,outdoor_vine,stationary,35,51,2,0.8662349581718445,5.043428421020508,1730893384_405280740.npy,0.0,True,1682,4.906274795532227,0.3388577699661255,0.13715362548828125,0.13715362548828125,0.02795473780090277,
out_vine_1push_3carry_st_ly_11_06_2024_1_label,outdoor_vine,stationary,35,51,3,0.8125922679901123,1.3486191034317017,1730893384_405280740.npy,0.0,True,5261,4.499577522277832,1.7561655044555664,-3.1509584188461304,3.1509584188461304,0.7002787268905666,
out_vine_1push_3carry_st_ly_11_06_2024_1_label,outdoor_vine,stationary,36,52,0,0.930336594581604,3.1450798511505127,1730893384_471672740.npy,0.0,True,7142,3.1451070308685303,0.19842249155044556,-2.7179718017578125e-05,2.7179718017578125e-05,8.641905585665352e-06,
out_vine_1push_3carry_st_ly_11_06_2024_1_label,outdoor_vine,stationary,36,52,1,0.8940516114234924,5.03851842880249,1730893384_471672740.npy,0.0,True,1965,4.889747142791748,0.2761812210083008,0.1487712860107422,0.1487712860107422,0.030425149126587114,
out_vine_1push_3carry_st_ly_11_06_2024_1_label,outdoor_vine,stationary,36,52,2,0.893390417098999,4.397175312042236,1730893384_471672740.npy,0.0,True,4084,4.532631874084473,0.3873225450515747,-0.13545656204223633,0.13545656204223633,0.029884748156300833,
out_vine_1push_3carry_st_ly_11_06_2024_1_label,outdoor_vine,stationary,36,52,3,0.8167492747306824,1.4302068948745728,1730893384_471672740.npy,0.0,True,5224,4.657808303833008,1.3291558027267456,-3.227601408958435,3.227601408958435,0.6929442343735732,
out_vine_1push_3carry_st_ly_11_06_2024_1_label,outdoor_vine,stationary,37,54,0,0.9204383492469788,3.072268009185791,1730893384_605356740.npy,0.0,True,6726,3.0670981407165527,0.24360543489456177,0.005169868469238281,0.005169868469238281,0.0016855895155772445,
out_vine_1push_3carry_st_ly_11_06_2024_1_label,outdoor_vine,stationary,37,54,1,0.9099319577217102,4.537402153015137,1730893384_605356740.npy,0.0,True,4114,4.624757766723633,0.3298448324203491,-0.0873556137084961,0.0873556137084961,0.018888689551924874,
out_vine_1push_3carry_st_ly_11_06_2024_1_label,outdoor_vine,stationary,37,54,2,0.8847566843032837,5.039741516113281,1730893384_605356740.npy,0.0,True,1545,4.96950101852417,0.2804880142211914,0.07024049758911133,0.07024049758911133,0.014134315965986294,
out_vine_1push_3carry_st_ly_11_06_2024_1_label,outdoor_vine,stationary,37,54,3,0.617831289768219,1.5274707078933716,1730893384_605356740.npy,0.0,True,2017,4.655222415924072,1.3097665309906006,-3.1277517080307007,3.1277517080307007,0.6718801871488743,
out_vine_1push_3carry_st_ly_11_06_2024_1_label,outdoor_vine,stationary,38,55,0,0.9325411915779114,3.0816617012023926,1730893384_672261740.npy,0.0,True,7297,3.0304629802703857,0.2486569881439209,0.051198720932006836,0.051198720932006836,0.016894686147078012,
out_vine_1push_3carry_st_ly_11_06_2024_1_label,outdoor_vine,stationary,38,55,1,0.9118378162384033,4.50933313369751,1730893384_672261740.npy,0.0,True,3883,4.635646343231201,0.31075525283813477,-0.1263132095336914,0.1263132095336914,0.027248241168813334,
out_vine_1push_3carry_st_ly_11_06_2024_1_label,outdoor_vine,stationary,38,55,2,0.8951937556266785,5.026128768920898,1730893384_672261740.npy,0.0,True,1580,5.040994644165039,0.24927163124084473,-0.014865875244140625,0.014865875244140625,0.002948996436913081,
out_vine_1push_3carry_st_ly_11_06_2024_1_label,outdoor_vine,stationary,38,55,3,0.37000805139541626,6.309875011444092,1730893384_672261740.npy,0.0,True,460,4.5654120445251465,0.6090601682662964,1.7444629669189453,1.7444629669189453,0.38210416713884776,
out_vine_1push_3carry_st_ly_11_06_2024_1_label,outdoor_vine,stationary,39,57,0,0.9320806860923767,2.9915175437927246,1730893384_806581740.npy,0.0,True,7418,2.9694924354553223,0.18882155418395996,0.022025108337402344,0.022025108337402344,0.007417128959288007,
out_vine_1push_3carry_st_ly_11_06_2024_1_label,outdoor_vine,stationary,39,57,1,0.9106335639953613,4.593191146850586,1730893384_806581740.npy,0.0,True,3958,4.647107124328613,0.2647249698638916,-0.053915977478027344,0.053915977478027344,0.011602051778786315,
out_vine_1push_3carry_st_ly_11_06_2024_1_label,outdoor_vine,stationary,39,57,2,0.8977209329605103,5.065264701843262,1730893384_806581740.npy,0.0,True,1638,5.027626037597656,0.3603343963623047,0.03763866424560547,0.03763866424560547,0.007486369106241303,
out_vine_1push_3carry_st_ly_11_06_2024_1_label,outdoor_vine,stationary,40,58,0,0.9284465909004211,2.952864646911621,1730893384_939753740.npy,0.0,True,8448,2.943213939666748,0.25318849086761475,0.009650707244873047,0.009650707244873047,0.003278968991960459,
out_vine_1push_3carry_st_ly_11_06_2024_1_label,outdoor_vine,stationary,40,58,1,0.9084497690200806,4.568450450897217,1730893384_939753740.npy,0.0,True,4070,4.6282219886779785,0.2427535057067871,-0.05977153778076172,0.05977153778076172,0.012914578844096256,
out_vine_1push_3carry_st_ly_11_06_2024_1_label,outdoor_vine,stationary,40,58,2,0.8920496106147766,5.0672173500061035,1730893384_939753740.npy,0.0,True,1846,5.007406234741211,0.4493948221206665,0.05981111526489258,0.05981111526489258,0.011944530253991604,
out_vine_1push_3carry_st_ly_11_06_2024_1_label,outdoor_vine,stationary,41,59,0,0.9320971965789795,2.9222335815429688,1730893385_006070740.npy,0.0,True,8140,2.931609630584717,0.22405129671096802,-0.009376049041748047,0.009376049041748047,0.003198259735515322,
out_vine_1push_3carry_st_ly_11_06_2024_1_label,outdoor_vine,stationary,41,59,1,0.9041904807090759,4.59810209274292,1730893385_006070740.npy,0.0,True,3836,4.622149467468262,0.21079254150390625,-0.024047374725341797,0.024047374725341797,0.005202638922560312,
out_vine_1push_3carry_st_ly_11_06_2024_1_label,outdoor_vine,stationary,41,59,2,0.8953922986984253,5.045833110809326,1730893385_006070740.npy,0.0,True,1840,5.014369010925293,0.52162766456604,0.0314640998840332,0.0314640998840332,0.0062747874788391745,
out_vine_1push_3carry_st_ly_11_06_2024_1_label,outdoor_vine,stationary,42,60,0,0.9311172962188721,2.897782802581787,1730893385_073007740.npy,0.0,True,7750,2.9135489463806152,0.2248045802116394,-0.015766143798828125,0.015766143798828125,0.005411319352782377,
out_vine_1push_3carry_st_ly_11_06_2024_1_label,outdoor_vine,stationary,42,60,1,0.9084519147872925,4.584831237792969,1730893385_073007740.npy,0.0,True,3925,4.601418972015381,0.22128629684448242,-0.01658773422241211,0.01658773422241211,0.003604917162139406,
out_vine_1push_3carry_st_ly_11_06_2024_1_label,outdoor_vine,stationary,42,60,2,0.8975280523300171,5.056282043457031,1730893385_073007740.npy,0.0,True,1927,5.000248432159424,0.4526338577270508,0.05603361129760742,0.05603361129760742,0.011206165465144411,
out_vine_1push_3carry_st_ly_11_06_2024_1_label,outdoor_vine,stationary,43,62,0,0.9261826872825623,2.8865530490875244,1730893385_206740740.npy,0.0,True,7991,2.851501703262329,0.23140597343444824,0.03505134582519531,0.03505134582519531,0.0122922408866507,
out_vine_1push_3carry_st_ly_11_06_2024_1_label,outdoor_vine,stationary,43,62,1,0.9102810621261597,4.57877779006958,1730893385_206740740.npy,0.0,True,3740,4.572992324829102,0.2145777940750122,0.005785465240478516,0.005785465240478516,0.0012651377543465975,
out_vine_1push_3carry_st_ly_11_06_2024_1_label,outdoor_vine,stationary,43,62,2,0.896389365196228,5.000166893005371,1730893385_206740740.npy,0.0,True,2258,4.884664535522461,0.4221841096878052,0.11550235748291016,0.11550235748291016,0.023645913991216613,
out_vine_1push_3carry_st_ly_11_06_2024_1_label,outdoor_vine,stationary,44,63,0,0.9281330108642578,2.875871419906616,1730893385_273206740.npy,0.0,True,7686,2.835179567337036,0.24923408031463623,0.04069185256958008,0.04069185256958008,0.014352478071715299,
out_vine_1push_3carry_st_ly_11_06_2024_1_label,outdoor_vine,stationary,44,63,1,0.908062219619751,4.547252655029297,1730893385_273206740.npy,0.0,True,3894,4.5738630294799805,0.2288569211959839,-0.026610374450683594,0.026610374450683594,0.005817921148746998,
out_vine_1push_3carry_st_ly_11_06_2024_1_label,outdoor_vine,stationary,44,63,2,0.9072799682617188,5.008579254150391,1730893385_273206740.npy,0.0,True,2467,4.898561000823975,0.46800899505615234,0.11001825332641602,0.11001825332641602,0.022459300457401698,
out_vine_1push_3carry_st_ly_11_06_2024_1_label,outdoor_vine,stationary,45,65,0,0.9385483264923096,2.8344738483428955,1730893385_408089740.npy,0.0,True,6069,2.8312418460845947,0.271822452545166,0.0032320022583007812,0.0032320022583007812,0.0011415493391249531,
out_vine_1push_3carry_st_ly_11_06_2024_1_label,outdoor_vine,stationary,45,65,1,0.9182581901550293,5.001522541046143,1730893385_408089740.npy,0.0,True,2635,4.903040885925293,0.4909963607788086,0.09848165512084961,0.09848165512084961,0.020085831917810805,
out_vine_1push_3carry_st_ly_11_06_2024_1_label,outdoor_vine,stationary,45,65,2,0.9090339541435242,4.582776069641113,1730893385_408089740.npy,0.0,True,3853,4.5616302490234375,0.20784568786621094,0.02114582061767578,0.02114582061767578,0.004635584092376343,
out_vine_1push_3carry_st_ly_11_06_2024_1_label,outdoor_vine,stationary,46,66,0,0.9350382685661316,2.772531270980835,1730893385_473533740.npy,0.0,True,5369,2.8774116039276123,0.27266979217529297,-0.10488033294677734,0.10488033294677734,0.03644954124867561,
out_vine_1push_3carry_st_ly_11_06_2024_1_label,outdoor_vine,stationary,46,66,1,0.9183853268623352,5.004552364349365,1730893385_473533740.npy,0.0,True,2761,4.925918102264404,0.5020565986633301,0.07863426208496094,0.07863426208496094,0.01596337179231896,
out_vine_1push_3carry_st_ly_11_06_2024_1_label,outdoor_vine,stationary,46,66,2,0.9067196249961853,4.498055934906006,1730893385_473533740.npy,0.0,True,3827,4.569212436676025,0.20762133598327637,-0.07115650177001953,0.07115650177001953,0.015573034249592454,
out_vine_1push_3carry_st_ly_11_06_2024_1_label,outdoor_vine,stationary,47,68,0,0.9209024310112,2.7760143280029297,1730893385_607088740.npy,0.0,True,3491,2.913768768310547,0.36985862255096436,-0.1377544403076172,0.1377544403076172,0.04727706666561931,
out_vine_1push_3carry_st_ly_11_06_2024_1_label,outdoor_vine,stationary,47,68,1,0.9150933027267456,4.998959064483643,1730893385_607088740.npy,0.0,True,2867,5.002913951873779,0.5579569339752197,-0.003954887390136719,0.003954887390136719,0.0007905167724612703,
out_vine_1push_3carry_st_ly_11_06_2024_1_label,outdoor_vine,stationary,47,68,2,0.9101154804229736,4.56557559967041,1730893385_607088740.npy,0.0,True,3891,4.5765485763549805,0.23103547096252441,-0.010972976684570312,0.010972976684570312,0.0023976532754973632,
out_vine_1push_3carry_st_ly_11_06_2024_1_label,outdoor_vine,stationary,48,69,0,0.9121006727218628,5.01007080078125,1730893385_673705740.npy,0.0,True,2928,4.981595039367676,0.5429233312606812,0.02847576141357422,0.02847576141357422,0.005716193546151577,
out_vine_1push_3carry_st_ly_11_06_2024_1_label,outdoor_vine,stationary,48,69,1,0.9070550203323364,2.668657064437866,1730893385_673705740.npy,0.0,True,2711,2.851284980773926,0.5385067462921143,-0.18262791633605957,0.18262791633605957,0.06405109189979627,
out_vine_1push_3carry_st_ly_11_06_2024_1_label,outdoor_vine,stationary,48,69,2,0.9066029191017151,4.593013286590576,1730893385_673705740.npy,0.0,True,4061,4.579832553863525,0.21642589569091797,0.013180732727050781,0.013180732727050781,0.0028779944620314943,
out_vine_1push_3carry_st_ly_11_06_2024_1_label,outdoor_vine,stationary,49,71,0,0.9157224893569946,5.017106533050537,1730893385_807283740.npy,0.0,True,2976,5.017459869384766,0.49912822246551514,-0.0003533363342285156,0.0003533363342285156,7.042135730561234e-05,
out_vine_1push_3carry_st_ly_11_06_2024_1_label,outdoor_vine,stationary,49,71,1,0.9047635793685913,4.527458190917969,1730893385_807283740.npy,0.0,True,4245,4.599539279937744,0.22000408172607422,-0.07208108901977539,0.07208108901977539,0.01567137155109827,
out_vine_1push_3carry_st_ly_11_06_2024_1_label,outdoor_vine,stationary,49,71,2,0.8975430727005005,2.6180248260498047,1730893385_807283740.npy,0.0,True,1339,2.535935163497925,0.44638562202453613,0.08208966255187988,0.08208966255187988,0.03237056835422009,
out_vine_1push_3carry_st_ly_11_06_2024_1_label,outdoor_vine,stationary,50,72,0,0.9173851013183594,5.017435550689697,1730893385_874137740.npy,0.0,True,2957,4.994146347045898,0.5141630172729492,0.023289203643798828,0.023289203643798828,0.004663300196954519,
out_vine_1push_3carry_st_ly_11_06_2024_1_label,outdoor_vine,stationary,50,72,1,0.9049113392829895,4.569573402404785,1730893385_874137740.npy,0.0,True,4364,4.595830917358398,0.23430418968200684,-0.02625751495361328,0.02625751495361328,0.005713333546375468,
out_vine_1push_3carry_st_ly_11_06_2024_1_label,outdoor_vine,stationary,50,72,2,0.8906658291816711,2.600255250930786,1730893385_874137740.npy,0.0,True,1099,2.5901260375976562,0.4388246536254883,0.010129213333129883,0.010129213333129883,0.003910702871635056,
out_vine_1push_3carry_st_ly_11_06_2024_1_label,outdoor_vine,stationary,51,74,0,0.9212444424629211,5.022069454193115,1730893386_007795740.npy,0.0,True,2992,4.962188243865967,0.5291228294372559,0.05988121032714844,0.05988121032714844,0.012067500744489265,
out_vine_1push_3carry_st_ly_11_06_2024_1_label,outdoor_vine,stationary,51,74,1,0.9081465005874634,4.5762858390808105,1730893386_007795740.npy,0.0,True,4215,4.5884599685668945,0.22690486907958984,-0.012174129486083984,0.012174129486083984,0.0026532059927475643,
out_vine_1push_3carry_st_ly_11_06_2024_1_label,outdoor_vine,stationary,51,74,2,0.8743512630462646,2.595069169998169,1730893386_007795740.npy,0.0,True,371,2.5264060497283936,0.09163141250610352,0.06866312026977539,0.06866312026977539,0.027178180750935567,
out_vine_1push_3carry_st_ly_11_06_2024_1_label,outdoor_vine,stationary,52,75,0,0.9226552248001099,5.028023719787598,1730893386_074397740.npy,0.0,True,3061,4.970492839813232,0.5285091400146484,0.057530879974365234,0.057530879974365234,0.011574482013845326,
out_vine_1push_3carry_st_ly_11_06_2024_1_label,outdoor_vine,stationary,52,75,1,0.9066880345344543,4.554755210876465,1730893386_074397740.npy,0.0,True,4073,4.589871406555176,0.2496476173400879,-0.03511619567871094,0.03511619567871094,0.007650801638703557,
out_vine_1push_3carry_st_ly_11_06_2024_1_label,outdoor_vine,stationary,52,75,2,0.8497437834739685,2.6072001457214355,1730893386_074397740.npy,0.0,True,157,2.5395901203155518,0.08392643928527832,0.06761002540588379,0.06761002540588379,0.026622416296643584,
out_vine_1push_3carry_st_ly_11_06_2024_1_label,outdoor_vine,stationary,53,77,0,0.9186854958534241,5.035666465759277,1730893386_209359740.npy,0.0,True,3029,4.928916931152344,0.41058969497680664,0.1067495346069336,0.1067495346069336,0.021657807607233574,
out_vine_1push_3carry_st_ly_11_06_2024_1_label,outdoor_vine,stationary,53,77,1,0.9047709107398987,4.581062316894531,1730893386_209359740.npy,0.0,True,3931,4.575371742248535,0.2440166473388672,0.005690574645996094,0.005690574645996094,0.0012437403923816473,
out_vine_1push_3carry_st_ly_11_06_2024_1_label,outdoor_vine,stationary,53,77,2,0.8126918077468872,2.5263030529022217,1730893386_209359740.npy,0.0,False,8,,,,,,too_few_valid_depth_pixels
out_vine_1push_3carry_st_ly_11_06_2024_1_label,outdoor_vine,stationary,54,78,0,0.918954610824585,5.043025970458984,1730893386_274815740.npy,0.0,True,2965,4.907358646392822,0.4382133483886719,0.1356673240661621,0.1356673240661621,0.027645691672827915,
out_vine_1push_3carry_st_ly_11_06_2024_1_label,outdoor_vine,stationary,54,78,1,0.8988572955131531,4.583677768707275,1730893386_274815740.npy,0.0,True,3961,4.5831146240234375,0.27340173721313477,0.0005631446838378906,0.0005631446838378906,0.00012287379435941656,
out_vine_1push_3carry_st_ly_11_06_2024_1_label,outdoor_vine,stationary,54,78,2,0.8006667494773865,2.535370349884033,1730893386_274815740.npy,0.0,True,33,5.729787826538086,0.2020106315612793,-3.1944174766540527,3.1944174766540527,0.5575106048183475,
out_vine_1push_3carry_st_ly_11_06_2024_1_label,outdoor_vine,stationary,55,80,0,0.9181538224220276,5.075625419616699,1730893386_410528740.npy,0.0,True,2889,4.92113733291626,0.4060039520263672,0.15448808670043945,0.15448808670043945,0.03139276070738916,
out_vine_1push_3carry_st_ly_11_06_2024_1_label,outdoor_vine,stationary,55,80,1,0.8941323161125183,4.629641532897949,1730893386_410528740.npy,0.0,True,3781,4.569716453552246,0.26874780654907227,0.059925079345703125,0.059925079345703125,0.013113522459171545,
out_vine_1push_3carry_st_ly_11_06_2024_1_label,outdoor_vine,stationary,55,80,2,0.7887815833091736,2.553030490875244,1730893386_410528740.npy,0.0,True,64,5.668281555175781,0.3283795118331909,-3.115251064300537,3.115251064300537,0.5495935644650469,
out_vine_1push_3carry_st_ly_11_06_2024_1_label,outdoor_vine,stationary,56,81,0,0.9179990887641907,5.07450008392334,1730893386_475026740.npy,0.0,True,2865,4.913871765136719,0.38517332077026367,0.1606283187866211,0.1606283187866211,0.03268874860069775,
out_vine_1push_3carry_st_ly_11_06_2024_1_label,outdoor_vine,stationary,56,81,1,0.8919845223426819,4.615652084350586,1730893386_475026740.npy,0.0,True,3684,4.581016540527344,0.24912571907043457,0.03463554382324219,0.03463554382324219,0.0075606677070096575,
out_vine_1push_3carry_st_ly_11_06_2024_1_label,outdoor_vine,stationary,56,81,2,0.7985538244247437,2.542799949645996,1730893386_475026740.npy,0.0,True,91,5.753281116485596,0.36982226371765137,-3.2104811668395996,3.2104811668395996,0.5580261248907527,
out_vine_1push_3carry_st_ly_11_06_2024_1_label,outdoor_vine,stationary,57,83,0,0.91496342420578,5.0674543380737305,1730893386_609760740.npy,0.0,True,2694,4.959412574768066,0.387423038482666,0.10804176330566406,0.10804176330566406,0.021785193644776928,
out_vine_1push_3carry_st_ly_11_06_2024_1_label,outdoor_vine,stationary,57,83,1,0.8928326964378357,4.62740421295166,1730893386_609760740.npy,0.0,True,3649,4.574954509735107,0.2290668487548828,0.052449703216552734,0.052449703216552734,0.01146452999804573,
out_vine_1push_3carry_st_ly_11_06_2024_1_label,outdoor_vine,stationary,57,83,2,0.8125806450843811,2.5544285774230957,1730893386_609760740.npy,0.0,True,25,5.231971740722656,0.5294938087463379,-2.6775431632995605,2.6775431632995605,0.511765601189912,
out_vine_1push_3carry_st_ly_11_06_2024_1_label,outdoor_vine,stationary,58,84,0,0.9113506078720093,5.090769290924072,1730893386_675443740.npy,0.0,True,2652,4.951147079467773,0.3588825464248657,0.13962221145629883,0.13962221145629883,0.028199972494314916,
out_vine_1push_3carry_st_ly_11_06_2024_1_label,outdoor_vine,stationary,58,84,1,0.89220130443573,4.609098434448242,1730893386_675443740.npy,0.0,True,3716,4.590445518493652,0.23675715923309326,0.018652915954589844,0.018652915954589844,0.004063421704808898,
out_vine_1push_3carry_st_ly_11_06_2024_1_label,outdoor_vine,stationary,58,84,2,0.8185628056526184,2.552562713623047,1730893386_675443740.npy,0.0,True,137,5.145019054412842,0.6970348358154297,-2.592456340789795,2.592456340789795,0.5038769173393568,
out_vine_1push_3carry_st_ly_11_06_2024_1_label,outdoor_vine,stationary,59,86,0,0.9047873020172119,5.085468292236328,1730893386_809719740.npy,0.0,True,2446,4.957172393798828,0.3424255847930908,0.1282958984375,0.1282958984375,0.025880862767248457,
out_vine_1push_3carry_st_ly_11_06_2024_1_label,outdoor_vine,stationary,59,86,1,0.8941638469696045,4.6563496589660645,1730893386_809719740.npy,0.0,True,3727,4.608335018157959,0.22213006019592285,0.04801464080810547,0.04801464080810547,0.010419086420348373,
out_vine_1push_3carry_st_ly_11_06_2024_1_label,outdoor_vine,stationary,59,86,2,0.8345925211906433,2.5772225856781006,1730893386_809719740.npy,0.0,False,7,,,,,,too_few_valid_depth_pixels
out_vine_1push_3carry_st_ly_11_06_2024_1_label,outdoor_vine,stationary,60,87,0,0.9007049202919006,5.087464809417725,1730893386_875935740.npy,0.0,True,2287,5.000741958618164,0.35800838470458984,0.08672285079956055,0.08672285079956055,0.017341996751122975,
out_vine_1push_3carry_st_ly_11_06_2024_1_label,outdoor_vine,stationary,60,87,1,0.8938423991203308,4.631289482116699,1730893386_875935740.npy,0.0,True,3627,4.617537975311279,0.21152710914611816,0.013751506805419922,0.013751506805419922,0.002978103673201063,
out_vine_1push_3carry_st_ly_11_06_2024_1_label,outdoor_vine,stationary,60,87,2,0.8454263210296631,2.5966296195983887,1730893386_875935740.npy,0.0,True,76,2.733883857727051,3.028997480869293,-0.1372542381286621,0.1372542381286621,0.05020485334105421,
out_vine_1push_3carry_st_ly_11_06_2024_1_label,outdoor_vine,stationary,61,89,0,0.895963728427887,4.616785049438477,1730893387_009193740.npy,0.0,True,3673,4.632885456085205,0.21239376068115234,-0.016100406646728516,0.016100406646728516,0.003475243840872635,
out_vine_1push_3carry_st_ly_11_06_2024_1_label,outdoor_vine,stationary,61,89,1,0.8922422528266907,5.100029468536377,1730893387_009193740.npy,0.0,True,2176,5.042904853820801,0.32621610164642334,0.05712461471557617,0.05712461471557617,0.011327720108043523,
out_vine_1push_3carry_st_ly_11_06_2024_1_label,outdoor_vine,stationary,61,89,2,0.8677356839179993,2.5988125801086426,1730893387_009193740.npy,0.0,True,160,2.727811813354492,0.15541952848434448,-0.1289992332458496,0.1289992332458496,0.0472903712104738,
out_vine_1push_3carry_st_ly_11_06_2024_1_label,outdoor_vine,stationary,62,90,0,0.8949140906333923,4.68179178237915,1730893387_076883740.npy,0.0,True,3737,4.647964954376221,0.2330617904663086,0.03382682800292969,0.03382682800292969,0.007277771742035308,
out_vine_1push_3carry_st_ly_11_06_2024_1_label,outdoor_vine,stationary,62,90,1,0.8921659588813782,5.099433422088623,1730893387_076883740.npy,0.0,True,2224,5.003449440002441,0.28276753425598145,0.09598398208618164,0.09598398208618164,0.019183561908069326,
out_vine_1push_3carry_st_ly_11_06_2024_1_label,outdoor_vine,stationary,62,90,2,0.8734727501869202,2.58762526512146,1730893387_076883740.npy,0.0,True,293,2.6135306358337402,0.15415501594543457,-0.025905370712280273,0.025905370712280273,0.009912021063421062,
out_vine_1push_3carry_st_ly_11_06_2024_1_label,outdoor_vine,stationary,63,92,0,0.8922815322875977,5.126941680908203,1730893387_211486740.npy,0.0,True,2234,5.032563209533691,0.3358539342880249,0.09437847137451172,0.09437847137451172,0.018753559060265965,
out_vine_1push_3carry_st_ly_11_06_2024_1_label,outdoor_vine,stationary,63,92,1,0.8913326859474182,4.646822929382324,1730893387_211486740.npy,0.0,True,3686,4.651843070983887,0.2195601463317871,-0.0050201416015625,0.0050201416015625,0.001079172604268595,
out_vine_1push_3carry_st_ly_11_06_2024_1_label,outdoor_vine,stationary,63,92,2,0.8856973648071289,2.6821250915527344,1730893387_211486740.npy,0.0,True,543,2.5290510654449463,2.7377970218658447,0.15307402610778809,0.15307402610778809,0.060526269397750236,
out_vine_1push_3carry_st_ly_11_06_2024_1_label,outdoor_vine,stationary,64,93,0,0.8957180380821228,5.134343147277832,1730893387_276306740.npy,0.0,True,2222,5.037851810455322,0.32469749450683594,0.09649133682250977,0.09649133682250977,0.019153270174056363,
out_vine_1push_3carry_st_ly_11_06_2024_1_label,outdoor_vine,stationary,64,93,1,0.893811047077179,2.5994668006896973,1730893387_276306740.npy,0.0,True,952,2.740819215774536,1.5684915781021118,-0.14135241508483887,0.14135241508483887,0.051573053148233156,
out_vine_1push_3carry_st_ly_11_06_2024_1_label,outdoor_vine,stationary,64,93,2,0.8926193118095398,4.6803460121154785,1730893387_276306740.npy,0.0,True,3552,4.657487869262695,0.20762503147125244,0.022858142852783203,0.022858142852783203,0.0049078265997506,
out_vine_1push_3carry_st_ly_11_06_2024_1_label,outdoor_vine,stationary,65,95,0,0.9041718244552612,2.549121379852295,1730893387_410111740.npy,0.0,True,893,2.590134859085083,0.2127242088317871,-0.041013479232788086,0.041013479232788086,0.015834495678451018,
out_vine_1push_3carry_st_ly_11_06_2024_1_label,outdoor_vine,stationary,65,95,1,0.8927447199821472,4.675195217132568,1730893387_410111740.npy,0.0,True,3597,4.660393714904785,0.22255706787109375,0.014801502227783203,0.014801502227783203,0.0031760196955989604,
out_vine_1push_3carry_st_ly_11_06_2024_1_label,outdoor_vine,stationary,65,95,2,0.8919411897659302,5.100818634033203,1730893387_410111740.npy,0.0,True,2176,5.035358428955078,0.3437463045120239,0.065460205078125,0.065460205078125,0.01300010833423612,
out_vine_1push_3carry_st_ly_11_06_2024_1_label,outdoor_vine,stationary,66,96,0,0.9079365134239197,2.606630563735962,1730893387_477112740.npy,0.0,True,1117,2.5844995975494385,0.11066460609436035,0.022130966186523438,0.022130966186523438,0.008562959811449573,
out_vine_1push_3carry_st_ly_11_06_2024_1_label,outdoor_vine,stationary,66,96,1,0.8932186961174011,4.685305595397949,1730893387_477112740.npy,0.0,True,3634,4.650604248046875,0.21957480907440186,0.03470134735107422,0.03470134735107422,0.007461685729472213,
out_vine_1push_3carry_st_ly_11_06_2024_1_label,outdoor_vine,stationary,66,96,2,0.8906901478767395,5.13190221786499,1730893387_477112740.npy,0.0,True,2160,5.035284042358398,0.3389638662338257,0.0966181755065918,0.0966181755065918,0.019188227455255596,
out_vine_1push_3carry_st_ly_11_06_2024_1_label,outdoor_vine,stationary,67,98,0,0.9130504131317139,7.039400100708008,,0.06683492660522461,False,0,,,,,,no_matching_depth_map
out_vine_1push_3carry_st_ly_11_06_2024_1_label,outdoor_vine,stationary,67,98,1,0.8923323750495911,4.685119152069092,,0.06683492660522461,False,0,,,,,,no_matching_depth_map
out_vine_1push_3carry_st_ly_11_06_2024_1_label,outdoor_vine,stationary,67,98,2,0.8893077373504639,5.137354373931885,,0.06683492660522461,False,0,,,,,,no_matching_depth_map
out_vine_1push_3carry_st_ly_11_06_2024_1_label,outdoor_vine,stationary,68,99,0,0.9081465601921082,7.391027450561523,1730893387_677732740.npy,0.0,True,1715,2.6395184993743896,0.34225618839263916,4.751508951187134,4.751508951187134,1.8001423184998784,
out_vine_1push_3carry_st_ly_11_06_2024_1_label,outdoor_vine,stationary,68,99,1,0.8935381770133972,4.649116039276123,1730893387_677732740.npy,0.0,True,3658,4.63814640045166,0.19272029399871826,0.01096963882446289,0.01096963882446289,0.002365091111266922,
out_vine_1push_3carry_st_ly_11_06_2024_1_label,outdoor_vine,stationary,68,99,2,0.8905351758003235,5.127047538757324,1730893387_677732740.npy,0.0,True,2069,5.002543926239014,0.2808094024658203,0.12450361251831055,0.12450361251831055,0.024888059825976222,
out_vine_1push_3carry_st_ly_11_06_2024_1_label,outdoor_vine,stationary,69,101,0,0.9126099944114685,6.614689350128174,1730893387_810661740.npy,0.0,True,2227,2.8777902126312256,0.4213426113128662,3.7368991374969482,3.7368991374969482,1.2985307688847203,
out_vine_1push_3carry_st_ly_11_06_2024_1_label,outdoor_vine,stationary,69,101,1,0.8940961956977844,5.1023101806640625,1730893387_810661740.npy,0.0,True,2200,5.027655601501465,0.30636513233184814,0.07465457916259766,0.07465457916259766,0.014848785414081014,
out_vine_1push_3carry_st_ly_11_06_2024_1_label,outdoor_vine,stationary,69,101,2,0.8927032351493835,4.619974136352539,1730893387_810661740.npy,0.0,True,3769,4.64497709274292,0.1922154426574707,-0.02500295639038086,0.02500295639038086,0.005382794337014972,
out_vine_1push_3carry_st_ly_11_06_2024_1_label,outdoor_vine,stationary,70,102,0,0.9166463017463684,6.890246868133545,1730893388_010745740.npy,0.0,True,1902,2.8921430110931396,0.4184393882751465,3.9981038570404053,3.9981038570404053,1.38240185278018,
out_vine_1push_3carry_st_ly_11_06_2024_1_label,outdoor_vine,stationary,70,102,1,0.9018799066543579,5.0786871910095215,1730893388_010745740.npy,0.0,True,2254,4.970427513122559,0.3183858394622803,0.10825967788696289,0.10825967788696289,0.02178075781230963,
out_vine_1push_3carry_st_ly_11_06_2024_1_label,outdoor_vine,stationary,70,102,2,0.8970692753791809,4.590912342071533,1730893388_010745740.npy,0.0,True,3756,4.64538049697876,0.22381913661956787,-0.05446815490722656,0.05446815490722656,0.011725230030704976,
out_vine_1push_3carry_st_ly_11_06_2024_1_label,outdoor_vine,stationary,71,104,0,0.9179807305335999,6.382363319396973,1730893388_144545740.npy,0.0,True,1782,2.8944194316864014,0.21060073375701904,3.4879438877105713,3.4879438877105713,1.2050582059830768,
out_vine_1push_3carry_st_ly_11_06_2024_1_label,outdoor_vine,stationary,71,104,1,0.9049587845802307,5.0092902183532715,1730893388_144545740.npy,0.0,True,2525,4.94265604019165,0.30974721908569336,0.0666341781616211,0.0666341781616211,0.0134814515960203,
out_vine_1push_3carry_st_ly_11_06_2024_1_label,outdoor_vine,stationary,71,104,2,0.8982531428337097,4.624565124511719,1730893388_144545740.npy,0.0,True,3682,4.632683753967285,0.23858702182769775,-0.008118629455566406,0.008118629455566406,0.0017524678753678938,
out_vine_1push_3carry_st_ly_11_06_2024_1_label,outdoor_vine,stationary,72,105,0,0.9171475768089294,7.217226982116699,1730893388_277972740.npy,0.0,True,1823,2.870845317840576,0.20520555973052979,4.346381664276123,4.346381664276123,1.513972779120483,
out_vine_1push_3carry_st_ly_11_06_2024_1_label,outdoor_vine,stationary,72,105,1,0.9124053120613098,4.954124927520752,1730893388_277972740.npy,0.0,True,2650,4.978273391723633,0.41240477561950684,-0.02414846420288086,0.02414846420288086,0.004850771000850942,
out_vine_1push_3carry_st_ly_11_06_2024_1_label,outdoor_vine,stationary,72,105,2,0.8999027609825134,4.650511741638184,1730893388_277972740.npy,0.0,True,3740,4.628273010253906,0.22604775428771973,0.022238731384277344,0.022238731384277344,0.004804973979496799,
out_vine_1push_3carry_st_ly_11_06_2024_1_label,outdoor_vine,stationary,73,107,0,0.9235165119171143,6.647813320159912,1730893388_414493740.npy,0.0,True,2280,2.867420196533203,0.27894753217697144,3.780393123626709,3.780393123626709,1.3183952349213826,
out_vine_1push_3carry_st_ly_11_06_2024_1_label,outdoor_vine,stationary,73,107,1,0.9131550788879395,4.945093154907227,1730893388_414493740.npy,0.0,True,2615,5.023153781890869,0.4575207233428955,-0.07806062698364258,0.07806062698364258,0.01554016268923747,
out_vine_1push_3carry_st_ly_11_06_2024_1_label,outdoor_vine,stationary,73,107,2,0.8972627520561218,4.626727104187012,1730893388_414493740.npy,0.0,True,3869,4.62446403503418,0.2360091209411621,0.0022630691528320312,0.0022630691528320312,0.0004893689594485742,
out_vine_1push_3carry_st_ly_11_06_2024_1_label,outdoor_vine,stationary,74,108,0,0.9262929558753967,5.997137546539307,1730893388_478438740.npy,0.0,True,2532,2.867039680480957,1.7736998200416565,3.1300978660583496,3.1300978660583496,1.0917525443991287,
out_vine_1push_3carry_st_ly_11_06_2024_1_label,outdoor_vine,stationary,74,108,1,0.9140428304672241,4.877389907836914,1730893388_478438740.npy,0.0,True,2532,5.055093765258789,0.46487629413604736,-0.177703857421875,0.177703857421875,0.03515342458000434,
out_vine_1push_3carry_st_ly_11_06_2024_1_label,outdoor_vine,stationary,74,108,2,0.8979657292366028,4.652249813079834,1730893388_478438740.npy,0.0,True,3704,4.625552177429199,0.21877455711364746,0.026697635650634766,0.026697635650634766,0.005771772672008392,
out_vine_1push_3carry_st_ly_11_06_2024_1_label,outdoor_vine,stationary,75,110,0,0.9308403730392456,6.610457420349121,1730893388_613098740.npy,0.0,True,3469,3.029661178588867,1.798546314239502,3.580796241760254,3.580796241760254,1.181913102054564,
out_vine_1push_3carry_st_ly_11_06_2024_1_label,outdoor_vine,stationary,75,110,1,0.9146295189857483,4.802999973297119,1730893388_613098740.npy,0.0,True,2399,5.04315710067749,0.5594193935394287,-0.2401571273803711,0.2401571273803711,0.047620393849739234,
out_vine_1push_3carry_st_ly_11_06_2024_1_label,outdoor_vine,stationary,75,110,2,0.8983675241470337,4.612850666046143,1730893388_613098740.npy,0.0,True,3939,4.588362216949463,0.26976466178894043,0.024488449096679688,0.024488449096679688,0.005337078447342077,
out_vine_1push_3carry_st_ly_11_06_2024_1_label,outdoor_vine,stationary,76,111,0,0.9339881539344788,6.1072821617126465,1730893388_683586740.npy,0.0,True,3561,2.8978617191314697,1.7946996688842773,3.2094204425811768,3.2094204425811768,1.1075133162472244,
out_vine_1push_3carry_st_ly_11_06_2024_1_label,outdoor_vine,stationary,76,111,1,0.9111078381538391,4.6804728507995605,1730893388_683586740.npy,0.0,True,2379,4.9384026527404785,0.5915660858154297,-0.25792980194091797,0.25792980194091797,0.0522293988720795,
out_vine_1push_3carry_st_ly_11_06_2024_1_label,outdoor_vine,stationary,76,111,2,0.8955647349357605,4.528295516967773,1730893388_683586740.npy,0.0,True,4131,4.584193706512451,0.2734794616699219,-0.055898189544677734,0.055898189544677734,0.012193679657399073,
out_vine_1push_3carry_st_ly_11_06_2024_1_label,outdoor_vine,stationary,77,114,0,0.9347056150436401,6.060027599334717,1730893388_883115740.npy,0.0,True,4692,3.525249719619751,2.1107917428016663,2.534777879714966,2.534777879714966,0.719034985126778,
out_vine_1push_3carry_st_ly_11_06_2024_1_label,outdoor_vine,stationary,77,114,1,0.9099724292755127,4.5783467292785645,1730893388_883115740.npy,0.0,True,3053,4.69326639175415,0.55621337890625,-0.11491966247558594,0.11491966247558594,0.02448607278664054,
out_vine_1push_3carry_st_ly_11_06_2024_1_label,outdoor_vine,stationary,77,114,2,0.9063671231269836,4.580389499664307,1730893388_883115740.npy,0.0,True,4240,4.562640190124512,0.20926880836486816,0.017749309539794922,0.017749309539794922,0.0038901400943716657,
out_vine_1push_3carry_st_ly_11_06_2024_1_label,outdoor_vine,stationary,78,117,0,0.9352262020111084,5.7940545082092285,1730893389_079374740.npy,0.0,True,5478,2.9149270057678223,2.1426197290420532,2.8791275024414062,2.8791275024414062,0.9877185592450244,
out_vine_1push_3carry_st_ly_11_06_2024_1_label,outdoor_vine,stationary,78,117,1,0.9194342494010925,4.488150596618652,1730893389_079374740.npy,0.0,True,3361,4.481415748596191,0.3730196952819824,0.0067348480224609375,0.0067348480224609375,0.0015028393704758672,
out_vine_1push_3carry_st_ly_11_06_2024_1_label,outdoor_vine,stationary,78,117,2,0.9064181447029114,4.569148540496826,1730893389_079374740.npy,0.0,True,4448,4.589295387268066,0.26421022415161133,-0.020146846771240234,0.020146846771240234,0.004389965140865192,
out_vine_1push_3carry_st_ly_11_06_2024_1_label,outdoor_vine,stationary,79,119,0,0.935016930103302,6.0104875564575195,1730893389_212749740.npy,0.0,True,5841,2.8771064281463623,2.1920363903045654,3.1333811283111572,3.1333811283111572,1.0890737644105524,
out_vine_1push_3carry_st_ly_11_06_2024_1_label,outdoor_vine,stationary,79,119,1,0.920499861240387,4.411457538604736,1730893389_212749740.npy,0.0,True,3616,4.355768203735352,0.26808440685272217,0.055689334869384766,0.055689334869384766,0.01278519247686954,
out_vine_1push_3carry_st_ly_11_06_2024_1_label,outdoor_vine,stationary,79,119,2,0.9012430310249329,4.5578532218933105,1730893389_212749740.npy,0.0,True,4137,4.592897415161133,0.2806558609008789,-0.035044193267822266,0.035044193267822266,0.007630084040662774,
out_vine_1push_3carry_st_ly_11_06_2024_1_label,outdoor_vine,stationary,80,120,0,0.9350691437721252,5.349832534790039,1730893389_279469740.npy,0.0,True,5885,2.8325161933898926,2.0575244426727295,2.5173163414001465,2.5173163414001465,0.8887209002634079,
out_vine_1push_3carry_st_ly_11_06_2024_1_label,outdoor_vine,stationary,80,120,1,0.9254615902900696,4.33445405960083,1730893389_279469740.npy,0.0,True,3783,4.257905006408691,0.22882652282714844,0.07654905319213867,0.07654905319213867,0.01797810262956138,
out_vine_1push_3carry_st_ly_11_06_2024_1_label,outdoor_vine,stationary,80,120,2,0.8946279883384705,4.586043357849121,1730893389_279469740.npy,0.0,True,4009,4.599810600280762,0.27907848358154297,-0.013767242431640625,0.013767242431640625,0.002993002022909444,
out_vine_1push_3carry_st_ly_11_06_2024_1_label,outdoor_vine,stationary,81,122,0,0.9358214735984802,6.0017781257629395,1730893389_413452740.npy,0.0,True,5901,2.8015215396881104,1.9275169372558594,3.200256586074829,3.200256586074829,1.1423280316563653,
out_vine_1push_3carry_st_ly_11_06_2024_1_label,outdoor_vine,stationary,81,122,1,0.9235507845878601,4.21345329284668,1730893389_413452740.npy,0.0,True,4085,4.180685520172119,0.29365110397338867,0.03276777267456055,0.03276777267456055,0.007837894650638897,
out_vine_1push_3carry_st_ly_11_06_2024_1_label,outdoor_vine,stationary,81,122,2,0.8891791701316833,4.5560302734375,1730893389_413452740.npy,0.0,True,3578,4.573486804962158,0.33316242694854736,-0.017456531524658203,0.017456531524658203,0.0038168977563722613,
out_vine_1push_3carry_st_ly_11_06_2024_1_label,outdoor_vine,stationary,82,122,0,0.9358214735984802,5.498608112335205,1730893389_413452740.npy,0.0,True,5901,2.8015215396881104,1.9275169372558594,2.6970865726470947,2.6970865726470947,0.9627220545830099,
out_vine_1push_3carry_st_ly_11_06_2024_1_label,outdoor_vine,stationary,82,122,1,0.9235507845878601,4.115516662597656,1730893389_413452740.npy,0.0,True,4085,4.180685520172119,0.29365110397338867,-0.06516885757446289,0.06516885757446289,0.015588079337711076,
out_vine_1push_3carry_st_ly_11_06_2024_1_label,outdoor_vine,stationary,82,122,2,0.8891791701316833,4.451485633850098,1730893389_413452740.npy,0.0,True,3578,4.573486804962158,0.33316242694854736,-0.12200117111206055,0.12200117111206055,0.026675745730739022,
out_vine_1push_3carry_st_ly_11_06_2024_1_label,outdoor_vine,stationary,83,123,0,0.9337331056594849,5.373773574829102,1730893389_680292740.npy,0.0,True,6339,2.752617120742798,1.6759860515594482,2.6211564540863037,2.6211564540863037,0.9522415719695083,
out_vine_1push_3carry_st_ly_11_06_2024_1_label,outdoor_vine,stationary,83,123,1,0.9213434457778931,4.060666561126709,1730893389_680292740.npy,0.0,True,5136,4.007030487060547,0.441963255405426,0.05363607406616211,0.05363607406616211,0.013385491884666976,
out_vine_1push_3carry_st_ly_11_06_2024_1_label,outdoor_vine,stationary,83,123,2,0.9155620336532593,4.563000202178955,1730893389_680292740.npy,0.0,True,3294,4.549859523773193,0.3824073076248169,0.013140678405761719,0.013140678405761719,0.002888150356533243,
out_vine_1push_3carry_st_ly_11_06_2024_1_label,outdoor_vine,stationary,84,123,0,0.9337331056594849,5.319101333618164,1730893389_680292740.npy,0.0,True,6339,2.752617120742798,1.6759860515594482,2.566484212875366,2.566484212875366,0.9323796591742467,
out_vine_1push_3carry_st_ly_11_06_2024_1_label,outdoor_vine,stationary,84,123,1,0.9213434457778931,3.955963373184204,1730893389_680292740.npy,0.0,True,5136,4.007030487060547,0.441963255405426,-0.05106711387634277,0.05106711387634277,0.012744378671749082,
out_vine_1push_3carry_st_ly_11_06_2024_1_label,outdoor_vine,stationary,84,123,2,0.9155620336532593,4.915194988250732,1730893389_680292740.npy,0.0,True,3294,4.549859523773193,0.3824073076248169,0.36533546447753906,0.36533546447753906,0.08029598772635661,
out_vine_1push_3carry_st_ly_11_06_2024_1_label,outdoor_vine,stationary,85,125,0,0.9344672560691833,5.188791275024414,1730893389_813773740.npy,0.0,True,6658,2.7153267860412598,1.6253913044929504,2.4734644889831543,2.4734644889831543,0.910927002119431,
out_vine_1push_3carry_st_ly_11_06_2024_1_label,outdoor_vine,stationary,85,125,1,0.9270218014717102,3.879178762435913,1730893389_813773740.npy,0.0,True,6118,3.9075188636779785,0.5864933729171753,-0.02834010124206543,0.02834010124206543,0.007252710026686888,
out_vine_1push_3carry_st_ly_11_06_2024_1_label,outdoor_vine,stationary,85,125,2,0.9046617150306702,4.543615341186523,1730893389_813773740.npy,0.0,True,3125,4.600557804107666,0.3856534957885742,-0.05694246292114258,0.05694246292114258,0.012377295394549936,
out_vine_1push_3carry_st_ly_11_06_2024_1_label,outdoor_vine,stationary,86,126,0,0.9348942637443542,5.114332675933838,1730893389_881995740.npy,0.0,True,6859,2.6825239658355713,1.668564796447754,2.4318087100982666,2.4318087100982666,0.9065375523460756,
out_vine_1push_3carry_st_ly_11_06_2024_1_label,outdoor_vine,stationary,86,126,1,0.9190526604652405,3.7749998569488525,1730893389_881995740.npy,0.0,True,6052,3.8087596893310547,0.39340609312057495,-0.03375983238220215,0.03375983238220215,0.00886373390181818,
out_vine_1push_3carry_st_ly_11_06_2024_1_label,outdoor_vine,stationary,86,126,2,0.905218780040741,4.500999450683594,1730893389_881995740.npy,0.0,True,3101,4.59583854675293,0.3929290771484375,-0.09483909606933594,0.09483909606933594,0.020635863315159764,
out_vine_1push_3carry_st_ly_11_06_2024_1_label,outdoor_vine,stationary,87,128,0,0.9386104941368103,4.452866554260254,1730893390_214698740.npy,0.0,True,7790,2.5520901679992676,1.4960710406303406,1.9007763862609863,1.9007763862609863,0.7447920179682036,
out_vine_1push_3carry_st_ly_11_06_2024_1_label,outdoor_vine,stationary,87,128,1,0.9224542379379272,3.567136764526367,1730893390_214698740.npy,0.0,True,5618,3.5755977630615234,0.1940738558769226,-0.00846099853515625,0.00846099853515625,0.0023663172134641103,
out_vine_1push_3carry_st_ly_11_06_2024_1_label,outdoor_vine,stationary,87,128,2,0.9121367335319519,4.548035621643066,1730893390_214698740.npy,0.0,True,3046,4.4704132080078125,0.3725212812423706,0.0776224136352539,0.0776224136352539,0.01736358811221512,
out_vine_1push_3carry_st_ly_11_06_2024_1_label,outdoor_vine,stationary,88,129,0,0.938647985458374,4.260205268859863,1730893390_285396740.npy,0.0,True,7864,2.4983506202697754,1.4907291531562805,1.761854648590088,1.761854648590088,0.7052071211685413,
out_vine_1push_3carry_st_ly_11_06_2024_1_label,outdoor_vine,stationary,88,129,1,0.9239553213119507,3.5244526863098145,1730893390_285396740.npy,0.0,True,5566,3.535755157470703,0.2953232526779175,-0.011302471160888672,0.011302471160888672,0.003196621558200279,
out_vine_1push_3carry_st_ly_11_06_2024_1_label,outdoor_vine,stationary,88,129,2,0.9120203256607056,4.633815765380859,1730893390_285396740.npy,0.0,True,3113,4.469291687011719,0.36599206924438477,0.16452407836914062,0.16452407836914062,0.036812114735600435,
out_vine_1push_3carry_st_ly_11_06_2024_1_label,outdoor_vine,stationary,89,130,0,0.9416593909263611,3.273791551589966,1730893390_348159740.npy,0.0,True,8195,2.489731788635254,1.4407957792282104,0.7840597629547119,0.7840597629547119,0.31491736038944745,
out_vine_1push_3carry_st_ly_11_06_2024_1_label,outdoor_vine,stationary,89,130,1,0.9199283719062805,3.451934814453125,1730893390_348159740.npy,0.0,True,5934,3.5166196823120117,0.28648853302001953,-0.06468486785888672,0.06468486785888672,0.01839404704018476,
out_vine_1push_3carry_st_ly_11_06_2024_1_label,outdoor_vine,stationary,89,130,2,0.9124963283538818,4.886576175689697,1730893390_348159740.npy,0.0,True,3069,4.532653331756592,0.3165740966796875,0.35392284393310547,0.35392284393310547,0.0780829280398432,
out_vine_1push_3carry_st_ly_11_06_2024_1_label,outdoor_vine,stationary,90,131,0,0.9462212324142456,2.502223253250122,1730893390_548247740.npy,0.0,True,8680,2.4713134765625,1.0350936651229858,0.03090977668762207,0.03090977668762207,0.01250742853173623,
out_vine_1push_3carry_st_ly_11_06_2024_1_label,outdoor_vine,stationary,90,131,1,0.9090816974639893,4.648706912994385,1730893390_548247740.npy,0.0,True,2761,4.68701696395874,0.4114222526550293,-0.03831005096435547,0.03831005096435547,0.008173653148461852,
out_vine_1push_3carry_st_ly_11_06_2024_1_label,outdoor_vine,stationary,90,131,2,0.9031748175621033,3.388650894165039,1730893390_548247740.npy,0.0,True,6481,3.3501508235931396,0.15477252006530762,0.038500070571899414,0.038500070571899414,0.011492040985368804,
out_vine_1push_3carry_st_ly_11_06_2024_1_label,outdoor_vine,stationary,91,132,0,0.9479963183403015,3.095679759979248,1730893390_615139740.npy,0.0,True,8913,2.4590201377868652,1.0385041236877441,0.6366596221923828,0.6366596221923828,0.2589078521192514,
out_vine_1push_3carry_st_ly_11_06_2024_1_label,outdoor_vine,stationary,91,132,1,0.9139237403869629,3.327441453933716,1730893390_615139740.npy,0.0,True,5956,3.3473925590515137,0.17086321115493774,-0.01995110511779785,0.01995110511779785,0.00596019282645804,
out_vine_1push_3carry_st_ly_11_06_2024_1_label,outdoor_vine,stationary,91,132,2,0.9098941683769226,5.100564956665039,1730893390_615139740.npy,0.0,True,2903,4.697492599487305,0.4477536678314209,0.4030723571777344,0.4030723571777344,0.08580585251411074,
out_vine_1push_3carry_st_ly_11_06_2024_1_label,outdoor_vine,stationary,92,133,0,0.950325608253479,2.528496026992798,1730893390_683322740.npy,0.0,True,9243,2.453101396560669,1.1241514682769775,0.0753946304321289,0.0753946304321289,0.030734412583937512,
out_vine_1push_3carry_st_ly_11_06_2024_1_label,outdoor_vine,stationary,92,133,1,0.9162434935569763,3.303148031234741,1730893390_683322740.npy,0.0,True,5422,3.273069381713867,0.16196167469024658,0.030078649520874023,0.030078649520874023,0.009189737831076478,
out_vine_1push_3carry_st_ly_11_06_2024_1_label,outdoor_vine,stationary,92,133,2,0.9138880968093872,4.639062881469727,1730893390_683322740.npy,0.0,True,2838,4.663741111755371,0.47697389125823975,-0.02467823028564453,0.02467823028564453,0.005291509475824221,
out_vine_1push_3carry_st_ly_11_06_2024_1_label,outdoor_vine,stationary,93,135,0,0.9519344568252563,2.5195116996765137,1730893390_815568740.npy,0.0,True,10652,2.4702463150024414,0.9566817283630371,0.049265384674072266,0.049265384674072266,0.019943511047813698,
out_vine_1push_3carry_st_ly_11_06_2024_1_label,outdoor_vine,stationary,93,135,1,0.9076787233352661,3.274282455444336,1730893390_815568740.npy,0.0,True,5212,3.205824613571167,0.22264081239700317,0.06845784187316895,0.06845784187316895,0.021354206834449843,
out_vine_1push_3carry_st_ly_11_06_2024_1_label,outdoor_vine,stationary,93,135,2,0.9065778851509094,4.646574974060059,1730893390_815568740.npy,0.0,True,2526,4.770817756652832,0.5409477949142456,-0.12424278259277344,0.12424278259277344,0.026042240330710346,
out_vine_1push_3carry_st_ly_11_06_2024_1_label,outdoor_vine,stationary,94,136,0,0.9507003426551819,2.5032992362976074,1730893390_882133740.npy,0.0,True,11123,2.474195718765259,0.34203052520751953,0.029103517532348633,0.029103517532348633,0.011762819453455635,
out_vine_1push_3carry_st_ly_11_06_2024_1_label,outdoor_vine,stationary,94,136,1,0.9102337956428528,3.2556357383728027,1730893390_882133740.npy,0.0,True,5256,3.1936087608337402,0.2489762306213379,0.0620269775390625,0.0620269775390625,0.01942222175106678,
out_vine_1push_3carry_st_ly_11_06_2024_1_label,outdoor_vine,stationary,94,136,2,0.9051237106323242,4.630096912384033,1730893390_882133740.npy,0.0,True,2470,4.793492317199707,0.4855802059173584,-0.16339540481567383,0.16339540481567383,0.03408692327082464,
out_vine_1push_3carry_st_ly_11_06_2024_1_label,outdoor_vine,stationary,95,138,0,0.9445340633392334,2.5226829051971436,1730893391_019481740.npy,0.0,True,12099,2.482754707336426,0.26246094703674316,0.03992819786071777,0.03992819786071777,0.01608221615398887,
out_vine_1push_3carry_st_ly_11_06_2024_1_label,outdoor_vine,stationary,95,138,1,0.9140119552612305,4.573882102966309,1730893391_019481740.npy,0.0,True,2298,4.800282955169678,0.35863637924194336,-0.22640085220336914,0.22640085220336914,0.04716406393492828,
out_vine_1push_3carry_st_ly_11_06_2024_1_label,outdoor_vine,stationary,95,138,2,0.8987696170806885,3.1996054649353027,1730893391_019481740.npy,0.0,True,6299,3.1366171836853027,0.1219167709350586,0.06298828125,0.06298828125,0.020081596688822968,
out_vine_1push_3carry_st_ly_11_06_2024_1_label,outdoor_vine,stationary,96,140,0,0.9422282576560974,2.527960777282715,1730893391_219449740.npy,0.0,True,13170,2.4679019451141357,0.22411006689071655,0.0600588321685791,0.0600588321685791,0.024335988019086995,
out_vine_1push_3carry_st_ly_11_06_2024_1_label,outdoor_vine,stationary,96,140,1,0.9183604121208191,3.150010585784912,1730893391_219449740.npy,0.0,True,6823,3.057769775390625,0.13358688354492188,0.09224081039428711,0.09224081039428711,0.030166041647953532,
out_vine_1push_3carry_st_ly_11_06_2024_1_label,outdoor_vine,stationary,96,140,2,0.9082466959953308,4.4143171310424805,1730893391_219449740.npy,0.0,True,2474,4.802701950073242,0.39300405979156494,-0.3883848190307617,0.3883848190307617,0.08086798287052537,
out_vine_1push_3carry_st_ly_11_06_2024_1_label,outdoor_vine,stationary,97,141,0,0.9410638213157654,2.535459041595459,1730893391_284927740.npy,0.0,True,13089,2.474708080291748,0.24573397636413574,0.06075096130371094,0.06075096130371094,0.024548738409804236,
out_vine_1push_3carry_st_ly_11_06_2024_1_label,outdoor_vine,stationary,97,141,1,0.9217758178710938,3.1361584663391113,1730893391_284927740.npy,0.0,True,7018,3.0624501705169678,0.238886296749115,0.07370829582214355,0.07370829582214355,0.02406840657580429,
out_vine_1push_3carry_st_ly_11_06_2024_1_label,outdoor_vine,stationary,97,141,2,0.8976379632949829,4.26381778717041,1730893391_284927740.npy,0.0,True,2357,4.809643745422363,0.43910980224609375,-0.5458259582519531,0.5458259582519531,0.11348573556439592,
out_vine_1push_3carry_st_ly_11_06_2024_1_label,outdoor_vine,stationary,98,143,0,0.9371498227119446,2.551440954208374,1730893391_416418740.npy,0.0,True,13346,2.5113093852996826,0.2617093324661255,0.040131568908691406,0.040131568908691406,0.015980336450621108,
out_vine_1push_3carry_st_ly_11_06_2024_1_label,outdoor_vine,stationary,98,143,1,0.921083927154541,3.1369268894195557,1730893391_416418740.npy,0.0,True,7464,3.065480947494507,0.4104006886482239,0.07144594192504883,0.07144594192504883,0.02330660119856343,
out_vine_1push_3carry_st_ly_11_06_2024_1_label,outdoor_vine,stationary,98,143,2,0.8896626830101013,4.38442850112915,1730893391_416418740.npy,0.0,True,2205,4.779059886932373,0.5223045349121094,-0.39463138580322266,0.39463138580322266,0.0825751078956519,
out_vine_1push_3carry_st_ly_11_06_2024_1_label,outdoor_vine,stationary,99,144,0,0.9409574270248413,2.562809705734253,1730893391_483075740.npy,0.0,True,13581,2.494650363922119,0.2545783519744873,0.06815934181213379,0.06815934181213379,0.027322202260429335,
out_vine_1push_3carry_st_ly_11_06_2024_1_label,outdoor_vine,stationary,99,144,1,0.9206349849700928,3.150675058364868,1730893391_483075740.npy,0.0,True,7940,3.0635318756103516,0.3905203342437744,0.0871431827545166,0.0871431827545166,0.02844533247663857,
out_vine_1push_3carry_st_ly_11_06_2024_1_label,outdoor_vine,stationary,99,144,2,0.8866034150123596,4.365301609039307,1730893391_483075740.npy,0.0,True,2164,4.803031921386719,0.5571920871734619,-0.4377303123474121,0.4377303123474121,0.091136248834472,
out_vine_1push_3carry_st_ly_11_06_2024_1_label,outdoor_vine,stationary,100,146,0,0.940258264541626,2.5878233909606934,1730893391_616761740.npy,0.0,True,14168,2.5152547359466553,0.2799455523490906,0.07256865501403809,0.07256865501403809,0.02885141372638177,
out_vine_1push_3carry_st_ly_11_06_2024_1_label,outdoor_vine,stationary,100,146,1,0.9241836667060852,3.1632306575775146,1730893391_616761740.npy,0.0,True,8202,3.051168918609619,0.24585604667663574,0.11206173896789551,0.11206173896789551,0.03672747788049725,
out_vine_1push_3carry_st_ly_11_06_2024_1_label,outdoor_vine,stationary,100,146,2,0.8895487189292908,4.242826461791992,1730893391_616761740.npy,0.0,True,2034,4.854759216308594,0.5805578231811523,-0.6119327545166016,0.6119327545166016,0.12604801335170973,
out_vine_1push_3carry_st_ly_11_06_2024_1_label,outdoor_vine,stationary,101,147,0,0.937490701675415,2.587075710296631,1730893391_684378740.npy,0.0,True,14083,2.5235440731048584,0.26172149181365967,0.06353163719177246,0.06353163719177246,0.02517556077933123,
out_vine_1push_3carry_st_ly_11_06_2024_1_label,outdoor_vine,stationary,101,147,1,0.9226153492927551,3.179640293121338,1730893391_684378740.npy,0.0,True,8040,3.0517520904541016,0.2109503149986267,0.12788820266723633,0.12788820266723633,0.04190648482465904,
out_vine_1push_3carry_st_ly_11_06_2024_1_label,outdoor_vine,stationary,101,147,2,0.8746183514595032,4.303958892822266,1730893391_684378740.npy,0.0,True,1954,4.772683143615723,0.5340193510055542,-0.46872425079345703,0.46872425079345703,0.09820979870001545,
out_vine_1push_3carry_st_ly_11_06_2024_1_label,outdoor_vine,stationary,102,149,0,0.9364539980888367,2.604797840118408,1730893391_817940740.npy,0.0,True,14363,2.5246009826660156,0.26099538803100586,0.08019685745239258,0.08019685745239258,0.03176615156336647,
out_vine_1push_3carry_st_ly_11_06_2024_1_label,outdoor_vine,stationary,102,149,1,0.9245467782020569,3.189000129699707,1730893391_817940740.npy,0.0,True,7471,3.063600778579712,0.19497442245483398,0.12539935111999512,0.12539935111999512,0.040932014378887306,
out_vine_1push_3carry_st_ly_11_06_2024_1_label,outdoor_vine,stationary,102,149,2,0.834227979183197,4.341550350189209,1730893391_817940740.npy,0.0,True,1803,4.822115421295166,0.5803914070129395,-0.48056507110595703,0.48056507110595703,0.09965855835464069,
out_vine_1push_3carry_st_ly_11_06_2024_1_label,outdoor_vine,stationary,103,150,0,0.9365840554237366,2.6025373935699463,1730893391_883745740.npy,0.0,True,14679,2.5264291763305664,0.3097877502441406,0.07610821723937988,0.07610821723937988,0.03012481725291065,
out_vine_1push_3carry_st_ly_11_06_2024_1_label,outdoor_vine,stationary,103,150,1,0.9230515956878662,3.220083236694336,1730893391_883745740.npy,0.0,True,7385,3.0853707790374756,0.1942305564880371,0.13471245765686035,0.13471245765686035,0.043661675469320996,
out_vine_1push_3carry_st_ly_11_06_2024_1_label,outdoor_vine,stationary,103,150,2,0.8142605423927307,4.137579917907715,1730893391_883745740.npy,0.0,True,1718,4.78240966796875,0.5164401531219482,-0.6448297500610352,0.6448297500610352,0.13483364973517964,
out_vine_1push_3carry_st_ly_11_06_2024_1_label,outdoor_vine,stationary,104,152,0,0.9397721290588379,3.1658272743225098,1730893392_018981740.npy,0.0,True,14724,2.538198947906494,0.44503623247146606,0.6276283264160156,0.6276283264160156,0.2472731016351903,
out_vine_1push_3carry_st_ly_11_06_2024_1_label,outdoor_vine,stationary,104,152,1,0.9157416224479675,3.2516884803771973,1730893392_018981740.npy,0.0,True,7377,3.1296510696411133,0.23606228828430176,0.12203741073608398,0.12203741073608398,0.03899393511305348,
out_vine_1push_3carry_st_ly_11_06_2024_1_label,outdoor_vine,stationary,104,152,2,0.7619594931602478,4.3023247718811035,1730893392_018981740.npy,0.0,True,1696,4.759875297546387,0.5370559692382812,-0.4575505256652832,0.4575505256652832,0.09612657833728137,
out_vine_1push_3carry_st_ly_11_06_2024_1_label,outdoor_vine,stationary,105,153,0,0.9401962757110596,2.624756336212158,1730893392_084357740.npy,0.0,True,14947,2.5413947105407715,0.9240326881408691,0.08336162567138672,0.08336162567138672,0.03280152639243063,
out_vine_1push_3carry_st_ly_11_06_2024_1_label,outdoor_vine,stationary,105,153,1,0.9182119369506836,3.2826695442199707,1730893392_084357740.npy,0.0,True,7479,3.15521240234375,0.231278657913208,0.1274571418762207,0.1274571418762207,0.04039574064222846,
out_vine_1push_3carry_st_ly_11_06_2024_1_label,outdoor_vine,stationary,105,153,2,0.7917128205299377,4.032484531402588,1730893392_084357740.npy,0.0,True,1818,4.702452659606934,0.49822521209716797,-0.6699681282043457,0.6699681282043457,0.14247206228341844,
out_vine_1push_3carry_st_ly_11_06_2024_1_label,outdoor_vine,stationary,106,155,0,0.9461081027984619,3.0568723678588867,1730893392_217859740.npy,0.0,True,15092,2.5715861320495605,1.1992585062980652,0.48528623580932617,0.48528623580932617,0.18871086204783344,
out_vine_1push_3carry_st_ly_11_06_2024_1_label,outdoor_vine,stationary,106,155,1,0.9210178256034851,3.328589677810669,1730893392_217859740.npy,0.0,True,7622,3.221376895904541,0.21400588750839233,0.10721278190612793,0.10721278190612793,0.033281663515508424,
out_vine_1push_3carry_st_ly_11_06_2024_1_label,outdoor_vine,stationary,106,155,2,0.8727236390113831,4.252089500427246,1730893392_217859740.npy,0.0,True,1457,4.800106525421143,0.5535783767700195,-0.5480170249938965,0.5480170249938965,0.11416767984035846,
out_vine_1push_3carry_st_ly_11_06_2024_1_label,outdoor_vine,stationary,107,156,0,0.9446180462837219,2.6920313835144043,1730893392_285877740.npy,0.0,True,15327,2.5896496772766113,1.2408472299575806,0.10238170623779297,0.10238170623779297,0.03953496379690323,
out_vine_1push_3carry_st_ly_11_06_2024_1_label,outdoor_vine,stationary,107,156,1,0.9218299984931946,3.448366403579712,1730893392_285877740.npy,0.0,True,7278,3.2501449584960938,0.15520721673965454,0.19822144508361816,0.19822144508361816,0.060988493625631746,
out_vine_1push_3carry_st_ly_11_06_2024_1_label,outdoor_vine,stationary,107,156,2,0.8798911571502686,4.101490020751953,1730893392_285877740.npy,0.0,True,1532,4.661101341247559,0.41272127628326416,-0.5596113204956055,0.5596113204956055,0.12005989132727668,
out_vine_1push_3carry_st_ly_11_06_2024_1_label,outdoor_vine,stationary,108,158,0,0.9415817260742188,2.685612440109253,1730893392_417967740.npy,0.0,True,15737,2.5983786582946777,1.2539596557617188,0.0872337818145752,0.0872337818145752,0.03357239005027348,
out_vine_1push_3carry_st_ly_11_06_2024_1_label,outdoor_vine,stationary,108,158,1,0.9224252104759216,3.396958112716675,1730893392_417967740.npy,0.0,True,6975,3.270397424697876,0.14282715320587158,0.12656068801879883,0.12656068801879883,0.03869887098828384,
out_vine_1push_3carry_st_ly_11_06_2024_1_label,outdoor_vine,stationary,108,158,2,0.8682131171226501,4.1704583168029785,1730893392_417967740.npy,0.0,True,1330,4.773205757141113,0.3709752559661865,-0.6027474403381348,0.6027474403381348,0.12627728009344127,
out_vine_1push_3carry_st_ly_11_06_2024_1_label,outdoor_vine,stationary,109,159,0,0.9416891932487488,3.076996088027954,1730893392_485610740.npy,0.0,True,15880,2.596151828765869,1.1761524677276611,0.48084425926208496,0.48084425926208496,0.18521422897314274,
out_vine_1push_3carry_st_ly_11_06_2024_1_label,outdoor_vine,stationary,109,159,1,0.9241027235984802,3.560415744781494,1730893392_485610740.npy,0.0,True,7057,3.2825818061828613,0.15226078033447266,0.2778339385986328,0.2778339385986328,0.08463884679898077,
out_vine_1push_3carry_st_ly_11_06_2024_1_label,outdoor_vine,stationary,109,159,2,0.7983724474906921,4.120772838592529,1730893392_485610740.npy,0.0,True,1237,4.7212395668029785,0.38614463806152344,-0.6004667282104492,0.6004667282104492,0.12718412605718704,
out_vine_1push_3carry_st_ly_11_06_2024_1_label,outdoor_vine,stationary,110,161,0,0.9390203952789307,2.8974461555480957,1730893392_619142740.npy,0.0,True,15716,2.6079068183898926,1.1428778171539307,0.2895393371582031,0.2895393371582031,0.11102365127330859,
out_vine_1push_3carry_st_ly_11_06_2024_1_label,outdoor_vine,stationary,110,161,1,0.9214349389076233,3.566948413848877,1730893392_619142740.npy,0.0,True,7623,3.36832594871521,0.20821738243103027,0.198622465133667,0.198622465133667,0.058967709229395725,
out_vine_1push_3carry_st_ly_11_06_2024_1_label,outdoor_vine,stationary,110,161,2,0.8007780313491821,4.32880973815918,1730893392_619142740.npy,0.0,True,1181,4.58366584777832,0.4718780517578125,-0.2548561096191406,0.2548561096191406,0.05560093560106876,
out_vine_1push_3carry_st_ly_11_06_2024_1_label,outdoor_vine,stationary,111,162,0,0.9406101703643799,3.268305540084839,1730893392_685248740.npy,0.0,True,15730,2.6082653999328613,1.1389490365982056,0.6600401401519775,0.6600401401519775,0.25305712377619527,
out_vine_1push_3carry_st_ly_11_06_2024_1_label,outdoor_vine,stationary,111,162,1,0.9232579469680786,3.4140191078186035,1730893392_685248740.npy,0.0,True,7973,3.3873109817504883,0.3056952953338623,0.026708126068115234,0.026708126068115234,0.007884757618065837,
out_vine_1push_3carry_st_ly_11_06_2024_1_label,outdoor_vine,stationary,111,162,2,0.8056294918060303,4.343138694763184,1730893392_685248740.npy,0.0,True,1198,4.51749324798584,0.4353203773498535,-0.17435455322265625,0.17435455322265625,0.03859542087869054,
out_vine_1push_3carry_st_ly_11_06_2024_1_label,outdoor_vine,stationary,111,162,3,0.351833701133728,3.445499897003174,1730893392_685248740.npy,0.0,True,811,4.729236125946045,0.4323406219482422,-1.283736228942871,1.283736228942871,0.2714468456966864,
out_vine_1push_3carry_st_ly_11_06_2024_1_label,outdoor_vine,stationary,112,164,0,0.9389167428016663,3.076118230819702,1730893392_819058740.npy,0.0,True,15631,2.608752965927124,1.1257234811782837,0.4673652648925781,0.4673652648925781,0.1791527488408552,
out_vine_1push_3carry_st_ly_11_06_2024_1_label,outdoor_vine,stationary,112,164,1,0.9210196137428284,3.408802032470703,1730893392_819058740.npy,0.0,True,7693,3.3749163150787354,0.3128929138183594,0.03388571739196777,0.03388571739196777,0.010040461519170213,
out_vine_1push_3carry_st_ly_11_06_2024_1_label,outdoor_vine,stationary,112,164,2,0.70329350233078,3.408600091934204,1730893392_819058740.npy,0.0,True,522,4.8268914222717285,0.2829517126083374,-1.4182913303375244,1.4182913303375244,0.29383120651800776,
out_vine_1push_3carry_st_ly_11_06_2024_1_label,outdoor_vine,stationary,112,164,3,0.4108472168445587,4.253894329071045,1730893392_819058740.npy,0.0,True,1004,4.314731597900391,0.7288484573364258,-0.0608372688293457,0.0608372688293457,0.014099896470721372,
out_vine_1push_3carry_st_ly_11_06_2024_1_label,outdoor_vine,stationary,113,165,0,0.937562108039856,2.810777425765991,1730893392_885636740.npy,0.0,True,15527,2.622572898864746,1.1487929821014404,0.18820452690124512,0.18820452690124512,0.07176331570524301,
out_vine_1push_3carry_st_ly_11_06_2024_1_label,outdoor_vine,stationary,113,165,1,0.9184917211532593,3.442124366760254,1730893392_885636740.npy,0.0,True,7392,3.304267406463623,0.2786102890968323,0.13785696029663086,0.13785696029663086,0.04172088494622523,
out_vine_1push_3carry_st_ly_11_06_2024_1_label,outdoor_vine,stationary,113,165,2,0.6713939905166626,3.3774166107177734,1730893392_885636740.npy,0.0,True,391,4.841274261474609,0.24211621284484863,-1.463857650756836,1.463857650756836,0.30237032064177205,
out_vine_1push_3carry_st_ly_11_06_2024_1_label,outdoor_vine,stationary,114,167,0,0.9384327530860901,3.119249105453491,1730893393_019892740.npy,0.0,True,15629,2.627171039581299,1.071871042251587,0.4920780658721924,0.4920780658721924,0.18730339915387334,
out_vine_1push_3carry_st_ly_11_06_2024_1_label,outdoor_vine,stationary,114,167,1,0.9246025085449219,3.3583531379699707,1730893393_019892740.npy,0.0,True,7786,3.337348222732544,0.3027101159095764,0.021004915237426758,0.021004915237426758,0.006293893784996885,
out_vine_1push_3carry_st_ly_11_06_2024_1_label,outdoor_vine,stationary,114,167,3,0.24476420879364014,3.373833417892456,1730893393_019892740.npy,0.0,True,263,4.833866596221924,0.16836309432983398,-1.4600331783294678,1.4600331783294678,0.3020425055732004,
out_vine_1push_3carry_st_ly_11_06_2024_1_label,outdoor_vine,stationary,115,168,0,0.9381291270256042,2.6782619953155518,1730893393_085916740.npy,0.0,True,15655,2.6275863647460938,1.1045242547988892,0.05067563056945801,0.05067563056945801,0.019285999976771398,
out_vine_1push_3carry_st_ly_11_06_2024_1_label,outdoor_vine,stationary,115,168,1,0.9268733859062195,3.317716360092163,1730893393_085916740.npy,0.0,True,7325,3.2802581787109375,0.2993180751800537,0.037458181381225586,0.037458181381225586,0.011419278404465636,
out_vine_1push_3carry_st_ly_11_06_2024_1_label,outdoor_vine,stationary,115,168,2,0.4190950393676758,3.290750026702881,1730893393_085916740.npy,0.0,True,119,4.733173847198486,0.1665201187133789,-1.4424238204956055,1.4424238204956055,0.30474769511146527,
out_vine_1push_3carry_st_ly_11_06_2024_1_label,outdoor_vine,stationary,116,170,0,0.9418445229530334,3.3137991428375244,1730893393_219705740.npy,0.0,True,15847,2.629323720932007,1.1797819137573242,0.6844754219055176,0.6844754219055176,0.2603237541488022,
out_vine_1push_3carry_st_ly_11_06_2024_1_label,outdoor_vine,stationary,116,170,1,0.9267845749855042,3.362367630004883,1730893393_219705740.npy,0.0,True,7151,3.237949848175049,0.36255204677581787,0.12441778182983398,0.12441778182983398,0.03842486377605801,
out_vine_1push_3carry_st_ly_11_06_2024_1_label,outdoor_vine,stationary,117,171,0,0.9419099688529968,3.130643129348755,1730893393_287074740.npy,0.0,True,16126,2.630115509033203,1.2079439759254456,0.5005276203155518,0.5005276203155518,0.1903063263177895,
out_vine_1push_3carry_st_ly_11_06_2024_1_label,outdoor_vine,stationary,117,171,1,0.9256130456924438,3.292056083679199,1730893393_287074740.npy,0.0,True,7148,3.2209863662719727,0.34148675203323364,0.07106971740722656,0.07106971740722656,0.02206458187821637,
out_vine_1push_3carry_st_ly_11_06_2024_1_label,outdoor_vine,stationary,118,173,0,0.9410908222198486,3.2733287811279297,1730893393_419757740.npy,0.0,True,16049,2.631746292114258,1.2090868949890137,0.6415824890136719,0.6415824890136719,0.24378584323880467,
out_vine_1push_3carry_st_ly_11_06_2024_1_label,outdoor_vine,stationary,118,173,1,0.9239335656166077,3.2879292964935303,1730893393_419757740.npy,0.0,True,7400,3.218101978302002,0.23154163360595703,0.06982731819152832,0.06982731819152832,0.021698292553293162,
out_vine_1push_3carry_st_ly_11_06_2024_1_label,outdoor_vine,stationary,118,173,2,0.32642826437950134,3.255500078201294,1730893393_419757740.npy,0.0,True,194,4.554225921630859,0.14350378513336182,-1.2987258434295654,1.2987258434295654,0.28516939338935876,
out_vine_1push_3carry_st_ly_11_06_2024_1_label,outdoor_vine,stationary,118,173,3,0.1127062514424324,4.196733474731445,1730893393_419757740.npy,0.0,True,457,4.745139122009277,0.27888059616088867,-0.548405647277832,0.548405647277832,0.11557209033854747,
out_vine_1push_3carry_st_ly_11_06_2024_1_label,outdoor_vine,stationary,119,174,0,0.9394630193710327,2.7118279933929443,1730893393_487702740.npy,0.0,True,16042,2.633690118789673,1.2045122385025024,0.07813787460327148,0.07813787460327148,0.029668590866407694,
out_vine_1push_3carry_st_ly_11_06_2024_1_label,outdoor_vine,stationary,119,174,1,0.9254518151283264,3.26834774017334,1730893393_487702740.npy,0.0,True,7716,3.221437931060791,0.22572708129882812,0.04690980911254883,0.04690980911254883,0.014561760964024485,
out_vine_1push_3carry_st_ly_11_06_2024_1_label,outdoor_vine,stationary,119,174,2,0.43727907538414,3.2664999961853027,1730893393_487702740.npy,0.0,True,202,4.61588191986084,0.2244189977645874,-1.349381923675537,1.349381923675537,0.29233458461524475,
out_vine_1push_3carry_st_ly_11_06_2024_1_label,outdoor_vine,stationary,119,174,3,0.31180381774902344,4.158400058746338,1730893393_487702740.npy,0.0,True,476,4.638399124145508,0.25295305252075195,-0.4799990653991699,0.4799990653991699,0.10348377803464595,
out_vine_1push_3carry_st_ly_11_06_2024_1_label,outdoor_vine,stationary,120,176,0,0.9384570717811584,3.379556655883789,1730893393_620039740.npy,0.0,True,16071,2.6281497478485107,1.2725286483764648,0.7514069080352783,0.7514069080352783,0.28590718951627647,
out_vine_1push_3carry_st_ly_11_06_2024_1_label,outdoor_vine,stationary,120,176,1,0.9290825128555298,3.2633438110351562,1730893393_620039740.npy,0.0,True,7874,3.2035794258117676,0.29200881719589233,0.05976438522338867,0.05976438522338867,0.018655502885883572,
out_vine_1push_3carry_st_ly_11_06_2024_1_label,outdoor_vine,stationary,120,176,2,0.4033411145210266,3.242833137512207,1730893393_620039740.npy,0.0,True,264,4.611020565032959,0.3257843255996704,-1.368187427520752,1.368187427520752,0.2967211722923583,
out_vine_1push_3carry_st_ly_11_06_2024_1_label,outdoor_vine,stationary,121,177,0,0.9374125003814697,2.78949236869812,1730893393_686694740.npy,0.0,True,16018,2.6285319328308105,1.2958687543869019,0.16096043586730957,0.16096043586730957,0.06123586853059929,
out_vine_1push_3carry_st_ly_11_06_2024_1_label,outdoor_vine,stationary,121,177,1,0.9302914142608643,3.315366744995117,1730893393_686694740.npy,0.0,True,7623,3.190795421600342,0.25871896743774414,0.12457132339477539,0.12457132339477539,0.039040836824410605,
out_vine_1push_3carry_st_ly_11_06_2024_1_label,outdoor_vine,stationary,122,179,0,0.9377613067626953,3.0546276569366455,1730893393_820453740.npy,0.0,True,16262,2.6538336277008057,1.340488076210022,0.40079402923583984,0.40079402923583984,0.15102454993875206,
out_vine_1push_3carry_st_ly_11_06_2024_1_label,outdoor_vine,stationary,122,179,1,0.9338475465774536,3.2312779426574707,1730893393_820453740.npy,0.0,True,7753,3.161893129348755,0.26158952713012695,0.06938481330871582,0.06938481330871582,0.02194407289249741,
out_vine_1push_3carry_st_ly_11_06_2024_1_label,outdoor_vine,stationary,123,180,0,0.9386840462684631,3.6379010677337646,1730893393_887644740.npy,0.0,True,8430,3.178161144256592,0.29095321893692017,0.45973992347717285,0.45973992347717285,0.14465595122764338,
out_vine_1push_3carry_st_ly_11_06_2024_1_label,outdoor_vine,stationary,123,180,1,0.9385784864425659,3.4745683670043945,1730893393_887644740.npy,0.0,True,16389,2.6452953815460205,1.3761918544769287,0.829272985458374,0.829272985458374,0.3134897491008027,
out_vine_1push_3carry_st_ly_11_06_2024_1_label,outdoor_vine,stationary,124,182,0,0.9407662749290466,3.1733319759368896,1730893394_020723740.npy,0.0,True,16230,2.6510274410247803,1.360451340675354,0.5223045349121094,0.5223045349121094,0.19701966370827437,
out_vine_1push_3carry_st_ly_11_06_2024_1_label,outdoor_vine,stationary,124,182,1,0.9379836320877075,3.422452926635742,1730893394_020723740.npy,0.0,True,9105,3.1507210731506348,0.31139659881591797,0.2717318534851074,0.2717318534851074,0.08624433809793991,
out_vine_1push_3carry_st_ly_11_06_2024_1_label,outdoor_vine,stationary,125,183,0,0.9414139986038208,3.3072237968444824,1730893394_087488740.npy,0.0,True,16129,2.6613073348999023,1.3413913249969482,0.6459164619445801,0.6459164619445801,0.2427064523793057,
out_vine_1push_3carry_st_ly_11_06_2024_1_label,outdoor_vine,stationary,125,183,1,0.9370116591453552,3.337975263595581,1730893394_087488740.npy,0.0,True,8802,3.130567789077759,0.3975656032562256,0.20740747451782227,0.20740747451782227,0.06625235052933415,
out_vine_1push_3carry_st_ly_11_06_2024_1_label,outdoor_vine,stationary,126,185,0,0.9427610635757446,3.329988956451416,1730893394_221219740.npy,0.0,True,15731,2.663058042526245,1.3141257762908936,0.6669309139251709,0.6669309139251709,0.2504379939434227,
out_vine_1push_3carry_st_ly_11_06_2024_1_label,outdoor_vine,stationary,126,185,1,0.9327819347381592,3.250300407409668,1730893394_221219740.npy,0.0,True,9740,3.1149301528930664,0.3843867778778076,0.13537025451660156,0.13537025451660156,0.043458520054092765,
out_vine_1push_3carry_st_ly_11_06_2024_1_label,outdoor_vine,stationary,126,185,2,0.1617405265569687,4.033750057220459,1730893394_221219740.npy,0.0,False,0,,,,,,too_few_valid_depth_pixels
out_vine_1push_3carry_st_ly_11_06_2024_1_label,outdoor_vine,stationary,127,186,0,0.9431637525558472,3.239391565322876,1730893394_289807740.npy,0.0,True,15561,2.661231517791748,1.2936453819274902,0.5781600475311279,0.5781600475311279,0.21725281835339036,
out_vine_1push_3carry_st_ly_11_06_2024_1_label,outdoor_vine,stationary,127,186,1,0.8979025483131409,3.29978084564209,1730893394_289807740.npy,0.0,True,10855,3.127987861633301,0.29646384716033936,0.17179298400878906,0.17179298400878906,0.05492124381809019,
out_vine_1push_3carry_st_ly_11_06_2024_1_label,outdoor_vine,stationary,127,186,2,0.4428946077823639,15.990625381469727,1730893394_289807740.npy,0.0,False,0,,,,,,too_few_valid_depth_pixels
out_vine_1push_3carry_st_ly_11_06_2024_1_label,outdoor_vine,stationary,128,188,0,0.9416605830192566,3.507291793823242,1730893394_421594740.npy,0.0,True,15268,2.6746301651000977,1.292680263519287,0.8326616287231445,0.8326616287231445,0.3113184168742755,
out_vine_1push_3carry_st_ly_11_06_2024_1_label,outdoor_vine,stationary,128,188,1,0.9340595006942749,3.3894495964050293,1730893394_421594740.npy,0.0,True,13593,3.131284236907959,0.39412426948547363,0.2581653594970703,0.2581653594970703,0.0824471175290047,
out_vine_1push_3carry_st_ly_11_06_2024_1_label,outdoor_vine,stationary,128,188,3,0.34282147884368896,4.2829999923706055,1730893394_421594740.npy,0.0,True,1383,3.9603641033172607,1.1294257640838623,0.3226358890533447,0.3226358890533447,0.08146621892242181,
out_vine_1push_3carry_st_ly_11_06_2024_1_label,outdoor_vine,stationary,128,188,4,0.2852180600166321,3.8510003089904785,1730893394_421594740.npy,0.0,True,28,3.893977403640747,0.07069957256317139,-0.042977094650268555,0.042977094650268555,0.011036811515671948,
out_vine_1push_3carry_st_ly_11_06_2024_1_label,outdoor_vine,stationary,129,189,0,0.9377408027648926,3.356588125228882,1730893394_488136740.npy,0.0,True,13728,3.143603563308716,0.44724786281585693,0.21298456192016602,0.21298456192016602,0.06775172429693864,
out_vine_1push_3carry_st_ly_11_06_2024_1_label,outdoor_vine,stationary,129,189,1,0.9370477795600891,3.2081503868103027,1730893394_488136740.npy,0.0,True,14471,2.6675119400024414,1.1946618556976318,0.5406384468078613,0.5406384468078613,0.2026751740827696,
out_vine_1push_3carry_st_ly_11_06_2024_1_label,outdoor_vine,stationary,129,189,3,0.19359920918941498,3.9653334617614746,1730893394_488136740.npy,0.0,True,78,3.853816509246826,0.14266443252563477,0.11151695251464844,0.11151695251464844,0.028936757172292785,
out_vine_1push_3carry_st_ly_11_06_2024_1_label,outdoor_vine,stationary,129,189,4,0.16949644684791565,4.09399938583374,1730893394_488136740.npy,0.0,True,1875,4.02792501449585,1.183480978012085,0.06607437133789062,0.06607437133789062,0.016404071848433042,
out_vine_1push_3carry_st_ly_11_06_2024_1_label,outdoor_vine,stationary,130,191,0,0.9349260330200195,3.3738162517547607,1730893394_622054740.npy,0.0,True,13763,3.1391570568084717,0.48887181282043457,0.23465919494628906,0.23465919494628906,0.07475229518616795,
out_vine_1push_3carry_st_ly_11_06_2024_1_label,outdoor_vine,stationary,130,191,1,0.9335573315620422,3.119086980819702,1730893394_622054740.npy,0.0,True,11836,2.678227424621582,0.9693511128425598,0.4408595561981201,0.4408595561981201,0.1646087080377093,
out_vine_1push_3carry_st_ly_11_06_2024_1_label,outdoor_vine,stationary,130,191,2,0.774385392665863,4.1561665534973145,1730893394_622054740.npy,0.0,True,1738,4.344600677490234,0.43460798263549805,-0.18843412399291992,0.18843412399291992,0.04337202380168424,
out_vine_4swap+walk_st_ly_11_06_2024_2_label,outdoor_vine,stationary,0,0,0,0.9326719045639038,2.9218027591705322,1730892897_011952740.npy,0.0,True,11773,2.7863636016845703,0.17238998413085938,0.13543915748596191,0.13543915748596191,0.048607854841370514,
out_vine_4swap+walk_st_ly_11_06_2024_2_label,outdoor_vine,stationary,0,0,1,0.9286012649536133,3.490159034729004,1730892897_011952740.npy,0.0,True,7976,3.384049415588379,0.22042334079742432,0.106109619140625,0.106109619140625,0.0313558125516249,
out_vine_4swap+walk_st_ly_11_06_2024_2_label,outdoor_vine,stationary,0,0,2,0.9003503918647766,4.120999813079834,1730892897_011952740.npy,0.0,True,3592,3.3780436515808105,0.8425079584121704,0.7429561614990234,0.7429561614990234,0.21993681495244888,
out_vine_4swap+walk_st_ly_11_06_2024_2_label,outdoor_vine,stationary,1,1,0,0.938227117061615,3.4643609523773193,1730892897_080923740.npy,0.0,True,7771,3.404711961746216,0.24954676628112793,0.059648990631103516,0.059648990631103516,0.017519540948336382,
out_vine_4swap+walk_st_ly_11_06_2024_2_label,outdoor_vine,stationary,1,1,1,0.9314541220664978,2.971205711364746,1730892897_080923740.npy,0.0,True,11145,2.8127923011779785,0.21614646911621094,0.15841341018676758,0.15841341018676758,0.05631891488057085,
out_vine_4swap+walk_st_ly_11_06_2024_2_label,outdoor_vine,stationary,1,1,2,0.8943926692008972,3.979442596435547,1730892897_080923740.npy,0.0,True,2996,3.0915451049804688,0.6839662194252014,0.8878974914550781,0.8878974914550781,0.28720185580494306,
out_vine_4swap+walk_st_ly_11_06_2024_2_label,outdoor_vine,stationary,2,3,0,0.9301157593727112,3.5173652172088623,1730892897_212319740.npy,0.0,True,7598,3.431567668914795,0.2760769724845886,0.08579754829406738,0.08579754829406738,0.025002435205131814,
out_vine_4swap+walk_st_ly_11_06_2024_2_label,outdoor_vine,stationary,2,3,1,0.9289155602455139,3.0550894737243652,1730892897_212319740.npy,0.0,True,10180,2.86602783203125,0.2260500192642212,0.18906164169311523,0.18906164169311523,0.06596643604787358,
out_vine_4swap+walk_st_ly_11_06_2024_2_label,outdoor_vine,stationary,2,3,2,0.8637193441390991,3.923524856567383,1730892897_212319740.npy,0.0,True,2820,3.347853899002075,0.6488848924636841,0.5756709575653076,0.5756709575653076,0.17195223415720232,
out_vine_4swap+walk_st_ly_11_06_2024_2_label,outdoor_vine,stationary,2,3,3,0.16261625289916992,2.9753682613372803,1730892897_212319740.npy,0.0,True,1995,2.930995464324951,0.5145267248153687,0.0443727970123291,0.0443727970123291,0.015139155809832947,
out_vine_4swap+walk_st_ly_11_06_2024_2_label,outdoor_vine,stationary,3,4,0,0.9304966926574707,3.1553757190704346,1730892897_279027740.npy,0.0,True,9761,2.9409263134002686,0.25319337844848633,0.21444940567016602,0.21444940567016602,0.07291899993992772,
out_vine_4swap+walk_st_ly_11_06_2024_2_label,outdoor_vine,stationary,3,4,1,0.9281938672065735,3.576920747756958,1730892897_279027740.npy,0.0,True,7570,3.423863649368286,0.2582094073295593,0.15305709838867188,0.15305709838867188,0.044703035536158515,
out_vine_4swap+walk_st_ly_11_06_2024_2_label,outdoor_vine,stationary,3,4,2,0.8647359609603882,3.859853506088257,1730892897_279027740.npy,0.0,True,3070,3.500605583190918,0.5345999598503113,0.35924792289733887,0.35924792289733887,0.10262450720594249,
out_vine_4swap+walk_st_ly_11_06_2024_2_label,outdoor_vine,stationary,3,4,3,0.4457879662513733,2.9705936908721924,1730892897_279027740.npy,0.0,True,2038,2.9072556495666504,0.2242150902748108,0.06333804130554199,0.06333804130554199,0.021786195966282854,
out_vine_4swap+walk_st_ly_11_06_2024_2_label,outdoor_vine,stationary,4,6,0,0.9368618130683899,3.2561416625976562,1730892897_412466740.npy,0.0,True,9211,3.1209404468536377,0.23288214206695557,0.13520121574401855,0.13520121574401855,0.043320665051561964,
out_vine_4swap+walk_st_ly_11_06_2024_2_label,outdoor_vine,stationary,4,6,1,0.9202934503555298,3.5955753326416016,1730892897_412466740.npy,0.0,True,6818,3.4349095821380615,0.3083571791648865,0.16066575050354004,0.16066575050354004,0.04677437547090644,
out_vine_4swap+walk_st_ly_11_06_2024_2_label,outdoor_vine,stationary,4,6,2,0.8881669640541077,3.787963390350342,1730892897_412466740.npy,0.0,True,3989,3.5785272121429443,0.14992809295654297,0.20943617820739746,0.20943617820739746,0.058525802876871216,
out_vine_4swap+walk_st_ly_11_06_2024_2_label,outdoor_vine,stationary,4,6,3,0.7100319266319275,2.963658094406128,1730892897_412466740.npy,0.0,True,2317,2.888930320739746,0.34372878074645996,0.07472777366638184,0.07472777366638184,0.025866935290861176,
out_vine_4swap+walk_st_ly_11_06_2024_2_label,outdoor_vine,stationary,5,7,0,0.9341263771057129,3.3585824966430664,1730892897_483168740.npy,0.0,True,8780,3.200979709625244,0.23304784297943115,0.15760278701782227,0.15760278701782227,0.04923579694801429,
out_vine_4swap+walk_st_ly_11_06_2024_2_label,outdoor_vine,stationary,5,7,1,0.9238933324813843,3.634796142578125,1730892897_483168740.npy,0.0,True,6632,3.4205172061920166,0.28075289726257324,0.2142789363861084,0.2142789363861084,0.06264518593802375,
out_vine_4swap+walk_st_ly_11_06_2024_2_label,outdoor_vine,stationary,5,7,2,0.8844259977340698,3.74013352394104,1730892897_483168740.npy,0.0,True,4320,3.565129041671753,0.08975303173065186,0.1750044822692871,0.1750044822692871,0.049087839521013345,
out_vine_4swap+walk_st_ly_11_06_2024_2_label,outdoor_vine,stationary,5,7,3,0.7422892451286316,3.681245803833008,1730892897_483168740.npy,0.0,True,2331,2.9260356426239014,0.37617993354797363,0.7552101612091064,0.7552101612091064,0.25810012366489055,
out_vine_4swap+walk_st_ly_11_06_2024_2_label,outdoor_vine,stationary,6,9,0,0.9307147264480591,3.446984052658081,1730892897_617433740.npy,0.0,True,8350,3.3312931060791016,0.18568909168243408,0.11569094657897949,0.11569094657897949,0.03472854020796344,
out_vine_4swap+walk_st_ly_11_06_2024_2_label,outdoor_vine,stationary,6,9,1,0.9297237396240234,3.5719668865203857,1730892897_617433740.npy,0.0,True,6411,3.404694080352783,0.18846344947814941,0.16727280616760254,0.16727280616760254,0.0491300546304208,
out_vine_4swap+walk_st_ly_11_06_2024_2_label,outdoor_vine,stationary,6,9,2,0.8898725509643555,3.6858270168304443,1730892897_617433740.npy,0.0,True,4473,3.530057668685913,0.1527099609375,0.15576934814453125,0.15576934814453125,0.044126573207660204,
out_vine_4swap+walk_st_ly_11_06_2024_2_label,outdoor_vine,stationary,6,9,3,0.8415780663490295,3.6439404487609863,1730892897_617433740.npy,0.0,True,2632,3.020240545272827,0.31369632482528687,0.6236999034881592,0.6236999034881592,0.20650669843643812,
out_vine_4swap+walk_st_ly_11_06_2024_2_label,outdoor_vine,stationary,7,10,0,0.9287605285644531,3.593069314956665,1730892897_680161740.npy,0.0,True,6449,3.40759015083313,0.16686248779296875,0.18547916412353516,0.18547916412353516,0.05443118330359856,
out_vine_4swap+walk_st_ly_11_06_2024_2_label,outdoor_vine,stationary,7,10,1,0.9278779625892639,3.522639274597168,1730892897_680161740.npy,0.0,True,8210,3.362070083618164,0.158427894115448,0.1605691909790039,0.1605691909790039,0.04775902553649444,
out_vine_4swap+walk_st_ly_11_06_2024_2_label,outdoor_vine,stationary,7,10,2,0.8977102637290955,3.6118054389953613,1730892897_680161740.npy,0.0,True,4687,3.516972303390503,0.1252610683441162,0.0948331356048584,0.0948331356048584,0.02696442491555462,
out_vine_4swap+walk_st_ly_11_06_2024_2_label,outdoor_vine,stationary,7,10,3,0.8620001673698425,3.5397539138793945,1730892897_680161740.npy,0.0,True,2427,3.0794601440429688,0.4934486150741577,0.4602937698364258,0.4602937698364258,0.1494722283471785,
out_vine_4swap+walk_st_ly_11_06_2024_2_label,outdoor_vine,stationary,8,11,0,0.9304133653640747,3.5430426597595215,1730892897_748755740.npy,0.0,True,6478,3.4067344665527344,0.1666322946548462,0.1363081932067871,0.1363081932067871,0.040011393475205895,
out_vine_4swap+walk_st_ly_11_06_2024_2_label,outdoor_vine,stationary,8,11,1,0.9252235889434814,3.613530158996582,1730892897_748755740.npy,0.0,True,7961,3.3847665786743164,0.14153814315795898,0.22876358032226562,0.22876358032226562,0.0675862204985088,
out_vine_4swap+walk_st_ly_11_06_2024_2_label,outdoor_vine,stationary,8,11,2,0.897632360458374,3.562253475189209,1730892897_748755740.npy,0.0,True,4803,3.476419687271118,0.10646200180053711,0.08583378791809082,0.08583378791809082,0.024690283578927632,
out_vine_4swap+walk_st_ly_11_06_2024_2_label,outdoor_vine,stationary,8,11,3,0.8736895322799683,3.7609660625457764,1730892897_748755740.npy,0.0,True,2439,3.0925028324127197,1.4786862134933472,0.6684632301330566,0.6684632301330566,0.2161560607566308,
out_vine_4swap+walk_st_ly_11_06_2024_2_label,outdoor_vine,stationary,9,12,0,0.9352762699127197,3.596632242202759,1730892897_880113740.npy,0.0,True,6831,3.4361674785614014,0.23512721061706543,0.16046476364135742,0.16046476364135742,0.04669876094297307,
out_vine_4swap+walk_st_ly_11_06_2024_2_label,outdoor_vine,stationary,9,12,1,0.9235436320304871,3.745434284210205,1730892897_880113740.npy,0.0,True,7431,3.5370755195617676,0.16085612773895264,0.2083587646484375,0.2083587646484375,0.05890707266387473,
out_vine_4swap+walk_st_ly_11_06_2024_2_label,outdoor_vine,stationary,9,12,2,0.8887377381324768,3.517643690109253,1730892897_880113740.npy,0.0,True,5318,3.405517816543579,0.11415612697601318,0.11212587356567383,0.11212587356567383,0.0329247649273718,
out_vine_4swap+walk_st_ly_11_06_2024_2_label,outdoor_vine,stationary,9,12,3,0.8832650184631348,4.446660995483398,1730892897_880113740.npy,0.0,True,2339,4.244617938995361,1.921979546546936,0.2020430564880371,0.2020430564880371,0.04759982156034937,
out_vine_4swap+walk_st_ly_11_06_2024_2_label,outdoor_vine,stationary,10,14,0,0.9386352896690369,3.5302886962890625,1730892898_013720740.npy,0.0,True,6617,3.44940447807312,0.16188979148864746,0.08088421821594238,0.08088421821594238,0.023448748539088494,
out_vine_4swap+walk_st_ly_11_06_2024_2_label,outdoor_vine,stationary,10,14,1,0.922659695148468,3.829810619354248,1730892898_013720740.npy,0.0,True,6665,3.6602871417999268,0.16896343231201172,0.1695234775543213,0.1695234775543213,0.04631425650146098,
out_vine_4swap+walk_st_ly_11_06_2024_2_label,outdoor_vine,stationary,10,14,2,0.9123672246932983,3.4412856101989746,1730892898_013720740.npy,0.0,True,5586,3.3356237411499023,0.13513046503067017,0.10566186904907227,0.10566186904907227,0.03167679488114179,
out_vine_4swap+walk_st_ly_11_06_2024_2_label,outdoor_vine,stationary,10,14,3,0.8805748820304871,4.906260013580322,1730892898_013720740.npy,0.0,True,2774,4.637019157409668,0.3598134517669678,0.2692408561706543,0.2692408561706543,0.058063347816975086,
out_vine_4swap+walk_st_ly_11_06_2024_2_label,outdoor_vine,stationary,11,15,0,0.9375756978988647,3.488342761993408,1730892898_083750740.npy,0.0,True,6512,3.45450496673584,0.13849645853042603,0.03383779525756836,0.03383779525756836,0.00979526606081035,
out_vine_4swap+walk_st_ly_11_06_2024_2_label,outdoor_vine,stationary,11,15,1,0.9233649373054504,3.9211504459381104,1730892898_083750740.npy,0.0,True,6312,3.7237935066223145,0.16368770599365234,0.1973569393157959,0.1973569393157959,0.052998894531831736,
out_vine_4swap+walk_st_ly_11_06_2024_2_label,outdoor_vine,stationary,11,15,2,0.9068192839622498,3.5183310508728027,1730892898_083750740.npy,0.0,True,6079,3.280698537826538,0.12976360321044922,0.23763251304626465,0.23763251304626465,0.07243351082287985,
out_vine_4swap+walk_st_ly_11_06_2024_2_label,outdoor_vine,stationary,11,15,3,0.8817083239555359,5.054161071777344,1730892898_083750740.npy,0.0,True,3001,4.684576988220215,0.32188892364501953,0.3695840835571289,0.3695840835571289,0.07889380076076899,
out_vine_4swap+walk_st_ly_11_06_2024_2_label,outdoor_vine,stationary,12,17,0,0.935522735118866,3.5628228187561035,1730892898_216018740.npy,0.0,True,6501,3.468233823776245,0.15297818183898926,0.0945889949798584,0.0945889949798584,0.027272957875968416,
out_vine_4swap+walk_st_ly_11_06_2024_2_label,outdoor_vine,stationary,12,17,1,0.9205511808395386,4.003615856170654,1730892898_216018740.npy,0.0,True,5860,3.8231000900268555,0.14979588985443115,0.18051576614379883,0.18051576614379883,0.047217117494439124,
out_vine_4swap+walk_st_ly_11_06_2024_2_label,outdoor_vine,stationary,12,17,2,0.8983644247055054,3.535952568054199,1730892898_216018740.npy,0.0,True,5093,3.2116916179656982,0.13768506050109863,0.324260950088501,0.324260950088501,0.10096266661301981,
out_vine_4swap+walk_st_ly_11_06_2024_2_label,outdoor_vine,stationary,12,17,3,0.8978950381278992,4.959692001342773,1730892898_216018740.npy,0.0,True,3247,4.632034778594971,0.2936563491821289,0.32765722274780273,0.32765722274780273,0.07073721127093752,
out_vine_4swap+walk_st_ly_11_06_2024_2_label,outdoor_vine,stationary,13,18,0,0.9335960745811462,3.5044939517974854,1730892898_280567740.npy,0.0,True,6492,3.45947265625,0.16753751039505005,0.04502129554748535,0.04502129554748535,0.013013918600035286,
out_vine_4swap+walk_st_ly_11_06_2024_2_label,outdoor_vine,stationary,13,18,1,0.9185448288917542,4.0853495597839355,1730892898_280567740.npy,0.0,True,5900,3.873034954071045,0.1727358102798462,0.21231460571289062,0.21231460571289062,0.05481866500836027,
out_vine_4swap+walk_st_ly_11_06_2024_2_label,outdoor_vine,stationary,13,18,2,0.9100158214569092,3.492955446243286,1730892898_280567740.npy,0.0,True,4799,3.1764848232269287,0.16849744319915771,0.3164706230163574,0.3164706230163574,0.09962919410232256,
out_vine_4swap+walk_st_ly_11_06_2024_2_label,outdoor_vine,stationary,13,18,3,0.8932046890258789,4.99648904800415,1730892898_280567740.npy,0.0,True,3607,4.630703449249268,0.2109684944152832,0.3657855987548828,0.3657855987548828,0.07899136767529007,
out_vine_4swap+walk_st_ly_11_06_2024_2_label,outdoor_vine,stationary,14,20,0,0.928931474685669,3.5351576805114746,1730892898_414167740.npy,0.0,True,6871,3.452834367752075,0.17819440364837646,0.08232331275939941,0.08232331275939941,0.023842242051417887,
out_vine_4swap+walk_st_ly_11_06_2024_2_label,outdoor_vine,stationary,14,20,1,0.9208891987800598,4.192356109619141,1730892898_414167740.npy,0.0,True,6123,3.9946746826171875,0.1933518648147583,0.19768142700195312,0.19768142700195312,0.049486239232987644,
out_vine_4swap+walk_st_ly_11_06_2024_2_label,outdoor_vine,stationary,14,20,2,0.9135961532592773,3.616349697113037,1730892898_414167740.npy,0.0,True,6405,3.1331896781921387,0.2416086196899414,0.48316001892089844,0.48316001892089844,0.15420707602984426,
out_vine_4swap+walk_st_ly_11_06_2024_2_label,outdoor_vine,stationary,14,20,3,0.88930344581604,4.810818195343018,1730892898_414167740.npy,0.0,True,3544,4.588229179382324,0.1511225700378418,0.22258901596069336,0.22258901596069336,0.048513055311386756,
out_vine_4swap+walk_st_ly_11_06_2024_2_label,outdoor_vine,stationary,15,21,0,0.930051326751709,3.4061055183410645,1730892898_481037740.npy,0.0,True,7150,3.4500515460968018,0.19915318489074707,-0.043946027755737305,0.043946027755737305,0.0127377887456364,
out_vine_4swap+walk_st_ly_11_06_2024_2_label,outdoor_vine,stationary,15,21,1,0.9078941941261292,4.28828763961792,1730892898_481037740.npy,0.0,True,6357,4.047337055206299,0.1720740795135498,0.2409505844116211,0.2409505844116211,0.059533115509041654,
out_vine_4swap+walk_st_ly_11_06_2024_2_label,outdoor_vine,stationary,15,21,2,0.9038770198822021,3.4729087352752686,1730892898_481037740.npy,0.0,True,6626,3.0853428840637207,0.23731321096420288,0.38756585121154785,0.38756585121154785,0.1256151636219709,
out_vine_4swap+walk_st_ly_11_06_2024_2_label,outdoor_vine,stationary,15,21,3,0.8966214060783386,4.693942546844482,1730892898_481037740.npy,0.0,True,3551,4.557693004608154,0.10782074928283691,0.13624954223632812,0.13624954223632812,0.0298944097591852,
out_vine_4swap+walk_st_ly_11_06_2024_2_label,outdoor_vine,stationary,16,23,0,0.9170783162117004,3.261228084564209,1730892898_748279740.npy,0.0,True,8389,2.9553544521331787,0.23229026794433594,0.3058736324310303,0.3058736324310303,0.1034981209141429,
out_vine_4swap+walk_st_ly_11_06_2024_2_label,outdoor_vine,stationary,16,23,1,0.909417986869812,4.3415656089782715,1730892898_748279740.npy,0.0,True,4388,4.0075531005859375,0.30842041969299316,0.334012508392334,0.334012508392334,0.0833457473947129,
out_vine_4swap+walk_st_ly_11_06_2024_2_label,outdoor_vine,stationary,16,23,2,0.8966042399406433,4.4790143966674805,1730892898_748279740.npy,0.0,True,4156,4.328277587890625,0.08586299419403076,0.15073680877685547,0.15073680877685547,0.03482604932700647,
out_vine_4swap+walk_st_ly_11_06_2024_2_label,outdoor_vine,stationary,16,23,3,0.8907093405723572,3.3781611919403076,1730892898_748279740.npy,0.0,True,5479,3.412755250930786,0.15293097496032715,-0.034594058990478516,0.034594058990478516,0.01013669497132659,
out_vine_4swap+walk_st_ly_11_06_2024_2_label,outdoor_vine,stationary,17,24,0,0.9194557666778564,3.235290765762329,,0.0666348934173584,False,0,,,,,,no_matching_depth_map
out_vine_4swap+walk_st_ly_11_06_2024_2_label,outdoor_vine,stationary,17,24,1,0.9061467051506042,4.394594669342041,,0.0666348934173584,False,0,,,,,,no_matching_depth_map
out_vine_4swap+walk_st_ly_11_06_2024_2_label,outdoor_vine,stationary,17,24,2,0.9024814367294312,4.408787250518799,,0.0666348934173584,False,0,,,,,,no_matching_depth_map
out_vine_4swap+walk_st_ly_11_06_2024_2_label,outdoor_vine,stationary,17,24,3,0.8777714371681213,3.355750322341919,,0.0666348934173584,False,0,,,,,,no_matching_depth_map
out_vine_4swap+walk_st_ly_11_06_2024_2_label,outdoor_vine,stationary,18,25,0,0.9244223833084106,2.9380252361297607,1730892898_881572740.npy,0.0,True,9686,2.870805263519287,0.23031973838806152,0.06721997261047363,0.06721997261047363,0.023415023465600534,
out_vine_4swap+walk_st_ly_11_06_2024_2_label,outdoor_vine,stationary,18,25,1,0.9063439965248108,4.330526828765869,1730892898_881572740.npy,0.0,True,4139,4.247152805328369,0.09523773193359375,0.0833740234375,0.0833740234375,0.019630568349907517,
out_vine_4swap+walk_st_ly_11_06_2024_2_label,outdoor_vine,stationary,18,25,2,0.8935397863388062,3.3486742973327637,1730892898_881572740.npy,0.0,True,5313,3.3973991870880127,0.1482095718383789,-0.04872488975524902,0.04872488975524902,0.014341820631626225,
out_vine_4swap+walk_st_ly_11_06_2024_2_label,outdoor_vine,stationary,18,25,3,0.8900358080863953,4.440499782562256,1730892898_881572740.npy,0.0,True,4949,4.0785231590271,0.3321237564086914,0.36197662353515625,0.36197662353515625,0.08875188626402283,
out_vine_4swap+walk_st_ly_11_06_2024_2_label,outdoor_vine,stationary,19,27,0,0.9243118762969971,2.8456170558929443,1730892899_015110740.npy,0.0,True,10219,2.7890055179595947,0.1732790470123291,0.05661153793334961,0.05661153793334961,0.020298108974257597,
out_vine_4swap+walk_st_ly_11_06_2024_2_label,outdoor_vine,stationary,19,27,1,0.9206429719924927,4.248911380767822,1730892899_015110740.npy,0.0,True,5019,4.15426778793335,0.13083887100219727,0.09464359283447266,0.09464359283447266,0.022782256143760924,
out_vine_4swap+walk_st_ly_11_06_2024_2_label,outdoor_vine,stationary,19,27,2,0.8779361844062805,3.3448050022125244,1730892899_015110740.npy,0.0,True,5349,3.385441780090332,0.13369202613830566,-0.04063677787780762,0.04063677787780762,0.01200338996133123,
out_vine_4swap+walk_st_ly_11_06_2024_2_label,outdoor_vine,stationary,19,27,3,0.8269029855728149,8.46419620513916,1730892899_015110740.npy,0.0,True,3635,3.8816370964050293,0.34493422508239746,4.582559108734131,4.582559108734131,1.1805738132960084,
out_vine_4swap+walk_st_ly_11_06_2024_2_label,outdoor_vine,stationary,20,28,0,0.9222754240036011,2.7690541744232178,1730892899_081953740.npy,0.0,True,10548,2.738039255142212,0.14993369579315186,0.03101491928100586,0.03101491928100586,0.011327419511154877,
out_vine_4swap+walk_st_ly_11_06_2024_2_label,outdoor_vine,stationary,20,28,1,0.9025143384933472,4.165536880493164,1730892899_081953740.npy,0.0,True,5371,4.07902193069458,0.15418791770935059,0.08651494979858398,0.08651494979858398,0.02120972901556627,
out_vine_4swap+walk_st_ly_11_06_2024_2_label,outdoor_vine,stationary,20,28,2,0.8578067421913147,3.3253002166748047,1730892899_081953740.npy,0.0,True,5424,3.3813018798828125,0.14569956064224243,-0.05600166320800781,0.05600166320800781,0.016562160137546987,
out_vine_4swap+walk_st_ly_11_06_2024_2_label,outdoor_vine,stationary,20,28,3,0.2891659140586853,3.9701669216156006,1730892899_081953740.npy,0.0,True,1517,2.8542721271514893,1.0563161373138428,1.1158947944641113,1.1158947944641113,0.3909559932457294,
out_vine_4swap+walk_st_ly_11_06_2024_2_label,outdoor_vine,stationary,21,30,0,0.9254377484321594,2.7006566524505615,1730892899_215494740.npy,0.0,True,11419,2.647447109222412,0.21954548358917236,0.053209543228149414,0.053209543228149414,0.020098434844191358,
out_vine_4swap+walk_st_ly_11_06_2024_2_label,outdoor_vine,stationary,21,30,1,0.8850106596946716,4.058619499206543,1730892899_215494740.npy,0.0,True,5257,3.9274682998657227,0.08295893669128418,0.1311511993408203,0.1311511993408203,0.033393318373901144,
out_vine_4swap+walk_st_ly_11_06_2024_2_label,outdoor_vine,stationary,21,30,2,0.8563300371170044,3.3153793811798096,1730892899_215494740.npy,0.0,True,5588,3.375039577484131,0.17492181062698364,-0.05966019630432129,0.05966019630432129,0.017676887910391268,
out_vine_4swap+walk_st_ly_11_06_2024_2_label,outdoor_vine,stationary,22,31,0,0.9286918640136719,2.6636252403259277,1730892899_282195740.npy,0.0,True,11285,2.622793436050415,0.24627971649169922,0.040831804275512695,0.040831804275512695,0.015568059502619493,
out_vine_4swap+walk_st_ly_11_06_2024_2_label,outdoor_vine,stationary,22,31,1,0.8863363265991211,3.957524061203003,1730892899_282195740.npy,0.0,True,5338,3.87526273727417,0.0828203558921814,0.08226132392883301,0.08226132392883301,0.021227289478363214,
out_vine_4swap+walk_st_ly_11_06_2024_2_label,outdoor_vine,stationary,22,31,2,0.8707242608070374,3.3307433128356934,1730892899_282195740.npy,0.0,True,5238,3.3761253356933594,0.1619473099708557,-0.045382022857666016,0.045382022857666016,0.013442043273060492,
out_vine_4swap+walk_st_ly_11_06_2024_2_label,outdoor_vine,stationary,23,33,0,0.92747962474823,2.6378462314605713,1730892899_415934740.npy,0.0,True,10685,2.5597760677337646,0.18322110176086426,0.07807016372680664,0.07807016372680664,0.030498825546065894,
out_vine_4swap+walk_st_ly_11_06_2024_2_label,outdoor_vine,stationary,23,33,1,0.9181854128837585,3.887545585632324,1730892899_415934740.npy,0.0,True,5280,3.7415685653686523,0.09502726793289185,0.14597702026367188,0.14597702026367188,0.039014925882906795,
out_vine_4swap+walk_st_ly_11_06_2024_2_label,outdoor_vine,stationary,23,33,2,0.8868622183799744,3.33490252494812,1730892899_415934740.npy,0.0,True,5227,3.340641498565674,0.13084328174591064,-0.005738973617553711,0.005738973617553711,0.0017179256199798083,
out_vine_4swap+walk_st_ly_11_06_2024_2_label,outdoor_vine,stationary,24,34,0,0.9221466779708862,3.771029233932495,1730892899_483236740.npy,0.0,True,4816,3.681339979171753,0.08041393756866455,0.08968925476074219,0.08968925476074219,0.024363208850088587,
out_vine_4swap+walk_st_ly_11_06_2024_2_label,outdoor_vine,stationary,24,34,1,0.9173323512077332,2.612278461456299,1730892899_483236740.npy,0.0,True,10811,2.5361759662628174,0.14639627933502197,0.07610249519348145,0.07610249519348145,0.03000678825358569,
out_vine_4swap+walk_st_ly_11_06_2024_2_label,outdoor_vine,stationary,24,34,2,0.8864182233810425,3.338021993637085,1730892899_483236740.npy,0.0,True,5173,3.335928201675415,0.13225698471069336,0.002093791961669922,0.002093791961669922,0.0006276489885538751,
out_vine_4swap+walk_st_ly_11_06_2024_2_label,outdoor_vine,stationary,25,36,0,0.9169191122055054,2.603703498840332,1730892899_616071740.npy,0.0,True,11347,2.5048980712890625,0.1989753246307373,0.09880542755126953,0.09880542755126953,0.03944488946826591,
out_vine_4swap+walk_st_ly_11_06_2024_2_label,outdoor_vine,stationary,25,36,1,0.8945668339729309,3.5793356895446777,1730892899_616071740.npy,0.0,True,5015,3.572784185409546,0.09706568717956543,0.006551504135131836,0.006551504135131836,0.001833725127279369,
out_vine_4swap+walk_st_ly_11_06_2024_2_label,outdoor_vine,stationary,25,36,2,0.8931429982185364,3.3227713108062744,1730892899_616071740.npy,0.0,True,5309,3.344386339187622,0.12601137161254883,-0.021615028381347656,0.021615028381347656,0.006463077584092189,
out_vine_4swap+walk_st_ly_11_06_2024_2_label,outdoor_vine,stationary,26,37,0,0.9125140309333801,2.599364757537842,1730892899_683670740.npy,0.0,True,12963,2.5214359760284424,0.21596992015838623,0.07792878150939941,0.07792878150939941,0.030906508136742932,
out_vine_4swap+walk_st_ly_11_06_2024_2_label,outdoor_vine,stationary,26,37,1,0.8959359526634216,3.3256518840789795,1730892899_683670740.npy,0.0,True,5243,3.338376760482788,0.13341307640075684,-0.012724876403808594,0.012724876403808594,0.0038116957182413266,
out_vine_4swap+walk_st_ly_11_06_2024_2_label,outdoor_vine,stationary,26,37,2,0.89378821849823,3.6239631175994873,1730892899_683670740.npy,0.0,True,5471,3.5396859645843506,0.09335887432098389,0.08427715301513672,0.08427715301513672,0.02380921750074883,
out_vine_4swap+walk_st_ly_11_06_2024_2_label,outdoor_vine,stationary,27,39,0,0.9093495011329651,3.511159658432007,1730892899_820171740.npy,0.0,True,5768,3.4017996788024902,0.10193312168121338,0.1093599796295166,0.1093599796295166,0.03214768356613337,
out_vine_4swap+walk_st_ly_11_06_2024_2_label,outdoor_vine,stationary,27,39,1,0.8966590166091919,2.5895211696624756,1730892899_820171740.npy,0.0,True,13030,2.50590443611145,0.3307762145996094,0.08361673355102539,0.08361673355102539,0.033367885999985726,
out_vine_4swap+walk_st_ly_11_06_2024_2_label,outdoor_vine,stationary,27,39,2,0.8881655335426331,3.318744421005249,1730892899_820171740.npy,0.0,True,5040,3.329590320587158,0.10357654094696045,-0.01084589958190918,0.01084589958190918,0.003257427652539714,
out_vine_4swap+walk_st_ly_11_06_2024_2_label,outdoor_vine,stationary,28,40,0,0.9183110594749451,2.595670223236084,1730892899_884450740.npy,0.0,True,12307,2.496570348739624,0.575782299041748,0.09909987449645996,0.09909987449645996,0.03969440498501868,
out_vine_4swap+walk_st_ly_11_06_2024_2_label,outdoor_vine,stationary,28,40,1,0.9110147953033447,3.527212381362915,1730892899_884450740.npy,0.0,True,5987,3.3023009300231934,0.08767855167388916,0.22491145133972168,0.22491145133972168,0.0681074971983677,
out_vine_4swap+walk_st_ly_11_06_2024_2_label,outdoor_vine,stationary,28,40,2,0.8830448389053345,3.306725025177002,1730892899_884450740.npy,0.0,True,5248,3.329643726348877,0.1143309473991394,-0.022918701171875,0.022918701171875,0.0068832292748048805,
out_vine_4swap+walk_st_ly_11_06_2024_2_label,outdoor_vine,stationary,28,40,3,0.1388552486896515,2.677500009536743,1730892899_884450740.npy,0.0,True,296,3.515446186065674,0.25738251209259033,-0.8379461765289307,0.8379461765289307,0.23836125833765687,
out_vine_4swap+walk_st_ly_11_06_2024_2_label,outdoor_vine,stationary,29,41,0,0.9165589809417725,2.592379093170166,1730892900_087787740.npy,0.0,True,13349,2.533555507659912,0.2743813991546631,0.058823585510253906,0.058823585510253906,0.02321780017544814,
out_vine_4swap+walk_st_ly_11_06_2024_2_label,outdoor_vine,stationary,29,41,1,0.8753012418746948,3.3123128414154053,1730892900_087787740.npy,0.0,True,5141,3.3498342037200928,0.13203907012939453,-0.0375213623046875,0.0375213623046875,0.011200961009657995,
out_vine_4swap+walk_st_ly_11_06_2024_2_label,outdoor_vine,stationary,29,41,2,0.8466442823410034,3.3333184719085693,1730892900_087787740.npy,0.0,True,6126,3.1786060333251953,0.1051144003868103,0.15471243858337402,0.15471243858337402,0.04867304628548969,
out_vine_4swap+walk_st_ly_11_06_2024_2_label,outdoor_vine,stationary,30,41,0,0.9165589809417725,2.5911757946014404,1730892900_087787740.npy,0.0,True,13349,2.533555507659912,0.2743813991546631,0.05762028694152832,0.05762028694152832,0.022742855551149382,
out_vine_4swap+walk_st_ly_11_06_2024_2_label,outdoor_vine,stationary,30,41,1,0.8753012418746948,3.3132448196411133,1730892900_087787740.npy,0.0,True,5141,3.3498342037200928,0.13203907012939453,-0.03658938407897949,0.03658938407897949,0.010922744784904837,
out_vine_4swap+walk_st_ly_11_06_2024_2_label,outdoor_vine,stationary,30,41,2,0.8466442823410034,3.310265302658081,1730892900_087787740.npy,0.0,True,6126,3.1786060333251953,0.1051144003868103,0.13165926933288574,0.13165926933288574,0.04142044278294994,
out_vine_4swap+walk_st_ly_11_06_2024_2_label,outdoor_vine,stationary,31,43,0,0.9175952672958374,2.5801777839660645,1730892900_217543740.npy,0.0,True,12354,2.496904134750366,0.16885650157928467,0.08327364921569824,0.08327364921569824,0.03335075946919513,
out_vine_4swap+walk_st_ly_11_06_2024_2_label,outdoor_vine,stationary,31,43,1,0.8659629225730896,3.29874849319458,1730892900_217543740.npy,0.0,True,5097,3.355027675628662,0.1310591697692871,-0.05627918243408203,0.05627918243408203,0.016774580681673958,
out_vine_4swap+walk_st_ly_11_06_2024_2_label,outdoor_vine,stationary,31,43,2,0.8543900847434998,3.214111328125,1730892900_217543740.npy,0.0,True,6793,3.1868441104888916,0.3661317825317383,0.0272672176361084,0.0272672176361084,0.00855618181835865,
out_vine_4swap+walk_st_ly_11_06_2024_2_label,outdoor_vine,stationary,31,43,3,0.817653477191925,4.355071544647217,1730892900_217543740.npy,0.0,True,1656,4.396407604217529,0.36157524585723877,-0.0413360595703125,0.0413360595703125,0.009402235482137348,
out_vine_4swap+walk_st_ly_11_06_2024_2_label,outdoor_vine,stationary,32,44,0,0.9122464656829834,2.5915257930755615,1730892900_285258740.npy,0.0,True,11843,2.5027201175689697,0.18945753574371338,0.0888056755065918,0.0888056755065918,0.035483662309333114,
out_vine_4swap+walk_st_ly_11_06_2024_2_label,outdoor_vine,stationary,32,44,1,0.8743345737457275,3.319162607192993,1730892900_285258740.npy,0.0,True,4942,3.3638062477111816,0.10969316959381104,-0.04464364051818848,0.04464364051818848,0.013271763362876542,
out_vine_4swap+walk_st_ly_11_06_2024_2_label,outdoor_vine,stationary,32,44,2,0.837493896484375,4.074173450469971,1730892900_285258740.npy,0.0,True,2154,4.411923885345459,0.2491283416748047,-0.3377504348754883,0.3377504348754883,0.07655400311808462,
out_vine_4swap+walk_st_ly_11_06_2024_2_label,outdoor_vine,stationary,32,44,3,0.7489066123962402,3.1670546531677246,1730892900_285258740.npy,0.0,True,6685,3.175732135772705,0.5015852451324463,-0.008677482604980469,0.008677482604980469,0.002732435304361431,
out_vine_4swap+walk_st_ly_11_06_2024_2_label,outdoor_vine,stationary,33,46,0,0.9053826928138733,2.784080982208252,1730892900_418849740.npy,0.0,True,15366,2.710354804992676,0.5860617756843567,0.07372617721557617,0.07372617721557617,0.0272016700838455,
out_vine_4swap+walk_st_ly_11_06_2024_2_label,outdoor_vine,stationary,33,46,1,0.8867905735969543,3.306992769241333,1730892900_418849740.npy,0.0,True,5261,3.3542113304138184,0.1366877555847168,-0.04721856117248535,0.04721856117248535,0.014077396001956701,
out_vine_4swap+walk_st_ly_11_06_2024_2_label,outdoor_vine,stationary,33,46,2,0.8477929830551147,4.273489475250244,1730892900_418849740.npy,0.0,True,3797,4.194207668304443,0.39466333389282227,0.07928180694580078,0.07928180694580078,0.01890268990372891,
out_vine_4swap+walk_st_ly_11_06_2024_2_label,outdoor_vine,stationary,33,46,3,0.7531017661094666,4.309499740600586,1730892900_418849740.npy,0.0,True,2451,4.372499465942383,0.2692129611968994,-0.06299972534179688,0.06299972534179688,0.014408172221061406,
out_vine_4swap+walk_st_ly_11_06_2024_2_label,outdoor_vine,stationary,33,46,4,0.2063646763563156,3.225750207901001,1730892900_418849740.npy,0.0,True,4324,3.9706668853759766,0.6773871779441833,-0.7449166774749756,0.7449166774749756,0.18760492858731476,
out_vine_4swap+walk_st_ly_11_06_2024_2_label,outdoor_vine,stationary,34,47,0,0.925635814666748,2.6433284282684326,1730892900_485220740.npy,0.0,True,13218,2.6422178745269775,0.5974770784378052,0.0011105537414550781,0.0011105537414550781,0.0004203111908982505,
out_vine_4swap+walk_st_ly_11_06_2024_2_label,outdoor_vine,stationary,34,47,1,0.8879874348640442,3.315014123916626,1730892900_485220740.npy,0.0,True,5457,3.3540914058685303,0.16083407402038574,-0.0390772819519043,0.0390772819519043,0.011650631191365928,
out_vine_4swap+walk_st_ly_11_06_2024_2_label,outdoor_vine,stationary,34,47,2,0.8651392459869385,4.256794452667236,1730892900_485220740.npy,0.0,True,3930,4.281325340270996,0.281194806098938,-0.024530887603759766,0.024530887603759766,0.005729741529572016,
out_vine_4swap+walk_st_ly_11_06_2024_2_label,outdoor_vine,stationary,35,49,0,0.9167638421058655,2.576300621032715,1730892900_618855740.npy,0.0,True,10519,2.5464744567871094,0.20648086071014404,0.02982616424560547,0.02982616424560547,0.011712728618231335,
out_vine_4swap+walk_st_ly_11_06_2024_2_label,outdoor_vine,stationary,35,49,1,0.8941327929496765,3.302978515625,1730892900_618855740.npy,0.0,True,5256,3.344517230987549,0.13573086261749268,-0.04153871536254883,0.04153871536254883,0.012419943595352183,
out_vine_4swap+walk_st_ly_11_06_2024_2_label,outdoor_vine,stationary,35,49,2,0.8698233962059021,4.203991413116455,1730892900_618855740.npy,0.0,True,3972,4.313371658325195,0.3610954284667969,-0.10938024520874023,0.10938024520874023,0.025358409586066277,
out_vine_4swap+walk_st_ly_11_06_2024_2_label,outdoor_vine,stationary,36,50,0,0.8938459753990173,3.3069281578063965,1730892900_686113740.npy,0.0,True,5352,3.3478269577026367,0.1423928141593933,-0.040898799896240234,0.040898799896240234,0.012216521466899838,
out_vine_4swap+walk_st_ly_11_06_2024_2_label,outdoor_vine,stationary,36,50,1,0.874230682849884,2.8831121921539307,1730892900_686113740.npy,0.0,True,10508,2.5165843963623047,0.1851661205291748,0.366527795791626,0.366527795791626,0.1456449449187708,
out_vine_4swap+walk_st_ly_11_06_2024_2_label,outdoor_vine,stationary,36,50,2,0.86966872215271,4.0704874992370605,1730892900_686113740.npy,0.0,True,3981,4.320068836212158,0.4249911308288574,-0.24958133697509766,0.24958133697509766,0.05777253706770351,
out_vine_4swap+walk_st_ly_11_06_2024_2_label,outdoor_vine,stationary,36,50,3,0.18695858120918274,3.188941478729248,1730892900_686113740.npy,0.0,True,3848,2.5597643852233887,0.29076987504959106,0.6291770935058594,0.6291770935058594,0.24579492438361727,
out_vine_4swap+walk_st_ly_11_06_2024_2_label,outdoor_vine,stationary,37,52,0,0.9005655646324158,3.2868714332580566,1730892900_818429740.npy,0.0,True,5350,3.3426051139831543,0.14397215843200684,-0.055733680725097656,0.055733680725097656,0.016673725679394905,
out_vine_4swap+walk_st_ly_11_06_2024_2_label,outdoor_vine,stationary,37,52,1,0.8947269320487976,3.144082546234131,1730892900_818429740.npy,0.0,True,8729,3.0348401069641113,0.20572900772094727,0.10924243927001953,0.10924243927001953,0.03599611031215075,
out_vine_4swap+walk_st_ly_11_06_2024_2_label,outdoor_vine,stationary,37,52,2,0.8740673661231995,2.794978618621826,1730892900_818429740.npy,0.0,True,9980,2.4807305335998535,0.18109995126724243,0.31424808502197266,0.31424808502197266,0.12667562267069732,
out_vine_4swap+walk_st_ly_11_06_2024_2_label,outdoor_vine,stationary,37,52,3,0.8652927279472351,3.8070151805877686,1730892900_818429740.npy,0.0,True,3831,4.334632396697998,0.44393110275268555,-0.5276172161102295,0.5276172161102295,0.12172132901331,
out_vine_4swap+walk_st_ly_11_06_2024_2_label,outdoor_vine,stationary,38,53,0,0.920037567615509,3.1798858642578125,1730892900_886492740.npy,0.0,True,9798,3.0502519607543945,0.18175166845321655,0.12963390350341797,0.12963390350341797,0.04249940830178391,
out_vine_4swap+walk_st_ly_11_06_2024_2_label,outdoor_vine,stationary,38,53,1,0.8953261375427246,3.2923381328582764,1730892900_886492740.npy,0.0,True,5335,3.3365440368652344,0.1457158327102661,-0.04420590400695801,0.04420590400695801,0.013249009609503176,
out_vine_4swap+walk_st_ly_11_06_2024_2_label,outdoor_vine,stationary,38,53,2,0.8886697888374329,2.701906442642212,1730892900_886492740.npy,0.0,True,10218,2.4718780517578125,0.17696356773376465,0.23002839088439941,0.23002839088439941,0.09305814691012797,
out_vine_4swap+walk_st_ly_11_06_2024_2_label,outdoor_vine,stationary,38,53,3,0.8595663905143738,3.766937017440796,1730892900_886492740.npy,0.0,True,3748,4.3541154861450195,0.4138146638870239,-0.5871784687042236,0.5871784687042236,0.13485597030502533,
out_vine_4swap+walk_st_ly_11_06_2024_2_label,outdoor_vine,stationary,39,54,0,0.926133394241333,3.1970388889312744,1730892900_953275740.npy,0.0,True,10724,3.0487868785858154,0.20551341772079468,0.14825201034545898,0.14825201034545898,0.04862655746348066,
out_vine_4swap+walk_st_ly_11_06_2024_2_label,outdoor_vine,stationary,39,54,1,0.9002604484558105,2.55495548248291,1730892900_953275740.npy,0.0,True,9461,2.44868803024292,0.15877580642700195,0.10626745223999023,0.10626745223999023,0.043397709682702235,
out_vine_4swap+walk_st_ly_11_06_2024_2_label,outdoor_vine,stationary,39,54,2,0.8868424296379089,3.287736177444458,1730892900_953275740.npy,0.0,True,5442,3.3457300662994385,0.15399456024169922,-0.05799388885498047,0.05799388885498047,0.017333702272976523,
out_vine_4swap+walk_st_ly_11_06_2024_2_label,outdoor_vine,stationary,39,54,3,0.8664003610610962,3.755532741546631,1730892900_953275740.npy,0.0,True,3541,4.365880489349365,0.39406728744506836,-0.6103477478027344,0.6103477478027344,0.13979946297011275,
out_vine_4swap+walk_st_ly_11_06_2024_2_label,outdoor_vine,stationary,40,55,0,0.9152447581291199,3.1873435974121094,1730892901_151940740.npy,0.0,True,8230,3.037353515625,0.11206895112991333,0.14999008178710938,0.14999008178710938,0.049381832248211556,
out_vine_4swap+walk_st_ly_11_06_2024_2_label,outdoor_vine,stationary,40,55,1,0.9145168662071228,2.5869314670562744,1730892901_151940740.npy,0.0,True,9857,2.4715819358825684,0.1502821445465088,0.11534953117370605,0.11534953117370605,0.04667032458000075,
out_vine_4swap+walk_st_ly_11_06_2024_2_label,outdoor_vine,stationary,40,55,2,0.8833106756210327,3.2834668159484863,1730892901_151940740.npy,0.0,True,5803,3.340473175048828,0.217582106590271,-0.0570063591003418,0.0570063591003418,0.01706535455100864,
out_vine_4swap+walk_st_ly_11_06_2024_2_label,outdoor_vine,stationary,40,55,3,0.8748804926872253,3.830289840698242,1730892901_151940740.npy,0.0,True,2976,4.461092948913574,0.3240389823913574,-0.630803108215332,0.630803108215332,0.14140102334540097,
out_vine_4swap+walk_st_ly_11_06_2024_2_label,outdoor_vine,stationary,41,56,0,0.9300653338432312,3.1406548023223877,1730892901_218904740.npy,0.0,True,7853,3.0200963020324707,0.1362760066986084,0.12055850028991699,0.12055850028991699,0.039918760275552564,
out_vine_4swap+walk_st_ly_11_06_2024_2_label,outdoor_vine,stationary,41,56,1,0.914761483669281,2.5922293663024902,1730892901_218904740.npy,0.0,True,10595,2.4881904125213623,0.13489770889282227,0.10403895378112793,0.10403895378112793,0.04181309969589585,
out_vine_4swap+walk_st_ly_11_06_2024_2_label,outdoor_vine,stationary,41,56,2,0.8919698596000671,3.2770228385925293,1730892901_218904740.npy,0.0,True,5416,3.3374435901641846,0.1681607961654663,-0.06042075157165527,0.06042075157165527,0.01810390196548098,
out_vine_4swap+walk_st_ly_11_06_2024_2_label,outdoor_vine,stationary,41,56,3,0.8781277537345886,3.8954780101776123,1730892901_218904740.npy,0.0,True,2834,4.474205493927002,0.3133300542831421,-0.5787274837493896,0.5787274837493896,0.12934754215802494,
out_vine_4swap+walk_st_ly_11_06_2024_2_label,outdoor_vine,stationary,42,57,0,0.9318029284477234,3.1946401596069336,,0.0666511058807373,False,0,,,,,,no_matching_depth_map
out_vine_4swap+walk_st_ly_11_06_2024_2_label,outdoor_vine,stationary,42,57,1,0.915093183517456,2.5951998233795166,,0.0666511058807373,False,0,,,,,,no_matching_depth_map
out_vine_4swap+walk_st_ly_11_06_2024_2_label,outdoor_vine,stationary,42,57,2,0.8892268538475037,3.251335620880127,,0.0666511058807373,False,0,,,,,,no_matching_depth_map
out_vine_4swap+walk_st_ly_11_06_2024_2_label,outdoor_vine,stationary,42,57,3,0.8733381628990173,3.9056642055511475,,0.0666511058807373,False,0,,,,,,no_matching_depth_map
out_vine_4swap+walk_st_ly_11_06_2024_2_label,outdoor_vine,stationary,43,58,0,0.9248188138008118,3.208408832550049,1730892901_485846740.npy,0.0,True,3393,3.2244317531585693,0.7493896484375,-0.016022920608520508,0.016022920608520508,0.004969223055449963,
out_vine_4swap+walk_st_ly_11_06_2024_2_label,outdoor_vine,stationary,43,58,1,0.9205670356750488,2.6107370853424072,1730892901_485846740.npy,0.0,True,11606,2.5176339149475098,0.11952090263366699,0.09310317039489746,0.09310317039489746,0.03698042429526081,
out_vine_4swap+walk_st_ly_11_06_2024_2_label,outdoor_vine,stationary,43,58,2,0.9091131687164307,3.2725284099578857,1730892901_485846740.npy,0.0,True,5153,3.3203275203704834,0.16109514236450195,-0.047799110412597656,0.047799110412597656,0.014395902247397634,
out_vine_4swap+walk_st_ly_11_06_2024_2_label,outdoor_vine,stationary,43,58,3,0.8929792642593384,3.889775514602661,1730892901_485846740.npy,0.0,True,2864,4.477603912353516,0.3782200813293457,-0.5878283977508545,0.5878283977508545,0.13128191087404167,
out_vine_4swap+walk_st_ly_11_06_2024_2_label,outdoor_vine,stationary,44,58,0,0.9248188138008118,3.6515982151031494,1730892901_485846740.npy,0.0,True,3393,3.2244317531585693,0.7493896484375,0.4271664619445801,0.4271664619445801,0.13247805959178355,
out_vine_4swap+walk_st_ly_11_06_2024_2_label,outdoor_vine,stationary,44,58,1,0.9205670356750488,2.6173582077026367,1730892901_485846740.npy,0.0,True,11606,2.5176339149475098,0.11952090263366699,0.09972429275512695,0.09972429275512695,0.03961032307479307,
out_vine_4swap+walk_st_ly_11_06_2024_2_label,outdoor_vine,stationary,44,58,2,0.9091131687164307,3.2934529781341553,1730892901_485846740.npy,0.0,True,5153,3.3203275203704834,0.16109514236450195,-0.026874542236328125,0.026874542236328125,0.008093943164176,
out_vine_4swap+walk_st_ly_11_06_2024_2_label,outdoor_vine,stationary,44,58,3,0.8929792642593384,3.9799458980560303,1730892901_485846740.npy,0.0,True,2864,4.477603912353516,0.3782200813293457,-0.49765801429748535,0.49765801429748535,0.11114382246372181,
out_vine_4swap+walk_st_ly_11_06_2024_2_label,outdoor_vine,stationary,45,59,0,0.934787392616272,2.6178808212280273,1730892901_619803740.npy,0.0,True,10965,2.5348403453826904,0.17638468742370605,0.08304047584533691,0.08304047584533691,0.032759647366587936,
out_vine_4swap+walk_st_ly_11_06_2024_2_label,outdoor_vine,stationary,45,59,1,0.9102927446365356,3.9759480953216553,1730892901_619803740.npy,0.0,True,3560,4.403790473937988,0.42758095264434814,-0.427842378616333,0.427842378616333,0.09715320952446332,
out_vine_4swap+walk_st_ly_11_06_2024_2_label,outdoor_vine,stationary,45,59,2,0.8940110206604004,3.7391843795776367,1730892901_619803740.npy,0.0,True,2614,4.042341232299805,0.8890960216522217,-0.30315685272216797,0.30315685272216797,0.07499536414685438,
out_vine_4swap+walk_st_ly_11_06_2024_2_label,outdoor_vine,stationary,45,59,3,0.8866615891456604,3.2861289978027344,1730892901_619803740.npy,0.0,True,6610,3.2811880111694336,0.21715688705444336,0.004940986633300781,0.004940986633300781,0.0015058529460918596,
out_vine_4swap+walk_st_ly_11_06_2024_2_label,outdoor_vine,stationary,46,60,0,0.933500349521637,2.6281497478485107,1730892901_688356740.npy,0.0,True,11617,2.5417373180389404,0.16838431358337402,0.08641242980957031,0.08641242980957031,0.03399738800555567,
out_vine_4swap+walk_st_ly_11_06_2024_2_label,outdoor_vine,stationary,46,60,1,0.8942029476165771,4.238492012023926,1730892901_688356740.npy,0.0,True,3828,4.371224403381348,0.4646775722503662,-0.13273239135742188,0.13273239135742188,0.030365037140336955,
out_vine_4swap+walk_st_ly_11_06_2024_2_label,outdoor_vine,stationary,46,60,2,0.8902149796485901,3.2635903358459473,1730892901_688356740.npy,0.0,True,6973,3.278684616088867,0.23180437088012695,-0.015094280242919922,0.015094280242919922,0.004603760962201312,
out_vine_4swap+walk_st_ly_11_06_2024_2_label,outdoor_vine,stationary,46,60,3,0.8762502074241638,3.878075122833252,1730892901_688356740.npy,0.0,True,2224,4.066063404083252,0.7918984889984131,-0.18798828125,0.18798828125,0.04623348496268333,
out_vine_4swap+walk_st_ly_11_06_2024_2_label,outdoor_vine,stationary,47,62,0,0.9184914231300354,2.6275596618652344,1730892901_819689740.npy,0.0,True,12364,2.5469751358032227,0.18862199783325195,0.08058452606201172,0.08058452606201172,0.0316393061436771,
out_vine_4swap+walk_st_ly_11_06_2024_2_label,outdoor_vine,stationary,47,62,1,0.9156695604324341,3.2632322311401367,1730892901_819689740.npy,0.0,True,7119,3.28444766998291,0.2373819351196289,-0.021215438842773438,0.021215438842773438,0.006459362722281956,
out_vine_4swap+walk_st_ly_11_06_2024_2_label,outdoor_vine,stationary,47,62,2,0.8932303786277771,4.258702278137207,1730892901_819689740.npy,0.0,True,4120,4.362488746643066,0.3737398386001587,-0.10378646850585938,0.10378646850585938,0.023790655869478868,
out_vine_4swap+walk_st_ly_11_06_2024_2_label,outdoor_vine,stationary,47,62,3,0.8567919135093689,3.8515799045562744,1730892901_819689740.npy,0.0,True,1101,4.107691764831543,0.11958980560302734,-0.25611186027526855,0.25611186027526855,0.06234933752040466,
out_vine_4swap+walk_st_ly_11_06_2024_2_label,outdoor_vine,stationary,48,63,0,0.9354281425476074,2.631551504135132,1730892901_887352740.npy,0.0,True,11985,2.549138069152832,0.15317296981811523,0.0824134349822998,0.0824134349822998,0.032329922015439785,
out_vine_4swap+walk_st_ly_11_06_2024_2_label,outdoor_vine,stationary,48,63,1,0.9217377305030823,3.2633674144744873,1730892901_887352740.npy,0.0,True,7376,3.2809088230133057,0.24320799112319946,-0.01754140853881836,0.01754140853881836,0.00534650899646388,
out_vine_4swap+walk_st_ly_11_06_2024_2_label,outdoor_vine,stationary,48,63,2,0.90301913022995,4.193044185638428,1730892901_887352740.npy,0.0,True,4062,4.3824052810668945,0.37747764587402344,-0.1893610954284668,0.1893610954284668,0.04320939832893934,
out_vine_4swap+walk_st_ly_11_06_2024_2_label,outdoor_vine,stationary,48,63,3,0.8409237265586853,3.751054286956787,1730892901_887352740.npy,0.0,True,932,4.108990669250488,0.09869134426116943,-0.35793638229370117,0.35793638229370117,0.087110536651326,
out_vine_4swap+walk_st_ly_11_06_2024_2_label,outdoor_vine,stationary,49,65,0,0.9447271227836609,2.628962755203247,1730892902_020339740.npy,0.0,True,10839,2.531712770462036,0.1184992790222168,0.09724998474121094,0.09724998474121094,0.03841272433265124,
out_vine_4swap+walk_st_ly_11_06_2024_2_label,outdoor_vine,stationary,49,65,1,0.9233021140098572,3.2406105995178223,1730892902_020339740.npy,0.0,True,7201,3.2807607650756836,0.24614357948303223,-0.04015016555786133,0.04015016555786133,0.012238065629553792,
out_vine_4swap+walk_st_ly_11_06_2024_2_label,outdoor_vine,stationary,49,65,2,0.9051441550254822,4.234726905822754,1730892902_020339740.npy,0.0,True,4039,4.379769325256348,0.3300046920776367,-0.14504241943359375,0.14504241943359375,0.03311645172662248,
out_vine_4swap+walk_st_ly_11_06_2024_2_label,outdoor_vine,stationary,49,65,3,0.7528504729270935,3.946441650390625,1730892902_020339740.npy,0.0,True,981,4.114395618438721,0.11383867263793945,-0.1679539680480957,0.1679539680480957,0.040821054566412544,
out_vine_4swap+walk_st_ly_11_06_2024_2_label,outdoor_vine,stationary,50,66,0,0.9408828020095825,2.6316423416137695,,0.06633591651916504,False,0,,,,,,no_matching_depth_map
out_vine_4swap+walk_st_ly_11_06_2024_2_label,outdoor_vine,stationary,50,66,1,0.9202311635017395,3.255300998687744,,0.06633591651916504,False,0,,,,,,no_matching_depth_map
out_vine_4swap+walk_st_ly_11_06_2024_2_label,outdoor_vine,stationary,50,66,2,0.9073910713195801,4.268743991851807,,0.06633591651916504,False,0,,,,,,no_matching_depth_map
out_vine_4swap+walk_st_ly_11_06_2024_2_label,outdoor_vine,stationary,50,66,3,0.6919452548027039,3.9137368202209473,,0.06633591651916504,False,0,,,,,,no_matching_depth_map
out_vine_4swap+walk_st_ly_11_06_2024_2_label,outdoor_vine,stationary,51,67,0,0.9331423044204712,2.641693115234375,1730892902_222638740.npy,0.0,True,9532,2.5579371452331543,0.1445673704147339,0.0837559700012207,0.0837559700012207,0.03274356062943306,
out_vine_4swap+walk_st_ly_11_06_2024_2_label,outdoor_vine,stationary,51,67,1,0.9141087532043457,3.2668793201446533,1730892902_222638740.npy,0.0,True,7228,3.2690176963806152,0.23672330379486084,-0.002138376235961914,0.002138376235961914,0.0006541341878722398,
out_vine_4swap+walk_st_ly_11_06_2024_2_label,outdoor_vine,stationary,51,67,2,0.9065913558006287,4.2195916175842285,1730892902_222638740.npy,0.0,True,3987,4.371195316314697,0.3071925640106201,-0.15160369873046875,0.15160369873046875,0.03468243529741975,
out_vine_4swap+walk_st_ly_11_06_2024_2_label,outdoor_vine,stationary,52,68,0,0.9255831241607666,2.6784677505493164,1730892902_288987740.npy,0.0,True,9302,2.5611350536346436,0.15496963262557983,0.11733269691467285,0.11733269691467285,0.04581277225039724,
out_vine_4swap+walk_st_ly_11_06_2024_2_label,outdoor_vine,stationary,52,68,1,0.9097719788551331,3.2500743865966797,1730892902_288987740.npy,0.0,True,7153,3.271200656890869,0.24285578727722168,-0.021126270294189453,0.021126270294189453,0.006458261815791219,
out_vine_4swap+walk_st_ly_11_06_2024_2_label,outdoor_vine,stationary,52,68,2,0.9073411226272583,4.219236373901367,1730892902_288987740.npy,0.0,True,4063,4.37933349609375,0.2978208065032959,-0.1600971221923828,0.1600971221923828,0.03655741731822553,
out_vine_4swap+walk_st_ly_11_06_2024_2_label,outdoor_vine,stationary,53,70,0,0.9360888004302979,2.7233691215515137,1730892902_421663740.npy,0.0,True,9764,2.646299362182617,0.18881607055664062,0.07706975936889648,0.07706975936889648,0.029123598210495285,
out_vine_4swap+walk_st_ly_11_06_2024_2_label,outdoor_vine,stationary,53,70,1,0.9179044961929321,3.237252712249756,1730892902_421663740.npy,0.0,True,7120,3.278122901916504,0.23340696096420288,-0.04087018966674805,0.04087018966674805,0.012467558688191318,
out_vine_4swap+walk_st_ly_11_06_2024_2_label,outdoor_vine,stationary,53,70,2,0.9063567519187927,4.239538669586182,1730892902_421663740.npy,0.0,True,3987,4.389946460723877,0.2678542137145996,-0.1504077911376953,0.1504077911376953,0.03426187368874971,
out_vine_4swap+walk_st_ly_11_06_2024_2_label,outdoor_vine,stationary,54,71,0,0.9329726696014404,2.763253688812256,1730892902_489216740.npy,0.0,True,10529,2.6657776832580566,0.23780584335327148,0.09747600555419922,0.09747600555419922,0.03656569194287279,
out_vine_4swap+walk_st_ly_11_06_2024_2_label,outdoor_vine,stationary,54,71,1,0.9046071171760559,4.211724281311035,1730892902_489216740.npy,0.0,True,4030,4.398281097412109,0.23939049243927002,-0.18655681610107422,0.18655681610107422,0.04241584654760738,
out_vine_4swap+walk_st_ly_11_06_2024_2_label,outdoor_vine,stationary,54,71,2,0.9024285078048706,3.255798578262329,1730892902_489216740.npy,0.0,True,7109,3.2818820476531982,0.23870348930358887,-0.02608346939086914,0.02608346939086914,0.007947716892970257,
out_vine_4swap+walk_st_ly_11_06_2024_2_label,outdoor_vine,stationary,55,73,0,0.9272522330284119,2.787008762359619,,0.06681990623474121,False,0,,,,,,no_matching_depth_map
out_vine_4swap+walk_st_ly_11_06_2024_2_label,outdoor_vine,stationary,55,73,1,0.9202911257743835,3.2456111907958984,,0.06681990623474121,False,0,,,,,,no_matching_depth_map
out_vine_4swap+walk_st_ly_11_06_2024_2_label,outdoor_vine,stationary,55,73,2,0.9083631038665771,4.294139862060547,,0.06681990623474121,False,0,,,,,,no_matching_depth_map
out_vine_4swap+walk_st_ly_11_06_2024_2_label,outdoor_vine,stationary,56,73,0,0.9272522330284119,2.8218891620635986,,0.06681990623474121,False,0,,,,,,no_matching_depth_map
out_vine_4swap+walk_st_ly_11_06_2024_2_label,outdoor_vine,stationary,56,73,1,0.9202911257743835,3.208526849746704,,0.06681990623474121,False,0,,,,,,no_matching_depth_map
out_vine_4swap+walk_st_ly_11_06_2024_2_label,outdoor_vine,stationary,56,73,2,0.9083631038665771,4.232088088989258,,0.06681990623474121,False,0,,,,,,no_matching_depth_map
out_vine_4swap+walk_st_ly_11_06_2024_2_label,outdoor_vine,stationary,57,74,0,0.9237321019172668,2.800840139389038,1730892902_821793740.npy,0.0,True,9503,2.748447895050049,0.174896240234375,0.05239224433898926,0.05239224433898926,0.019062484114524283,
out_vine_4swap+walk_st_ly_11_06_2024_2_label,outdoor_vine,stationary,57,74,1,0.9062556028366089,4.15506649017334,1730892902_821793740.npy,0.0,True,4404,4.413439750671387,0.3079882860183716,-0.2583732604980469,0.2583732604980469,0.05854237852884302,
out_vine_4swap+walk_st_ly_11_06_2024_2_label,outdoor_vine,stationary,57,74,2,0.8442783951759338,3.2317824363708496,1730892902_821793740.npy,0.0,True,6448,3.274923324584961,0.19201064109802246,-0.04314088821411133,0.04314088821411133,0.013173098707457122,
out_vine_4swap+walk_st_ly_11_06_2024_2_label,outdoor_vine,stationary,58,75,0,0.9303569197654724,2.839805841445923,1730892902_888343740.npy,0.0,True,9775,2.754481554031372,0.19860351085662842,0.08532428741455078,0.08532428741455078,0.03097653251286902,
out_vine_4swap+walk_st_ly_11_06_2024_2_label,outdoor_vine,stationary,58,75,1,0.9071933031082153,4.313109397888184,1730892902_888343740.npy,0.0,True,4268,4.407829761505127,0.32698941230773926,-0.09472036361694336,0.09472036361694336,0.0214891156741497,
out_vine_4swap+walk_st_ly_11_06_2024_2_label,outdoor_vine,stationary,58,75,2,0.879107654094696,3.256737232208252,1730892902_888343740.npy,0.0,True,6593,3.269380807876587,0.20119047164916992,-0.012643575668334961,0.012643575668334961,0.0038672691898949427,
out_vine_4swap+walk_st_ly_11_06_2024_2_label,outdoor_vine,stationary,59,78,0,0.9362131357192993,2.8929293155670166,1730892903_088442740.npy,0.0,True,7078,2.823343276977539,0.1684129238128662,0.06958603858947754,0.06958603858947754,0.02464668011038713,
out_vine_4swap+walk_st_ly_11_06_2024_2_label,outdoor_vine,stationary,59,78,1,0.9053083658218384,3.2544333934783936,1730892903_088442740.npy,0.0,True,6742,3.2736024856567383,0.21368736028671265,-0.019169092178344727,0.019169092178344727,0.005855656654200974,
out_vine_4swap+walk_st_ly_11_06_2024_2_label,outdoor_vine,stationary,59,78,2,0.9037747979164124,4.2931599617004395,1730892903_088442740.npy,0.0,True,4768,4.470122337341309,0.3365671634674072,-0.17696237564086914,0.17696237564086914,0.03958781489325434,
out_vine_4swap+walk_st_ly_11_06_2024_2_label,outdoor_vine,stationary,60,79,0,0.9345404505729675,2.9177427291870117,,0.06564211845397949,False,0,,,,,,no_matching_depth_map
out_vine_4swap+walk_st_ly_11_06_2024_2_label,outdoor_vine,stationary,60,79,1,0.9059134125709534,4.359755516052246,,0.06564211845397949,False,0,,,,,,no_matching_depth_map
out_vine_4swap+walk_st_ly_11_06_2024_2_label,outdoor_vine,stationary,60,79,2,0.8986828923225403,3.281893491744995,,0.06564211845397949,False,0,,,,,,no_matching_depth_map
out_vine_4swap+walk_st_ly_11_06_2024_2_label,outdoor_vine,stationary,61,80,0,0.9321699142456055,2.9788591861724854,1730892903_288901740.npy,0.0,True,5781,2.984699249267578,0.7916088104248047,-0.0058400630950927734,0.0058400630950927734,0.0019566671906812317,
out_vine_4swap+walk_st_ly_11_06_2024_2_label,outdoor_vine,stationary,61,80,1,0.9094262719154358,3.250089168548584,1730892903_288901740.npy,0.0,True,6748,3.276425838470459,0.21035897731781006,-0.026336669921875,0.026336669921875,0.008038231664712363,
out_vine_4swap+walk_st_ly_11_06_2024_2_label,outdoor_vine,stationary,61,80,2,0.9067316651344299,4.334580421447754,1730892903_288901740.npy,0.0,True,4918,4.475122451782227,0.3400343656539917,-0.14054203033447266,0.14054203033447266,0.03140518094169725,
out_vine_4swap+walk_st_ly_11_06_2024_2_label,outdoor_vine,stationary,62,82,0,0.9314526915550232,3.299920082092285,1730892903_422454740.npy,0.0,True,7115,3.2948691844940186,0.21438968181610107,0.0050508975982666016,0.0050508975982666016,0.0015329584622165357,
out_vine_4swap+walk_st_ly_11_06_2024_2_label,outdoor_vine,stationary,62,82,1,0.9298890233039856,3.0363876819610596,1730892903_422454740.npy,0.0,True,5041,3.067955255508423,0.7261078357696533,-0.03156757354736328,0.03156757354736328,0.010289450437937333,
out_vine_4swap+walk_st_ly_11_06_2024_2_label,outdoor_vine,stationary,62,82,2,0.9081953167915344,4.363078594207764,1730892903_422454740.npy,0.0,True,5187,4.437508583068848,0.36014795303344727,-0.07442998886108398,0.07442998886108398,0.016772922793900365,
out_vine_4swap+walk_st_ly_11_06_2024_2_label,outdoor_vine,stationary,63,83,0,0.9287144541740417,3.298102855682373,1730892903_555910740.npy,0.0,True,7207,3.319115400314331,0.19986450672149658,-0.021012544631958008,0.021012544631958008,0.006330766513863318,
out_vine_4swap+walk_st_ly_11_06_2024_2_label,outdoor_vine,stationary,63,83,1,0.9261636734008789,3.1042559146881104,1730892903_555910740.npy,0.0,True,4894,3.211883783340454,0.6833041906356812,-0.10762786865234375,0.10762786865234375,0.0335092661853436,
out_vine_4swap+walk_st_ly_11_06_2024_2_label,outdoor_vine,stationary,63,83,2,0.9084997773170471,4.4613800048828125,1730892903_555910740.npy,0.0,True,5155,4.4698686599731445,0.40140318870544434,-0.008488655090332031,0.008488655090332031,0.0018990837843506194,
out_vine_4swap+walk_st_ly_11_06_2024_2_label,outdoor_vine,stationary,64,83,0,0.9287144541740417,3.341846227645874,1730892903_555910740.npy,0.0,True,7207,3.319115400314331,0.19986450672149658,0.02273082733154297,0.02273082733154297,0.006848459480917802,
out_vine_4swap+walk_st_ly_11_06_2024_2_label,outdoor_vine,stationary,64,83,1,0.9261636734008789,3.2005844116210938,1730892903_555910740.npy,0.0,True,4894,3.211883783340454,0.6833041906356812,-0.011299371719360352,0.011299371719360352,0.003517988968955991,
out_vine_4swap+walk_st_ly_11_06_2024_2_label,outdoor_vine,stationary,64,83,2,0.9084997773170471,4.489053726196289,1730892903_555910740.npy,0.0,True,5155,4.4698686599731445,0.40140318870544434,0.01918506622314453,0.01918506622314453,0.00429208723624103,
out_vine_4swap+walk_st_ly_11_06_2024_2_label,outdoor_vine,stationary,65,84,0,0.9222131967544556,3.273164749145508,1730892903_689389740.npy,0.0,True,4202,3.287630319595337,0.6706088185310364,-0.014465570449829102,0.014465570449829102,0.004399999100753402,
out_vine_4swap+walk_st_ly_11_06_2024_2_label,outdoor_vine,stationary,65,84,1,0.9197911024093628,3.4160637855529785,1730892903_689389740.npy,0.0,True,6660,3.35852313041687,0.16818958520889282,0.0575406551361084,0.0575406551361084,0.01713272557660375,
out_vine_4swap+walk_st_ly_11_06_2024_2_label,outdoor_vine,stationary,65,84,2,0.8798388838768005,4.488822937011719,1730892903_689389740.npy,0.0,True,5390,4.473581314086914,0.3597750663757324,0.015241622924804688,0.015241622924804688,0.0034070293696931713,
out_vine_4swap+walk_st_ly_11_06_2024_2_label,outdoor_vine,stationary,66,86,0,0.9196789860725403,3.339219093322754,1730892903_823292740.npy,0.0,True,3705,3.35552716255188,0.39041638374328613,-0.016308069229125977,0.016308069229125977,0.004860061754566064,
out_vine_4swap+walk_st_ly_11_06_2024_2_label,outdoor_vine,stationary,66,86,1,0.912970244884491,3.3843741416931152,1730892903_823292740.npy,0.0,True,6221,3.3715085983276367,0.18012142181396484,0.012865543365478516,0.012865543365478516,0.003815960419576028,
out_vine_4swap+walk_st_ly_11_06_2024_2_label,outdoor_vine,stationary,66,86,2,0.878787100315094,4.400758743286133,1730892903_823292740.npy,0.0,True,5160,4.4182257652282715,0.29356932640075684,-0.017467021942138672,0.017467021942138672,0.00395340185637531,
out_vine_4swap+walk_st_ly_11_06_2024_2_label,outdoor_vine,stationary,67,87,0,0.9259385466575623,3.4182727336883545,1730892903_892819740.npy,0.0,True,3081,3.38435959815979,0.4300503730773926,0.03391313552856445,0.03391313552856445,0.01002054732806891,
out_vine_4swap+walk_st_ly_11_06_2024_2_label,outdoor_vine,stationary,67,87,1,0.9096511006355286,3.3645362854003906,1730892903_892819740.npy,0.0,True,6108,3.3671858310699463,0.18167060613632202,-0.002649545669555664,0.002649545669555664,0.0007868724218032697,
out_vine_4swap+walk_st_ly_11_06_2024_2_label,outdoor_vine,stationary,67,87,2,0.9016238451004028,4.317230701446533,1730892903_892819740.npy,0.0,True,5005,4.406257629394531,0.2671966552734375,-0.08902692794799805,0.08902692794799805,0.02020465788339102,
out_vine_4swap+walk_st_ly_11_06_2024_2_label,outdoor_vine,stationary,68,89,0,0.9200462102890015,3.4552500247955322,1730892904_023312740.npy,0.0,True,2619,3.5028321743011475,0.4983421564102173,-0.047582149505615234,0.047582149505615234,0.013583907860246939,
out_vine_4swap+walk_st_ly_11_06_2024_2_label,outdoor_vine,stationary,68,89,1,0.9105547666549683,4.380007743835449,1730892904_023312740.npy,0.0,True,5616,4.399861812591553,0.27631258964538574,-0.019854068756103516,0.019854068756103516,0.004512430072072949,
out_vine_4swap+walk_st_ly_11_06_2024_2_label,outdoor_vine,stationary,68,89,2,0.910179078578949,3.3584020137786865,1730892904_023312740.npy,0.0,True,5622,3.370551347732544,0.16196656227111816,-0.012149333953857422,0.012149333953857422,0.0036045538846428164,
out_vine_4swap+walk_st_ly_11_06_2024_2_label,outdoor_vine,stationary,69,90,0,0.9216343760490417,4.370423793792725,1730892904_090893740.npy,0.0,True,6100,4.41048526763916,0.293886661529541,-0.04006147384643555,0.04006147384643555,0.009083234931171103,
out_vine_4swap+walk_st_ly_11_06_2024_2_label,outdoor_vine,stationary,69,90,1,0.9141424298286438,3.5116844177246094,1730892904_090893740.npy,0.0,True,2438,3.5958468914031982,0.43996328115463257,-0.08416247367858887,0.08416247367858887,0.023405466422889425,
out_vine_4swap+walk_st_ly_11_06_2024_2_label,outdoor_vine,stationary,69,90,2,0.9101865887641907,3.347278356552124,1730892904_090893740.npy,0.0,True,5387,3.3612914085388184,0.16903793811798096,-0.014013051986694336,0.014013051986694336,0.0041689488602792485,
out_vine_4swap+walk_st_ly_11_06_2024_2_label,outdoor_vine,stationary,70,92,0,0.9238837957382202,4.327333450317383,1730892904_223578740.npy,0.0,True,6117,4.4152607917785645,0.3094468116760254,-0.08792734146118164,0.08792734146118164,0.019914416295614232,
out_vine_4swap+walk_st_ly_11_06_2024_2_label,outdoor_vine,stationary,70,92,1,0.908352792263031,3.3361570835113525,1730892904_223578740.npy,0.0,True,5620,3.360304355621338,0.1821863055229187,-0.02414727210998535,0.02414727210998535,0.007186037202133256,
out_vine_4swap+walk_st_ly_11_06_2024_2_label,outdoor_vine,stationary,70,92,2,0.8981882929801941,3.5943124294281006,1730892904_223578740.npy,0.0,True,1393,3.9134223461151123,0.4143214225769043,-0.3191099166870117,0.3191099166870117,0.08154241695987526,
out_vine_4swap+walk_st_ly_11_06_2024_2_label,outdoor_vine,stationary,71,93,0,0.9173335433006287,4.320836544036865,1730892904_290509740.npy,0.0,True,6111,4.401935577392578,0.3171055316925049,-0.08109903335571289,0.08109903335571289,0.018423493922132935,
out_vine_4swap+walk_st_ly_11_06_2024_2_label,outdoor_vine,stationary,71,93,1,0.9082074165344238,3.3285701274871826,1730892904_290509740.npy,0.0,True,5772,3.3713812828063965,0.22368109226226807,-0.04281115531921387,0.04281115531921387,0.012698402146783326,
out_vine_4swap+walk_st_ly_11_06_2024_2_label,outdoor_vine,stationary,71,93,2,0.8888877630233765,3.672750234603882,1730892904_290509740.npy,0.0,True,1281,3.9800825119018555,0.3316774368286133,-0.30733227729797363,0.30733227729797363,0.07721756430399153,
out_vine_4swap+walk_st_ly_11_06_2024_2_label,outdoor_vine,stationary,72,95,0,0.9187183976173401,4.261165142059326,1730892904_423898740.npy,0.0,True,6012,4.348401069641113,0.35927534103393555,-0.08723592758178711,0.08723592758178711,0.020061610275748314,
out_vine_4swap+walk_st_ly_11_06_2024_2_label,outdoor_vine,stationary,72,95,1,0.9075616002082825,3.3285717964172363,1730892904_423898740.npy,0.0,True,5864,3.342146873474121,0.17115777730941772,-0.013575077056884766,0.013575077056884766,0.004061783509464274,
out_vine_4swap+walk_st_ly_11_06_2024_2_label,outdoor_vine,stationary,72,95,2,0.8827401995658875,3.699924945831299,1730892904_423898740.npy,0.0,True,1098,4.050018787384033,0.17076081037521362,-0.3500938415527344,0.3500938415527344,0.08644252284539775,
out_vine_4swap+walk_st_ly_11_06_2024_2_label,outdoor_vine,stationary,73,96,0,0.9158104062080383,4.2785491943359375,1730892904_490814740.npy,0.0,True,5915,4.355409622192383,0.32760095596313477,-0.07686042785644531,0.07686042785644531,0.01764711807238835,
out_vine_4swap+walk_st_ly_11_06_2024_2_label,outdoor_vine,stationary,73,96,1,0.9084237813949585,3.3341944217681885,1730892904_490814740.npy,0.0,True,6068,3.3416037559509277,0.1566144824028015,-0.007409334182739258,0.007409334182739258,0.002217298855241072,
out_vine_4swap+walk_st_ly_11_06_2024_2_label,outdoor_vine,stationary,73,96,2,0.8731595277786255,3.616121292114258,1730892904_490814740.npy,0.0,True,1066,4.070653438568115,0.16019189357757568,-0.4545321464538574,0.4545321464538574,0.1116607329298322,
out_vine_4swap+walk_st_ly_11_06_2024_2_label,outdoor_vine,stationary,74,97,0,0.9133756160736084,4.26845121383667,1730892904_628891740.npy,0.0,True,5801,4.299062728881836,0.3421058654785156,-0.030611515045166016,0.030611515045166016,0.007120509044800077,
out_vine_4swap+walk_st_ly_11_06_2024_2_label,outdoor_vine,stationary,74,97,1,0.9027755856513977,3.2986719608306885,1730892904_628891740.npy,0.0,True,5790,3.2929887771606445,0.18330031633377075,0.005683183670043945,0.005683183670043945,0.0017258436194684602,
out_vine_4swap+walk_st_ly_11_06_2024_2_label,outdoor_vine,stationary,74,97,2,0.8630096912384033,3.7675259113311768,1730892904_628891740.npy,0.0,True,1045,4.072221755981445,0.1506209373474121,-0.30469584465026855,0.30469584465026855,0.07482299906745474,
out_vine_4swap+walk_st_ly_11_06_2024_2_label,outdoor_vine,stationary,75,98,0,0.9086894989013672,4.2900800704956055,,0.06273293495178223,False,0,,,,,,no_matching_depth_map
out_vine_4swap+walk_st_ly_11_06_2024_2_label,outdoor_vine,stationary,75,98,1,0.8950822353363037,3.291238307952881,,0.06273293495178223,False,0,,,,,,no_matching_depth_map
out_vine_4swap+walk_st_ly_11_06_2024_2_label,outdoor_vine,stationary,75,98,2,0.8653668165206909,3.770146369934082,,0.06273293495178223,False,0,,,,,,no_matching_depth_map
out_vine_4swap+walk_st_ly_11_06_2024_2_label,outdoor_vine,stationary,76,101,0,0.9135655164718628,4.260270118713379,1730892904_891892740.npy,0.0,True,5795,4.277558326721191,0.34176087379455566,-0.0172882080078125,0.0172882080078125,0.004041606609970916,
out_vine_4swap+walk_st_ly_11_06_2024_2_label,outdoor_vine,stationary,76,101,1,0.9002020955085754,3.2862181663513184,1730892904_891892740.npy,0.0,True,4832,3.2254977226257324,0.14201849699020386,0.06072044372558594,0.06072044372558594,0.018825139233443998,
out_vine_4swap+walk_st_ly_11_06_2024_2_label,outdoor_vine,stationary,76,101,2,0.8971216082572937,3.677912950515747,1730892904_891892740.npy,0.0,True,1247,4.088720798492432,0.14139986038208008,-0.41080784797668457,0.41080784797668457,0.10047344101562404,
out_vine_4swap+walk_st_ly_11_06_2024_2_label,outdoor_vine,stationary,77,103,0,0.9141605496406555,4.257260322570801,1730892905_024836740.npy,0.0,True,5857,4.2692952156066895,0.3465738296508789,-0.012034893035888672,0.012034893035888672,0.0028189414008884485,
out_vine_4swap+walk_st_ly_11_06_2024_2_label,outdoor_vine,stationary,77,103,1,0.9067579507827759,3.2431752681732178,1730892905_024836740.npy,0.0,True,5016,3.2142043113708496,0.11309123039245605,0.028970956802368164,0.028970956802368164,0.009013414828633631,
out_vine_4swap+walk_st_ly_11_06_2024_2_label,outdoor_vine,stationary,77,103,2,0.8893081545829773,3.845777988433838,1730892905_024836740.npy,0.0,True,1688,4.107144355773926,0.17362606525421143,-0.2613663673400879,0.2613663673400879,0.06363700534962997,
out_vine_4swap+walk_st_ly_11_06_2024_2_label,outdoor_vine,stationary,78,104,0,0.930661141872406,4.312836647033691,1730892905_091723740.npy,0.0,True,5835,4.282546043395996,0.34496092796325684,0.030290603637695312,0.030290603637695312,0.007073036303814099,
out_vine_4swap+walk_st_ly_11_06_2024_2_label,outdoor_vine,stationary,78,104,1,0.9102018475532532,3.239424467086792,1730892905_091723740.npy,0.0,True,4985,3.2158656120300293,0.1228797435760498,0.023558855056762695,0.023558855056762695,0.007325820758377731,
out_vine_4swap+walk_st_ly_11_06_2024_2_label,outdoor_vine,stationary,78,104,2,0.8798788189888,3.7798097133636475,1730892905_091723740.npy,0.0,True,1784,4.0786285400390625,0.22863221168518066,-0.29881882667541504,0.29881882667541504,0.07326453579725922,
out_vine_4swap+walk_st_ly_11_06_2024_2_label,outdoor_vine,stationary,79,106,0,0.9086594581604004,4.296446323394775,1730892905_225516740.npy,0.0,True,5726,4.275041580200195,0.30539536476135254,0.021404743194580078,0.021404743194580078,0.005006908773406063,
out_vine_4swap+walk_st_ly_11_06_2024_2_label,outdoor_vine,stationary,79,106,1,0.8994641900062561,3.2439823150634766,1730892905_225516740.npy,0.0,True,5220,3.212641954421997,0.13689357042312622,0.03134036064147949,0.03134036064147949,0.00975532321562989,
out_vine_4swap+walk_st_ly_11_06_2024_2_label,outdoor_vine,stationary,79,106,2,0.8247697949409485,3.3270115852355957,1730892905_225516740.npy,0.0,True,2067,4.036778450012207,0.49726319313049316,-0.7097668647766113,0.7097668647766113,0.1758250727816051,
out_vine_4swap+walk_st_ly_11_06_2024_2_label,outdoor_vine,stationary,80,107,0,0.913068950176239,4.257014751434326,1730892905_296265740.npy,0.0,True,5737,4.267414093017578,0.3017411231994629,-0.010399341583251953,0.010399341583251953,0.0024369187888908057,
out_vine_4swap+walk_st_ly_11_06_2024_2_label,outdoor_vine,stationary,80,107,1,0.8982515931129456,3.159008502960205,1730892905_296265740.npy,0.0,True,5403,3.204338788986206,0.17215704917907715,-0.04533028602600098,0.04533028602600098,0.014146533500704727,
out_vine_4swap+walk_st_ly_11_06_2024_2_label,outdoor_vine,stationary,80,107,2,0.831684947013855,3.069744348526001,1730892905_296265740.npy,0.0,True,1903,3.932870388031006,0.5973937511444092,-0.8631260395050049,0.8631260395050049,0.21946465414466138,
out_vine_4swap+walk_st_ly_11_06_2024_2_label,outdoor_vine,stationary,81,109,0,0.9165418744087219,4.309761047363281,1730892905_425689740.npy,0.0,True,5905,4.245519638061523,0.3644371032714844,0.06424140930175781,0.06424140930175781,0.015131577469534453,
out_vine_4swap+walk_st_ly_11_06_2024_2_label,outdoor_vine,stationary,81,109,1,0.9044354557991028,3.1068267822265625,1730892905_425689740.npy,0.0,True,5722,3.162313938140869,0.19851690530776978,-0.05548715591430664,0.05548715591430664,0.017546378063566848,
out_vine_4swap+walk_st_ly_11_06_2024_2_label,outdoor_vine,stationary,81,109,2,0.8295772671699524,2.995823621749878,1730892905_425689740.npy,0.0,True,1995,3.4801604747772217,0.6452463865280151,-0.48433685302734375,0.48433685302734375,0.13917083897067936,
out_vine_4swap+walk_st_ly_11_06_2024_2_label,outdoor_vine,stationary,82,110,0,0.917669415473938,4.334826946258545,1730892905_492829740.npy,0.0,True,5906,4.256474494934082,0.3559753894805908,0.07835245132446289,0.07835245132446289,0.018407828219742756,
out_vine_4swap+walk_st_ly_11_06_2024_2_label,outdoor_vine,stationary,82,110,1,0.9030251502990723,3.126408815383911,1730892905_492829740.npy,0.0,True,5713,3.1425843238830566,0.21068954467773438,-0.016175508499145508,0.016175508499145508,0.005147199512265956,
out_vine_4swap+walk_st_ly_11_06_2024_2_label,outdoor_vine,stationary,82,110,2,0.8568405508995056,2.9691762924194336,1730892905_492829740.npy,0.0,True,2163,3.472985029220581,2.1362591981887817,-0.5038087368011475,0.5038087368011475,0.14506504708838722,
out_vine_4swap+walk_st_ly_11_06_2024_2_label,outdoor_vine,stationary,83,112,0,0.9188272356987,4.297239303588867,1730892905_626500740.npy,0.0,True,5964,4.260342597961426,0.3627028465270996,0.036896705627441406,0.036896705627441406,0.008660502008710868,
out_vine_4swap+walk_st_ly_11_06_2024_2_label,outdoor_vine,stationary,83,112,1,0.8899706602096558,3.1987061500549316,1730892905_626500740.npy,0.0,True,3572,3.213524341583252,1.8385713696479797,-0.014818191528320312,0.014818191528320312,0.004611196292049752,
out_vine_4swap+walk_st_ly_11_06_2024_2_label,outdoor_vine,stationary,83,112,2,0.8827266693115234,3.1087658405303955,1730892905_626500740.npy,0.0,True,6123,3.1544697284698486,0.2515193223953247,-0.045703887939453125,0.045703887939453125,0.014488611992996647,
out_vine_4swap+walk_st_ly_11_06_2024_2_label,outdoor_vine,stationary,84,113,0,0.9158031940460205,4.295493125915527,1730892905_695083740.npy,0.0,True,5766,4.2652587890625,0.3595999479293823,0.030234336853027344,0.030234336853027344,0.007088511705446324,
out_vine_4swap+walk_st_ly_11_06_2024_2_label,outdoor_vine,stationary,84,113,1,0.8830086588859558,3.120028257369995,1730892905_695083740.npy,0.0,True,5831,3.1584250926971436,0.2455517053604126,-0.03839683532714844,0.03839683532714844,0.012156956141188512,
out_vine_4swap+walk_st_ly_11_06_2024_2_label,outdoor_vine,stationary,84,113,2,0.799938976764679,3.0670106410980225,1730892905_695083740.npy,0.0,True,3817,3.172177791595459,1.735471487045288,-0.10516715049743652,0.10516715049743652,0.033152981139982794,
out_vine_4swap+walk_st_ly_11_06_2024_2_label,outdoor_vine,stationary,84,113,3,0.26823246479034424,1.8690714836120605,1730892905_695083740.npy,0.0,True,2597,3.2634212970733643,1.0371782779693604,-1.3943498134613037,1.3943498134613037,0.427266260323715,
out_vine_4swap+walk_st_ly_11_06_2024_2_label,outdoor_vine,stationary,85,115,0,0.9117336869239807,4.312077522277832,1730892905_827946740.npy,0.0,True,5827,4.255058288574219,0.3578469753265381,0.05701923370361328,0.05701923370361328,0.013400341390556894,
out_vine_4swap+walk_st_ly_11_06_2024_2_label,outdoor_vine,stationary,85,115,1,0.8838042616844177,3.119621992111206,1730892905_827946740.npy,0.0,True,6021,3.1409168243408203,0.25847601890563965,-0.021294832229614258,0.021294832229614258,0.006779814118154298,
out_vine_4swap+walk_st_ly_11_06_2024_2_label,outdoor_vine,stationary,85,115,2,0.8334624767303467,2.9318480491638184,1730892905_827946740.npy,0.0,True,4635,3.2878994941711426,0.6589734554290771,-0.3560514450073242,0.3560514450073242,0.10829146257011192,
out_vine_4swap+walk_st_ly_11_06_2024_2_label,outdoor_vine,stationary,85,115,3,0.6335962414741516,1.8186088800430298,1730892905_827946740.npy,0.0,True,4219,3.2284884452819824,0.5820164680480957,-1.4098795652389526,1.4098795652389526,0.43669958531191555,
out_vine_4swap+walk_st_ly_11_06_2024_2_label,outdoor_vine,stationary,85,115,4,0.6036390066146851,1.6238572597503662,1730892905_827946740.npy,0.0,True,3922,3.2305350303649902,0.8824809193611145,-1.606677770614624,1.606677770614624,0.49734107679157386,
out_vine_4swap+walk_st_ly_11_06_2024_2_label,outdoor_vine,stationary,85,115,5,0.5253728032112122,1.686000108718872,1730892905_827946740.npy,0.0,True,2771,3.185922384262085,0.5448694229125977,-1.499922275543213,1.499922275543213,0.4707968665377958,
out_vine_4swap+walk_st_ly_11_06_2024_2_label,outdoor_vine,stationary,85,115,6,0.10478182137012482,1.6139999628067017,1730892905_827946740.npy,0.0,True,3096,3.20361065864563,0.7083525657653809,-1.5896106958389282,1.5896106958389282,0.496193472059104,
out_vine_4swap+walk_st_ly_11_06_2024_2_label,outdoor_vine,stationary,86,116,0,0.9094917178153992,4.2816162109375,1730892905_893139740.npy,0.0,True,5810,4.244811058044434,0.35768353939056396,0.036805152893066406,0.036805152893066406,0.008670622176060384,
out_vine_4swap+walk_st_ly_11_06_2024_2_label,outdoor_vine,stationary,86,116,1,0.8790439367294312,3.0674774646759033,1730892905_893139740.npy,0.0,True,5918,3.132230758666992,0.2585739493370056,-0.06475329399108887,0.06475329399108887,0.020673219497610206,
out_vine_4swap+walk_st_ly_11_06_2024_2_label,outdoor_vine,stationary,86,116,2,0.8511046171188354,2.937392234802246,1730892905_893139740.npy,0.0,True,4738,3.2619364261627197,1.6608927547931671,-0.32454419136047363,0.32454419136047363,0.09949433372074062,
out_vine_4swap+walk_st_ly_11_06_2024_2_label,outdoor_vine,stationary,86,116,3,0.7169702649116516,1.608907699584961,1730892905_893139740.npy,0.0,True,3959,3.0021700859069824,1.3262839913368225,-1.3932623863220215,1.3932623863220215,0.46408509393334535,
out_vine_4swap+walk_st_ly_11_06_2024_2_label,outdoor_vine,stationary,87,118,0,0.9114049077033997,4.274397373199463,1730892906_027147740.npy,0.0,True,6067,4.22909688949585,0.353867769241333,0.04530048370361328,0.04530048370361328,0.010711621153946546,
out_vine_4swap+walk_st_ly_11_06_2024_2_label,outdoor_vine,stationary,87,118,1,0.8839421272277832,3.108037233352661,1730892906_027147740.npy,0.0,True,5896,3.1367123126983643,0.2554778456687927,-0.028675079345703125,0.028675079345703125,0.009141762612279645,
out_vine_4swap+walk_st_ly_11_06_2024_2_label,outdoor_vine,stationary,87,118,2,0.8638008236885071,1.6478301286697388,1730892906_027147740.npy,0.0,True,8137,1.7837315797805786,1.1159487962722778,-0.13590145111083984,0.13590145111083984,0.07618940688797887,
out_vine_4swap+walk_st_ly_11_06_2024_2_label,outdoor_vine,stationary,87,118,3,0.8405925035476685,2.977705717086792,1730892906_027147740.npy,0.0,True,6117,1.8612549304962158,1.5466952323913574,1.1164507865905762,1.1164507865905762,0.5998376516283705,
out_vine_4swap+walk_st_ly_11_06_2024_2_label,outdoor_vine,stationary,88,119,0,0.9284898638725281,4.2801079750061035,1730892906_160253740.npy,0.0,True,6051,4.208329677581787,0.34994006156921387,0.0717782974243164,0.0717782974243164,0.01705624390757381,
out_vine_4swap+walk_st_ly_11_06_2024_2_label,outdoor_vine,stationary,88,119,1,0.9090489149093628,1.6211825609207153,1730892906_160253740.npy,0.0,True,12895,1.6613396406173706,0.059905946254730225,-0.04015707969665527,0.04015707969665527,0.024171505160577818,
out_vine_4swap+walk_st_ly_11_06_2024_2_label,outdoor_vine,stationary,88,119,2,0.8789144158363342,3.0875186920166016,1730892906_160253740.npy,0.0,True,5942,3.1463472843170166,0.23801875114440918,-0.05882859230041504,0.05882859230041504,0.018697424977098507,
out_vine_4swap+walk_st_ly_11_06_2024_2_label,outdoor_vine,stationary,88,119,3,0.7393107414245605,2.09761643409729,1730892906_160253740.npy,0.0,True,6164,1.7571649551391602,0.21064355969429016,0.3404514789581299,0.3404514789581299,0.19375043757981592,
out_vine_4swap+walk_st_ly_11_06_2024_2_label,outdoor_vine,stationary,89,120,0,0.9474512338638306,1.5693087577819824,1730892906_296002740.npy,0.0,True,18588,1.6121585369110107,0.17304494976997375,-0.04284977912902832,0.04284977912902832,0.02657913483566634,
out_vine_4swap+walk_st_ly_11_06_2024_2_label,outdoor_vine,stationary,89,120,1,0.9351574182510376,4.3230977058410645,1730892906_296002740.npy,0.0,True,6085,4.203246593475342,0.3353867530822754,0.11985111236572266,0.11985111236572266,0.028513937904991432,
out_vine_4swap+walk_st_ly_11_06_2024_2_label,outdoor_vine,stationary,89,120,2,0.8884508609771729,3.127635955810547,1730892906_296002740.npy,0.0,True,5872,3.1527352333068848,0.2556416392326355,-0.02509927749633789,0.02509927749633789,0.007961111745502146,
out_vine_4swap+walk_st_ly_11_06_2024_2_label,outdoor_vine,stationary,89,120,3,0.4464580714702606,1.7639999389648438,1730892906_296002740.npy,0.0,True,5051,1.6688544750213623,0.14587152004241943,0.09514546394348145,0.09514546394348145,0.05701243899188006,
out_vine_4swap+walk_st_ly_11_06_2024_2_label,outdoor_vine,stationary,90,122,0,0.9421932101249695,1.5485405921936035,1730892906_427559740.npy,0.0,True,23046,1.5548229217529297,0.14274883270263672,-0.006282329559326172,0.006282329559326172,0.004040543441592296,
out_vine_4swap+walk_st_ly_11_06_2024_2_label,outdoor_vine,stationary,90,122,1,0.9343159198760986,4.263613700866699,1730892906_427559740.npy,0.0,True,5573,4.2429609298706055,0.32501935958862305,0.02065277099609375,0.02065277099609375,0.00486753739604281,
out_vine_4swap+walk_st_ly_11_06_2024_2_label,outdoor_vine,stationary,90,122,2,0.8888165354728699,3.090357542037964,1730892906_427559740.npy,0.0,True,5904,3.162400722503662,0.26534050703048706,-0.07204318046569824,0.07204318046569824,0.022781167469713294,
out_vine_4swap+walk_st_ly_11_06_2024_2_label,outdoor_vine,stationary,91,123,0,0.9440761804580688,1.4926559925079346,1730892906_495497740.npy,0.0,True,24389,1.4961464405059814,0.1446208953857422,-0.003490447998046875,0.003490447998046875,0.0023329587957088217,
out_vine_4swap+walk_st_ly_11_06_2024_2_label,outdoor_vine,stationary,91,123,1,0.9320952892303467,4.353068828582764,1730892906_495497740.npy,0.0,True,5012,4.277976036071777,0.31856274604797363,0.07509279251098633,0.07509279251098633,0.017553345759257637,
out_vine_4swap+walk_st_ly_11_06_2024_2_label,outdoor_vine,stationary,91,123,2,0.891660213470459,3.0875773429870605,1730892906_495497740.npy,0.0,True,6050,3.1541061401367188,0.2696266174316406,-0.0665287971496582,0.0665287971496582,0.021092757882515148,
out_vine_4swap+walk_st_ly_11_06_2024_2_label,outdoor_vine,stationary,92,124,0,0.9369335770606995,1.4334694147109985,,0.06534600257873535,False,0,,,,,,no_matching_depth_map
out_vine_4swap+walk_st_ly_11_06_2024_2_label,outdoor_vine,stationary,92,124,1,0.9339244961738586,2.923602819442749,,0.06534600257873535,False,0,,,,,,no_matching_depth_map
out_vine_4swap+walk_st_ly_11_06_2024_2_label,outdoor_vine,stationary,92,124,2,0.8977689146995544,3.128861427307129,,0.06534600257873535,False,0,,,,,,no_matching_depth_map
out_vine_4swap+walk_st_ly_11_06_2024_2_label,outdoor_vine,stationary,93,125,0,0.9270128607749939,1.4397554397583008,1730892906_696264740.npy,0.0,True,20188,1.4090126752853394,0.08635959029197693,0.030742764472961426,0.030742764472961426,0.02181865714354607,
out_vine_4swap+walk_st_ly_11_06_2024_2_label,outdoor_vine,stationary,93,125,1,0.9169443845748901,1.7051924467086792,1730892906_696264740.npy,0.0,True,2684,1.6886792182922363,2.567056119441986,0.01651322841644287,0.01651322841644287,0.00977878346435904,
out_vine_4swap+walk_st_ly_11_06_2024_2_label,outdoor_vine,stationary,93,125,2,0.9012042880058289,3.094217538833618,1730892906_696264740.npy,0.0,True,5956,3.145500659942627,0.24675482511520386,-0.05128312110900879,0.05128312110900879,0.01630364341107599,
out_vine_4swap+walk_st_ly_11_06_2024_2_label,outdoor_vine,stationary,94,127,0,0.9052318334579468,1.4832881689071655,1730892906_832018740.npy,0.0,True,20572,1.4005026817321777,0.15441936254501343,0.08278548717498779,0.08278548717498779,0.05911126644370047,
out_vine_4swap+walk_st_ly_11_06_2024_2_label,outdoor_vine,stationary,94,127,1,0.9031981229782104,3.1068930625915527,1730892906_832018740.npy,0.0,True,5882,3.137230396270752,0.2429848313331604,-0.03033733367919922,0.03033733367919922,0.009670100645225617,
out_vine_4swap+walk_st_ly_11_06_2024_2_label,outdoor_vine,stationary,94,127,2,0.8404842615127563,6.381399631500244,1730892906_832018740.npy,0.0,True,4106,2.8448076248168945,1.3871142864227295,3.5365920066833496,3.5365920066833496,1.2431743980969474,
out_vine_4swap+walk_st_ly_11_06_2024_2_label,outdoor_vine,stationary,94,127,3,0.7152026891708374,1.6618738174438477,1730892906_832018740.npy,0.0,True,2382,1.7495595216751099,0.06694135069847107,-0.08768570423126221,0.08768570423126221,0.0501187316835656,
out_vine_4swap+walk_st_ly_11_06_2024_2_label,outdoor_vine,stationary,94,127,4,0.20203499495983124,1.4884761571884155,1730892906_832018740.npy,0.0,True,2821,1.7312102317810059,0.07871472835540771,-0.24273407459259033,0.24273407459259033,0.14021062845895635,
out_vine_4swap+walk_st_ly_11_06_2024_2_label,outdoor_vine,stationary,95,128,0,0.9312921762466431,1.485632300376892,1730892906_961703740.npy,0.0,True,22879,1.3792403936386108,0.13045728206634521,0.10639190673828125,0.10639190673828125,0.0771380444112472,
out_vine_4swap+walk_st_ly_11_06_2024_2_label,outdoor_vine,stationary,95,128,1,0.9046754837036133,3.1177000999450684,1730892906_961703740.npy,0.0,True,5930,3.1391782760620117,0.2334216833114624,-0.02147817611694336,0.02147817611694336,0.006841973990686178,
out_vine_4swap+walk_st_ly_11_06_2024_2_label,outdoor_vine,stationary,95,128,2,0.8652195334434509,2.9848999977111816,1730892906_961703740.npy,0.0,True,4733,2.8948934078216553,0.17830967903137207,0.09000658988952637,0.09000658988952637,0.0310915039725951,
out_vine_4swap+walk_st_ly_11_06_2024_2_label,outdoor_vine,stationary,96,129,0,0.9395840167999268,1.4680190086364746,1730892907_028230740.npy,0.0,True,24407,1.3798859119415283,0.1650000810623169,0.08813309669494629,0.08813309669494629,0.06386984310242082,
out_vine_4swap+walk_st_ly_11_06_2024_2_label,outdoor_vine,stationary,96,129,1,0.9039652943611145,3.101701021194458,1730892907_028230740.npy,0.0,True,5807,3.1369972229003906,0.23435938358306885,-0.03529620170593262,0.03529620170593262,0.01125158844523892,
out_vine_4swap+walk_st_ly_11_06_2024_2_label,outdoor_vine,stationary,96,129,2,0.8570243120193481,2.990800142288208,1730892907_028230740.npy,0.0,True,5633,2.9050827026367188,0.15518569946289062,0.08571743965148926,0.08571743965148926,0.0295060238986278,
out_vine_4swap+walk_st_ly_11_06_2024_2_label,outdoor_vine,stationary,97,130,0,0.9431706666946411,1.4578182697296143,1730892907_095230740.npy,0.0,True,25580,1.3842304944992065,0.1691361367702484,0.07358777523040771,0.07358777523040771,0.053161504187950036,
out_vine_4swap+walk_st_ly_11_06_2024_2_label,outdoor_vine,stationary,97,130,1,0.9041079878807068,3.1360368728637695,1730892907_095230740.npy,0.0,True,5911,3.1529541015625,0.24461638927459717,-0.01691722869873047,0.01691722869873047,0.005365516957683224,
out_vine_4swap+walk_st_ly_11_06_2024_2_label,outdoor_vine,stationary,97,130,2,0.8806811571121216,7.360235214233398,1730892907_095230740.npy,0.0,True,6840,2.93304705619812,0.2391948699951172,4.427188158035278,4.427188158035278,1.5094160009058624,
out_vine_4swap+walk_st_ly_11_06_2024_2_label,outdoor_vine,stationary,98,131,0,0.942333996295929,1.449304461479187,1730892907_162022740.npy,0.0,True,27058,1.3782851696014404,0.18037497997283936,0.07101929187774658,0.07101929187774658,0.051527284370536525,
out_vine_4swap+walk_st_ly_11_06_2024_2_label,outdoor_vine,stationary,98,131,1,0.904627799987793,3.106576681137085,1730892907_162022740.npy,0.0,True,6015,3.1133339405059814,0.2450045347213745,-0.006757259368896484,0.006757259368896484,0.0021704254982034756,
out_vine_4swap+walk_st_ly_11_06_2024_2_label,outdoor_vine,stationary,98,131,2,0.8567106127738953,10.27286148071289,1730892907_162022740.npy,0.0,True,8105,3.0065834522247314,0.1941366195678711,7.266278028488159,7.266278028488159,2.416789071033918,
out_vine_4swap+walk_st_ly_11_06_2024_2_label,outdoor_vine,stationary,99,132,0,0.9433060884475708,1.4639861583709717,1730892907_362062740.npy,0.0,True,25050,1.3445029258728027,0.20618659257888794,0.11948323249816895,0.11948323249816895,0.08886796019473497,
out_vine_4swap+walk_st_ly_11_06_2024_2_label,outdoor_vine,stationary,99,132,1,0.9151417016983032,3.0386698246002197,1730892907_362062740.npy,0.0,True,8540,3.0609869956970215,0.28520965576171875,-0.022317171096801758,0.022317171096801758,0.007290841525355741,
out_vine_4swap+walk_st_ly_11_06_2024_2_label,outdoor_vine,stationary,99,132,2,0.9011080861091614,3.0937447547912598,1730892907_362062740.npy,0.0,True,5997,3.1213653087615967,0.24448704719543457,-0.027620553970336914,0.027620553970336914,0.00884886940109403,
out_vine_4swap+walk_st_ly_11_06_2024_2_label,outdoor_vine,stationary,100,132,0,0.9433060884475708,1.4469040632247925,1730892907_362062740.npy,0.0,True,25050,1.3445029258728027,0.20618659257888794,0.10240113735198975,0.10240113735198975,0.07616282224563746,
out_vine_4swap+walk_st_ly_11_06_2024_2_label,outdoor_vine,stationary,100,132,1,0.9151417016983032,3.1029388904571533,1730892907_362062740.npy,0.0,True,8540,3.0609869956970215,0.28520965576171875,0.041951894760131836,0.041951894760131836,0.013705348901875655,
out_vine_4swap+walk_st_ly_11_06_2024_2_label,outdoor_vine,stationary,100,132,2,0.9011080861091614,3.079622268676758,1730892907_362062740.npy,0.0,True,5997,3.1213653087615967,0.24448704719543457,-0.04174304008483887,0.04174304008483887,0.013373327360199451,
out_vine_4swap+walk_st_ly_11_06_2024_2_label,outdoor_vine,stationary,101,133,0,0.9371394515037537,1.4863855838775635,1730892907_566328740.npy,0.0,True,23845,1.3468778133392334,0.3372914791107178,0.13950777053833008,0.13950777053833008,0.10357863880202825,
out_vine_4swap+walk_st_ly_11_06_2024_2_label,outdoor_vine,stationary,101,133,1,0.9071661233901978,3.1378748416900635,1730892907_566328740.npy,0.0,True,9115,3.108074426651001,0.2963629961013794,0.0298004150390625,0.0298004150390625,0.009588063523682383,
out_vine_4swap+walk_st_ly_11_06_2024_2_label,outdoor_vine,stationary,101,133,2,0.8652523756027222,2.899291753768921,1730892907_566328740.npy,0.0,True,4785,3.1608011722564697,0.2043468952178955,-0.26150941848754883,0.26150941848754883,0.08273516878660843,
out_vine_4swap+walk_st_ly_11_06_2024_2_label,outdoor_vine,stationary,101,133,3,0.7800784707069397,3.900548219680786,1730892907_566328740.npy,0.0,True,5526,4.102540016174316,0.4608314037322998,-0.20199179649353027,0.20199179649353027,0.0492357894614495,
out_vine_4swap+walk_st_ly_11_06_2024_2_label,outdoor_vine,stationary,102,134,0,0.945206344127655,1.5113707780838013,1730892907_634992740.npy,0.0,True,23483,1.3538495302200317,0.27691978216171265,0.15752124786376953,0.15752124786376953,0.11635063154925991,
out_vine_4swap+walk_st_ly_11_06_2024_2_label,outdoor_vine,stationary,102,134,1,0.9163314700126648,3.1612389087677,1730892907_634992740.npy,0.0,True,9339,3.1025807857513428,0.32668185234069824,0.05865812301635742,0.05865812301635742,0.01890623550746717,
out_vine_4swap+walk_st_ly_11_06_2024_2_label,outdoor_vine,stationary,102,134,2,0.8393980860710144,3.057932138442993,1730892907_634992740.npy,0.0,True,4671,3.181276798248291,0.19416141510009766,-0.12334465980529785,0.12334465980529785,0.038772061542464716,
out_vine_4swap+walk_st_ly_11_06_2024_2_label,outdoor_vine,stationary,102,134,3,0.833349347114563,3.8042242527008057,1730892907_634992740.npy,0.0,True,4721,4.262111663818359,0.36132287979125977,-0.4578874111175537,0.4578874111175537,0.10743205416334388,
out_vine_4swap+walk_st_ly_11_06_2024_2_label,outdoor_vine,stationary,103,135,0,0.9467006921768188,1.493214726448059,1730892907_701020740.npy,0.0,True,23299,1.3691179752349854,0.2722547650337219,0.12409675121307373,0.12409675121307373,0.09063992545403159,
out_vine_4swap+walk_st_ly_11_06_2024_2_label,outdoor_vine,stationary,103,135,1,0.9140565991401672,3.197437286376953,1730892907_701020740.npy,0.0,True,9283,3.1095123291015625,0.3546764850616455,0.08792495727539062,0.08792495727539062,0.028276124346737985,
out_vine_4swap+walk_st_ly_11_06_2024_2_label,outdoor_vine,stationary,103,135,2,0.8645961880683899,3.9203591346740723,1730892907_701020740.npy,0.0,True,4608,4.307944297790527,0.34101057052612305,-0.3875851631164551,0.3875851631164551,0.0899698641217903,
out_vine_4swap+walk_st_ly_11_06_2024_2_label,outdoor_vine,stationary,103,135,3,0.8260303139686584,2.605994462966919,1730892907_701020740.npy,0.0,True,3832,3.1904404163360596,0.17506074905395508,-0.5844459533691406,0.5844459533691406,0.1831866065815219,
out_vine_4swap+walk_st_ly_11_06_2024_2_label,outdoor_vine,stationary,104,137,0,0.9398009777069092,1.5371623039245605,1730892907_830359740.npy,0.0,True,21918,1.40781831741333,0.14364153146743774,0.12934398651123047,0.12934398651123047,0.09187548202163047,
out_vine_4swap+walk_st_ly_11_06_2024_2_label,outdoor_vine,stationary,104,137,1,0.9112996459007263,3.329188346862793,1730892907_830359740.npy,0.0,True,8949,3.0936145782470703,0.22974181175231934,0.23557376861572266,0.23557376861572266,0.07614838974194563,
out_vine_4swap+walk_st_ly_11_06_2024_2_label,outdoor_vine,stationary,104,137,2,0.8806414008140564,3.910168409347534,1730892907_830359740.npy,0.0,True,3989,4.284494400024414,0.3461494445800781,-0.3743259906768799,0.3743259906768799,0.08736759947095435,
out_vine_4swap+walk_st_ly_11_06_2024_2_label,outdoor_vine,stationary,104,137,3,0.8209014534950256,2.569842576980591,1730892907_830359740.npy,0.0,True,3350,3.1160428524017334,0.238602876663208,-0.5462002754211426,0.5462002754211426,0.17528650961913156,
out_vine_4swap+walk_st_ly_11_06_2024_2_label,outdoor_vine,stationary,105,138,0,0.9366125464439392,1.5679574012756348,1730892907_896193740.npy,0.0,True,21527,1.444319248199463,0.12482070922851562,0.12363815307617188,0.12363815307617188,0.08560306402500927,
out_vine_4swap+walk_st_ly_11_06_2024_2_label,outdoor_vine,stationary,105,138,1,0.9104443192481995,3.4150757789611816,1730892907_896193740.npy,0.0,True,9107,3.113610029220581,0.222184419631958,0.3014657497406006,0.3014657497406006,0.09682193560253448,
out_vine_4swap+walk_st_ly_11_06_2024_2_label,outdoor_vine,stationary,105,138,2,0.8700957298278809,3.8535501956939697,1730892907_896193740.npy,0.0,True,3636,4.221859455108643,0.5194390416145325,-0.36830925941467285,0.36830925941467285,0.08723863580276266,
out_vine_4swap+walk_st_ly_11_06_2024_2_label,outdoor_vine,stationary,105,138,3,0.8289826512336731,2.558180332183838,1730892907_896193740.npy,0.0,True,2749,3.107205629348755,1.6110695600509644,-0.549025297164917,0.549025297164917,0.17669422711492327,
out_vine_4swap+walk_st_ly_11_06_2024_2_label,outdoor_vine,stationary,106,140,0,0.9461371302604675,1.5944316387176514,1730892908_029810740.npy,0.0,True,22914,1.5144140720367432,0.13461312651634216,0.0800175666809082,0.0800175666809082,0.05283731058659021,
out_vine_4swap+walk_st_ly_11_06_2024_2_label,outdoor_vine,stationary,106,140,1,0.9078324437141418,3.4141311645507812,1730892908_029810740.npy,0.0,True,8574,3.093284845352173,0.23476016521453857,0.3208463191986084,0.3208463191986084,0.10372349629575733,
out_vine_4swap+walk_st_ly_11_06_2024_2_label,outdoor_vine,stationary,106,140,2,0.8074946403503418,3.870838165283203,1730892908_029810740.npy,0.0,True,2614,4.257249355316162,0.38827741146087646,-0.386411190032959,0.386411190032959,0.09076545858194449,
out_vine_4swap+walk_st_ly_11_06_2024_2_label,outdoor_vine,stationary,106,140,3,0.7912825345993042,3.3653929233551025,1730892908_029810740.npy,0.0,True,996,3.0853066444396973,1.5945880115032196,0.2800862789154053,0.2800862789154053,0.09078069417189809,
out_vine_4swap+walk_st_ly_11_06_2024_2_label,outdoor_vine,stationary,107,141,0,0.948817789554596,1.64043390750885,1730892908_096682740.npy,0.0,True,23503,1.5520304441452026,0.11843216419219971,0.08840346336364746,0.08840346336364746,0.0569598771062359,
out_vine_4swap+walk_st_ly_11_06_2024_2_label,outdoor_vine,stationary,107,141,1,0.9036657214164734,3.2789418697357178,1730892908_096682740.npy,0.0,True,8684,3.1054327487945557,0.21925491094589233,0.1735091209411621,0.1735091209411621,0.05587276717182609,
out_vine_4swap+walk_st_ly_11_06_2024_2_label,outdoor_vine,stationary,107,141,2,0.7289432883262634,3.1794400215148926,1730892908_096682740.npy,0.0,True,2608,4.2070465087890625,1.0943959951400757,-1.02760648727417,1.02760648727417,0.24425840910657096,
out_vine_4swap+walk_st_ly_11_06_2024_2_label,outdoor_vine,stationary,107,141,3,0.7128907442092896,2.7282445430755615,1730892908_096682740.npy,0.0,True,553,1.5651023387908936,0.1154322624206543,1.163142204284668,1.163142204284668,0.7431732580396266,
out_vine_4swap+walk_st_ly_11_06_2024_2_label,outdoor_vine,stationary,108,143,0,0.9457039833068848,1.6912482976913452,1730892908_230018740.npy,0.0,True,22945,1.6259567737579346,0.08808767795562744,0.06529152393341064,0.06529152393341064,0.04015575628281184,
out_vine_4swap+walk_st_ly_11_06_2024_2_label,outdoor_vine,stationary,108,143,1,0.9332419633865356,3.401230812072754,1730892908_230018740.npy,0.0,True,9129,3.0935544967651367,0.23613238334655762,0.3076763153076172,0.3076763153076172,0.09945721519674137,
out_vine_4swap+walk_st_ly_11_06_2024_2_label,outdoor_vine,stationary,108,143,2,0.2524203956127167,3.934192419052124,1730892908_230018740.npy,0.0,True,2176,4.271302223205566,0.9820842146873474,-0.3371098041534424,0.3371098041534424,0.07892436229915033,
out_vine_4swap+walk_st_ly_11_06_2024_2_label,outdoor_vine,stationary,109,144,0,0.9482142925262451,1.713568091392517,1730892908_297187740.npy,0.0,True,22297,1.6353055238723755,0.0898904800415039,0.0782625675201416,0.0782625675201416,0.04785807078717449,
out_vine_4swap+walk_st_ly_11_06_2024_2_label,outdoor_vine,stationary,109,144,1,0.930791974067688,3.4000463485717773,1730892908_297187740.npy,0.0,True,9054,3.077018976211548,0.22046947479248047,0.3230273723602295,0.3230273723602295,0.10498062405775072,
out_vine_4swap+walk_st_ly_11_06_2024_2_label,outdoor_vine,stationary,109,144,2,0.18644964694976807,3.989839792251587,1730892908_297187740.npy,0.0,True,2051,4.301285743713379,1.0031474828720093,-0.311445951461792,0.311445951461792,0.07240764041705236,
out_vine_4swap+walk_st_ly_11_06_2024_2_label,outdoor_vine,stationary,110,146,0,0.9567638635635376,1.7589051723480225,1730892908_432270740.npy,0.0,True,21356,1.6605358123779297,0.07339373230934143,0.09836935997009277,0.09836935997009277,0.059239529335549435,
out_vine_4swap+walk_st_ly_11_06_2024_2_label,outdoor_vine,stationary,110,146,1,0.9298378825187683,3.3513131141662598,1730892908_432270740.npy,0.0,True,9086,3.088374614715576,0.20941227674484253,0.2629384994506836,0.2629384994506836,0.08513814943233462,
out_vine_4swap+walk_st_ly_11_06_2024_2_label,outdoor_vine,stationary,110,146,2,0.41867440938949585,4.051499843597412,1730892908_432270740.npy,0.0,True,2499,4.296648979187012,0.6269310712814331,-0.2451491355895996,0.2451491355895996,0.05705589094596817,
out_vine_4swap+walk_st_ly_11_06_2024_2_label,outdoor_vine,stationary,111,147,0,0.9520396590232849,1.7995511293411255,1730892908_497177740.npy,0.0,True,21133,1.6937870979309082,0.08129096031188965,0.10576403141021729,0.10576403141021729,0.062442340917235835,
out_vine_4swap+walk_st_ly_11_06_2024_2_label,outdoor_vine,stationary,111,147,1,0.9250997304916382,3.294436454772949,1730892908_497177740.npy,0.0,True,9159,3.1010141372680664,0.2366117238998413,0.1934223175048828,0.1934223175048828,0.06237389090888961,
out_vine_4swap+walk_st_ly_11_06_2024_2_label,outdoor_vine,stationary,111,147,2,0.6658450961112976,4.0968337059021,1730892908_497177740.npy,0.0,True,2503,4.313238143920898,0.5379467010498047,-0.21640443801879883,0.21640443801879883,0.050172151594226354,
out_vine_4swap+walk_st_ly_11_06_2024_2_label,outdoor_vine,stationary,112,148,0,0.9516419768333435,1.8003861904144287,,0.06923079490661621,False,0,,,,,,no_matching_depth_map
out_vine_4swap+walk_st_ly_11_06_2024_2_label,outdoor_vine,stationary,112,148,1,0.9193531274795532,3.371533155441284,,0.06923079490661621,False,0,,,,,,no_matching_depth_map
out_vine_4swap+walk_st_ly_11_06_2024_2_label,outdoor_vine,stationary,112,148,2,0.818891704082489,3.936898946762085,,0.06923079490661621,False,0,,,,,,no_matching_depth_map
out_vine_4swap+walk_st_ly_11_06_2024_2_label,outdoor_vine,stationary,113,149,0,0.9416565299034119,1.8114371299743652,1730892908_697651740.npy,0.0,True,18842,1.7161858081817627,0.10343918204307556,0.09525132179260254,0.09525132179260254,0.05550175356217279,
out_vine_4swap+walk_st_ly_11_06_2024_2_label,outdoor_vine,stationary,113,149,1,0.9216099381446838,3.4026904106140137,1730892908_697651740.npy,0.0,True,8374,3.162205219268799,0.23915952444076538,0.24048519134521484,0.24048519134521484,0.07604983695549733,
out_vine_4swap+walk_st_ly_11_06_2024_2_label,outdoor_vine,stationary,113,149,2,0.8124796748161316,3.9827518463134766,1730892908_697651740.npy,0.0,True,3421,4.3626484870910645,0.3907766342163086,-0.3798966407775879,0.3798966407775879,0.08707936059980302,
out_vine_4swap+walk_st_ly_11_06_2024_2_label,outdoor_vine,stationary,114,151,0,0.9330689311027527,1.8100324869155884,1730892908_832162740.npy,0.0,True,21369,1.7719714641571045,0.12170553207397461,0.03806102275848389,0.03806102275848389,0.021479478382338872,
out_vine_4swap+walk_st_ly_11_06_2024_2_label,outdoor_vine,stationary,114,151,1,0.9265040755271912,3.452533483505249,1730892908_832162740.npy,0.0,True,8100,3.1748228073120117,0.23904746770858765,0.2777106761932373,0.2777106761932373,0.08747281125536678,
out_vine_4swap+walk_st_ly_11_06_2024_2_label,outdoor_vine,stationary,114,151,2,0.8589298725128174,4.087611675262451,1730892908_832162740.npy,0.0,True,3581,4.391530513763428,0.33507537841796875,-0.30391883850097656,0.30391883850097656,0.06920567614148854,
out_vine_4swap+walk_st_ly_11_06_2024_2_label,outdoor_vine,stationary,115,152,0,0.9403480291366577,1.8119657039642334,1730892908_897816740.npy,0.0,True,22912,1.7790584564208984,0.12316790223121643,0.03290724754333496,0.03290724754333496,0.018497001840815062,
out_vine_4swap+walk_st_ly_11_06_2024_2_label,outdoor_vine,stationary,115,152,1,0.9264459609985352,3.481638193130493,1730892908_897816740.npy,0.0,True,8002,3.174795150756836,0.24652934074401855,0.3068430423736572,0.3068430423736572,0.09664971369901118,
out_vine_4swap+walk_st_ly_11_06_2024_2_label,outdoor_vine,stationary,115,152,2,0.877201497554779,4.030660629272461,1730892908_897816740.npy,0.0,True,3860,4.39517879486084,0.3396826982498169,-0.3645181655883789,0.3645181655883789,0.0829359128722135,
out_vine_4swap+walk_st_ly_11_06_2024_2_label,outdoor_vine,stationary,116,153,0,0.939928412437439,1.8276150226593018,1730892908_967694740.npy,0.0,True,24656,1.779813289642334,0.11407184600830078,0.04780173301696777,0.04780173301696777,0.026857723388824604,
out_vine_4swap+walk_st_ly_11_06_2024_2_label,outdoor_vine,stationary,116,153,1,0.927300214767456,3.3512332439422607,1730892908_967694740.npy,0.0,True,7890,3.177385091781616,0.25150591135025024,0.17384815216064453,0.17384815216064453,0.054714221644177476,
out_vine_4swap+walk_st_ly_11_06_2024_2_label,outdoor_vine,stationary,116,153,2,0.8844832181930542,4.032669544219971,1730892908_967694740.npy,0.0,True,3963,4.4513468742370605,0.30275845527648926,-0.41867733001708984,0.41867733001708984,0.09405632538777359,
out_vine_4swap+walk_st_ly_11_06_2024_2_label,outdoor_vine,stationary,117,155,0,0.93571537733078,1.8528352975845337,1730892909_098971740.npy,0.0,True,23628,1.7945404052734375,0.1398082971572876,0.05829489231109619,0.05829489231109619,0.03248458053092078,
out_vine_4swap+walk_st_ly_11_06_2024_2_label,outdoor_vine,stationary,117,155,1,0.9213694334030151,3.5361874103546143,1730892909_098971740.npy,0.0,True,7601,3.2001452445983887,0.26076841354370117,0.3360421657562256,0.3360421657562256,0.10500841057868864,
out_vine_4swap+walk_st_ly_11_06_2024_2_label,outdoor_vine,stationary,117,155,2,0.8909965753555298,4.115701198577881,1730892909_098971740.npy,0.0,True,4073,4.528995513916016,0.3088679313659668,-0.41329431533813477,0.41329431533813477,0.09125518320082814,
out_vine_4swap+walk_st_ly_11_06_2024_2_label,outdoor_vine,stationary,118,157,0,0.9361873865127563,1.8792617321014404,1730892909_232261740.npy,0.0,True,22060,1.8427674770355225,0.146925151348114,0.03649425506591797,0.03649425506591797,0.01980404772751179,
out_vine_4swap+walk_st_ly_11_06_2024_2_label,outdoor_vine,stationary,118,157,1,0.9181817173957825,3.278477430343628,1730892909_232261740.npy,0.0,True,7806,3.2340235710144043,0.22014737129211426,0.04445385932922363,0.04445385932922363,0.013745681920085682,
out_vine_4swap+walk_st_ly_11_06_2024_2_label,outdoor_vine,stationary,118,157,2,0.8945684432983398,3.302913188934326,1730892909_232261740.npy,0.0,True,3981,4.586233615875244,0.2815532684326172,-1.283320426940918,1.283320426940918,0.2798201169907057,
out_vine_4swap+walk_st_ly_11_06_2024_2_label,outdoor_vine,stationary,119,158,0,0.9412859678268433,1.9284723997116089,1730892909_300911740.npy,0.0,True,21263,1.882391333580017,0.21682524681091309,0.0460810661315918,0.0460810661315918,0.024480067087831698,
out_vine_4swap+walk_st_ly_11_06_2024_2_label,outdoor_vine,stationary,119,158,1,0.913769006729126,3.539616823196411,1730892909_300911740.npy,0.0,True,7771,3.2275547981262207,0.2202070951461792,0.31206202507019043,0.31206202507019043,0.09668682472916035,
out_vine_4swap+walk_st_ly_11_06_2024_2_label,outdoor_vine,stationary,119,158,2,0.91120845079422,3.434000015258789,1730892909_300911740.npy,0.0,True,4317,3.1578500270843506,0.20009565353393555,0.2761499881744385,0.2761499881744385,0.08744873436228646,
out_vine_4swap+walk_st_ly_11_06_2024_2_label,outdoor_vine,stationary,119,158,3,0.8836632370948792,3.3215999603271484,1730892909_300911740.npy,0.0,True,3513,4.612181186676025,0.2833986282348633,-1.290581226348877,1.290581226348877,0.2798201488868637,
out_vine_4swap+walk_st_ly_11_06_2024_2_label,outdoor_vine,stationary,120,159,0,0.9285854697227478,1.956496238708496,1730892909_365613740.npy,0.0,True,19756,1.8903496265411377,0.15058612823486328,0.0661466121673584,0.0661466121673584,0.03499173445940262,
out_vine_4swap+walk_st_ly_11_06_2024_2_label,outdoor_vine,stationary,120,159,1,0.9123691916465759,3.5594334602355957,1730892909_365613740.npy,0.0,True,7745,3.2088398933410645,0.22492074966430664,0.35059356689453125,0.35059356689453125,0.10925866623077009,
out_vine_4swap+walk_st_ly_11_06_2024_2_label,outdoor_vine,stationary,120,159,2,0.8960028290748596,3.369114637374878,1730892909_365613740.npy,0.0,True,4570,3.190974235534668,0.17025065422058105,0.17814040184020996,0.17814040184020996,0.05582633662673914,
out_vine_4swap+walk_st_ly_11_06_2024_2_label,outdoor_vine,stationary,120,159,3,0.8374835848808289,3.3197824954986572,1730892909_365613740.npy,0.0,True,2450,4.284627437591553,1.0746011137962341,-0.9648449420928955,0.9648449420928955,0.2251875935881249,
out_vine_4swap+walk_st_ly_11_06_2024_2_label,outdoor_vine,stationary,121,161,0,0.9126107096672058,3.5794076919555664,1730892909_499201740.npy,0.0,True,7674,3.210893392562866,0.23083281517028809,0.3685142993927002,0.3685142993927002,0.11477002015895645,
out_vine_4swap+walk_st_ly_11_06_2024_2_label,outdoor_vine,stationary,121,161,1,0.8975457549095154,1.9499485492706299,1730892909_499201740.npy,0.0,True,16007,1.8834837675094604,0.08078783750534058,0.06646478176116943,0.06646478176116943,0.035288215862383635,
out_vine_4swap+walk_st_ly_11_06_2024_2_label,outdoor_vine,stationary,121,161,2,0.8848884701728821,3.196920156478882,1730892909_499201740.npy,0.0,True,4615,3.188824415206909,0.16906702518463135,0.008095741271972656,0.008095741271972656,0.0025387855265299572,
out_vine_4swap+walk_st_ly_11_06_2024_2_label,outdoor_vine,stationary,121,161,3,0.41425952315330505,3.7211878299713135,1730892909_499201740.npy,0.0,True,2439,1.9396770000457764,0.10735797882080078,1.781510829925537,1.781510829925537,0.9184574699207618,
out_vine_4swap+walk_st_ly_11_06_2024_2_label,outdoor_vine,stationary,122,162,0,0.9235737323760986,1.965691328048706,1730892909_566300740.npy,0.0,True,16458,1.8997416496276855,0.11321291327476501,0.06594967842102051,0.06594967842102051,0.034715077407470346,
out_vine_4swap+walk_st_ly_11_06_2024_2_label,outdoor_vine,stationary,122,162,1,0.9161602854728699,3.5713067054748535,1730892909_566300740.npy,0.0,True,7664,3.2265684604644775,0.24446475505828857,0.344738245010376,0.344738245010376,0.10684361706081684,
out_vine_4swap+walk_st_ly_11_06_2024_2_label,outdoor_vine,stationary,122,162,2,0.8839600682258606,3.1939690113067627,1730892909_566300740.npy,0.0,True,4691,3.1911118030548096,0.16486597061157227,0.002857208251953125,0.002857208251953125,0.0008953645087639853,
out_vine_4swap+walk_st_ly_11_06_2024_2_label,outdoor_vine,stationary,122,162,3,0.26418009400367737,3.3400001525878906,1730892909_566300740.npy,0.0,True,3165,1.9339275360107422,0.13239824771881104,1.4060726165771484,1.4060726165771484,0.727055481860277,
out_vine_4swap+walk_st_ly_11_06_2024_2_label,outdoor_vine,stationary,123,163,0,0.9179640412330627,3.6158807277679443,1730892909_633220740.npy,0.0,True,7586,3.2364234924316406,0.2586934566497803,0.3794572353363037,0.3794572353363037,0.1172458537097084,
out_vine_4swap+walk_st_ly_11_06_2024_2_label,outdoor_vine,stationary,123,163,1,0.913686215877533,2.033205270767212,1730892909_633220740.npy,0.0,True,16093,1.9114822149276733,0.1327674388885498,0.12172305583953857,0.12172305583953857,0.06367993114921257,
out_vine_4swap+walk_st_ly_11_06_2024_2_label,outdoor_vine,stationary,123,163,2,0.8886269330978394,3.1965620517730713,1730892909_633220740.npy,0.0,True,4684,3.1928765773773193,0.1611480712890625,0.003685474395751953,0.003685474395751953,0.0011542802568269839,
out_vine_4swap+walk_st_ly_11_06_2024_2_label,outdoor_vine,stationary,124,165,0,0.9336925148963928,2.0692946910858154,1730892909_834173740.npy,0.0,True,16058,1.973004937171936,0.21763145923614502,0.0962897539138794,0.0962897539138794,0.048803605150577634,
out_vine_4swap+walk_st_ly_11_06_2024_2_label,outdoor_vine,stationary,124,165,1,0.8903651237487793,3.697866439819336,1730892909_834173740.npy,0.0,True,6935,3.4340529441833496,0.28836309909820557,0.26381349563598633,0.26381349563598633,0.07682278052318255,
out_vine_4swap+walk_st_ly_11_06_2024_2_label,outdoor_vine,stationary,124,165,2,0.8764767050743103,3.164443254470825,1730892909_834173740.npy,0.0,True,5032,3.1897101402282715,0.16284143924713135,-0.02526688575744629,0.02526688575744629,0.007921373619120785,
out_vine_4swap+walk_st_ly_11_06_2024_2_label,outdoor_vine,stationary,125,166,0,0.9239934682846069,2.1201696395874023,1730892909_899567740.npy,0.0,True,15508,2.0037598609924316,0.17093446850776672,0.1164097785949707,0.1164097785949707,0.05809567346923235,
out_vine_4swap+walk_st_ly_11_06_2024_2_label,outdoor_vine,stationary,125,166,1,0.9017127752304077,3.762009382247925,1730892909_899567740.npy,0.0,True,6779,3.4626598358154297,0.23228240013122559,0.2993495464324951,0.2993495464324951,0.08645075191510997,
out_vine_4swap+walk_st_ly_11_06_2024_2_label,outdoor_vine,stationary,125,166,2,0.8809342980384827,3.178215503692627,1730892909_899567740.npy,0.0,True,4960,3.192396640777588,0.15429294109344482,-0.014181137084960938,0.014181137084960938,0.004442160132553819,
out_vine_4swap+walk_st_ly_11_06_2024_2_label,outdoor_vine,stationary,126,167,0,0.9270679950714111,2.1835649013519287,1730892909_966325740.npy,0.0,True,15341,2.039482831954956,0.1298205852508545,0.14408206939697266,0.14408206939697266,0.07064637521800667,
out_vine_4swap+walk_st_ly_11_06_2024_2_label,outdoor_vine,stationary,126,167,1,0.8829618096351624,3.142669677734375,1730892909_966325740.npy,0.0,True,5115,3.183807611465454,0.15469539165496826,-0.0411379337310791,0.0411379337310791,0.01292098604919912,
out_vine_4swap+walk_st_ly_11_06_2024_2_label,outdoor_vine,stationary,126,167,2,0.8670144081115723,3.7761075496673584,1730892909_966325740.npy,0.0,True,5599,3.448787212371826,0.23986685276031494,0.3273203372955322,0.3273203372955322,0.0949088236355484,
out_vine_4swap+walk_st_ly_11_06_2024_2_label,outdoor_vine,stationary,127,169,0,0.8827614188194275,2.2050540447235107,1730892910_099851740.npy,0.0,True,14137,2.096240758895874,0.0654304027557373,0.10881328582763672,0.10881328582763672,0.051908773057609346,
out_vine_4swap+walk_st_ly_11_06_2024_2_label,outdoor_vine,stationary,127,169,1,0.8738681077957153,3.1371240615844727,1730892910_099851740.npy,0.0,True,5186,3.185713291168213,0.15107488632202148,-0.048589229583740234,0.048589229583740234,0.015252229294596182,
out_vine_4swap+walk_st_ly_11_06_2024_2_label,outdoor_vine,stationary,127,169,2,0.8487678170204163,4.985556602478027,1730892910_099851740.npy,0.0,True,2247,4.835463523864746,0.4631824493408203,0.15009307861328125,0.15009307861328125,0.031040060145737444,
out_vine_4swap+walk_st_ly_11_06_2024_2_label,outdoor_vine,stationary,127,169,3,0.8425398468971252,3.8320651054382324,1730892910_099851740.npy,0.0,True,5302,2.1104588508605957,1.4338979125022888,1.7216062545776367,1.7216062545776367,0.815749737966038,
out_vine_4swap+walk_st_ly_11_06_2024_2_label,outdoor_vine,stationary,128,170,0,0.8877689838409424,3.1557066440582275,1730892910_166579740.npy,0.0,True,5108,3.1830291748046875,0.16338413953781128,-0.02732253074645996,0.02732253074645996,0.008583814111014703,
out_vine_4swap+walk_st_ly_11_06_2024_2_label,outdoor_vine,stationary,128,170,1,0.8706546425819397,2.251556634902954,1730892910_166579740.npy,0.0,True,14024,2.134115695953369,0.08099895715713501,0.11744093894958496,0.11744093894958496,0.05503025874945398,
out_vine_4swap+walk_st_ly_11_06_2024_2_label,outdoor_vine,stationary,128,170,2,0.8646431565284729,4.9793548583984375,1730892910_166579740.npy,0.0,True,2615,4.740583896636963,0.4346029758453369,0.2387709617614746,0.2387709617614746,0.05036741611742429,
out_vine_4swap+walk_st_ly_11_06_2024_2_label,outdoor_vine,stationary,128,170,3,0.8421455025672913,3.1744191646575928,1730892910_166579740.npy,0.0,True,5116,2.1757419109344482,1.36281818151474,0.9986772537231445,0.9986772537231445,0.459005385107569,
out_vine_4swap+walk_st_ly_11_06_2024_2_label,outdoor_vine,stationary,129,172,0,0.9075379967689514,2.2696683406829834,1730892910_301861740.npy,0.0,True,16001,2.197937250137329,0.10214114189147949,0.0717310905456543,0.0717310905456543,0.032635640776902286,
out_vine_4swap+walk_st_ly_11_06_2024_2_label,outdoor_vine,stationary,129,172,1,0.9023653268814087,4.996457576751709,1730892910_301861740.npy,0.0,True,3355,4.75650691986084,0.31307530403137207,0.23995065689086914,0.23995065689086914,0.05044682178195787,
out_vine_4swap+walk_st_ly_11_06_2024_2_label,outdoor_vine,stationary,129,172,2,0.8984925746917725,3.1443827152252197,1730892910_301861740.npy,0.0,True,5104,3.2190961837768555,0.21666377782821655,-0.07471346855163574,0.07471346855163574,0.023209455165759285,
out_vine_4swap+walk_st_ly_11_06_2024_2_label,outdoor_vine,stationary,129,172,3,0.379257470369339,3.9579999446868896,1730892910_301861740.npy,0.0,True,4398,2.2092249393463135,0.11650508642196655,1.7487750053405762,1.7487750053405762,0.7915785188709759,
out_vine_4swap+walk_st_ly_11_06_2024_2_label,outdoor_vine,stationary,130,173,0,0.913902997970581,2.2858023643493652,1730892910_366872740.npy,0.0,True,16298,2.2214841842651367,0.1118592619895935,0.06431818008422852,0.06431818008422852,0.028952796756239282,
out_vine_4swap+walk_st_ly_11_06_2024_2_label,outdoor_vine,stationary,130,173,1,0.906929612159729,4.964990615844727,1730892910_366872740.npy,0.0,True,3763,4.774381637573242,0.3107175827026367,0.19060897827148438,0.19060897827148438,0.03992328069700949,
out_vine_4swap+walk_st_ly_11_06_2024_2_label,outdoor_vine,stationary,130,173,2,0.8856902718544006,3.1402835845947266,1730892910_366872740.npy,0.0,True,5077,3.2190589904785156,0.2334132194519043,-0.07877540588378906,0.07877540588378906,0.024471563309897294,
out_vine_4swap+walk_st_ly_11_06_2024_2_label,outdoor_vine,stationary,130,173,3,0.5540199875831604,3.9675002098083496,1730892910_366872740.npy,0.0,True,4498,2.222781181335449,0.0810164213180542,1.7447190284729004,1.7447190284729004,0.7849261290869267,
out_vine_4swap+walk_st_ly_11_06_2024_2_label,outdoor_vine,stationary,131,175,0,0.9352636337280273,2.3061704635620117,1730892910_500585740.npy,0.0,True,17793,2.249976396560669,0.10399246215820312,0.05619406700134277,0.05619406700134277,0.024975402891888755,
out_vine_4swap+walk_st_ly_11_06_2024_2_label,outdoor_vine,stationary,131,175,1,0.8929611444473267,4.948314666748047,1730892910_500585740.npy,0.0,True,4135,4.780653953552246,0.27741098403930664,0.16766071319580078,0.16766071319580078,0.03507066498114157,
out_vine_4swap+walk_st_ly_11_06_2024_2_label,outdoor_vine,stationary,131,175,2,0.8574838638305664,3.188465118408203,1730892910_500585740.npy,0.0,True,4227,3.215555191040039,0.3302028179168701,-0.027090072631835938,0.027090072631835938,0.008424695277294844,
out_vine_4swap+walk_st_ly_11_06_2024_2_label,outdoor_vine,stationary,132,176,0,0.9370871186256409,2.338364601135254,1730892910_567995740.npy,0.0,True,17815,2.2593750953674316,0.11319756507873535,0.07898950576782227,0.07898950576782227,0.03496077562764167,
out_vine_4swap+walk_st_ly_11_06_2024_2_label,outdoor_vine,stationary,132,176,1,0.9210660457611084,4.982879638671875,1730892910_567995740.npy,0.0,True,4602,4.783244609832764,0.28683364391326904,0.19963502883911133,0.19963502883911133,0.04173632024352841,
out_vine_4swap+walk_st_ly_11_06_2024_2_label,outdoor_vine,stationary,132,176,2,0.873775839805603,3.128507614135742,1730892910_567995740.npy,0.0,True,3822,3.1736857891082764,0.2933260202407837,-0.04517817497253418,0.04517817497253418,0.014235238764839439,
out_vine_4swap+walk_st_ly_11_06_2024_2_label,outdoor_vine,stationary,133,178,0,0.9391258358955383,2.361473560333252,1730892910_701011740.npy,0.0,True,17809,2.275300979614258,0.12700462341308594,0.08617258071899414,0.08617258071899414,0.03787304690283365,
out_vine_4swap+walk_st_ly_11_06_2024_2_label,outdoor_vine,stationary,133,178,1,0.9273516535758972,4.945653915405273,1730892910_701011740.npy,0.0,True,4559,4.773525714874268,0.2657599449157715,0.17212820053100586,0.17212820053100586,0.036058923909146605,
out_vine_4swap+walk_st_ly_11_06_2024_2_label,outdoor_vine,stationary,133,178,2,0.8978940844535828,3.2196176052093506,1730892910_701011740.npy,0.0,True,3436,3.1552555561065674,0.38651758432388306,0.0643620491027832,0.0643620491027832,0.020398363288900396,
out_vine_4swap+walk_st_ly_11_06_2024_2_label,outdoor_vine,stationary,134,179,0,0.9348756074905396,2.401228189468384,1730892910_767524740.npy,0.0,True,16771,2.2881948947906494,0.14238357543945312,0.11303329467773438,0.11303329467773438,0.0493984559335694,
out_vine_4swap+walk_st_ly_11_06_2024_2_label,outdoor_vine,stationary,134,179,1,0.9285308718681335,4.931471347808838,1730892910_767524740.npy,0.0,True,4524,4.779911041259766,0.22979998588562012,0.15156030654907227,0.15156030654907227,0.03170776720336785,
out_vine_4swap+walk_st_ly_11_06_2024_2_label,outdoor_vine,stationary,134,179,2,0.8962190747261047,2.829469680786133,1730892910_767524740.npy,0.0,True,3362,3.15786075592041,0.32389479875564575,-0.32839107513427734,0.32839107513427734,0.10399162614076769,
out_vine_4swap+walk_st_ly_11_06_2024_2_label,outdoor_vine,stationary,135,181,0,0.9290928840637207,4.927855014801025,1730892910_901173740.npy,0.0,True,4535,4.78603982925415,0.23052453994750977,0.141815185546875,0.141815185546875,0.02963100822522308,
out_vine_4swap+walk_st_ly_11_06_2024_2_label,outdoor_vine,stationary,135,181,1,0.9219560623168945,2.416417360305786,1730892910_901173740.npy,0.0,True,14965,2.308570384979248,0.19768285751342773,0.10784697532653809,0.10784697532653809,0.04671591389556335,
out_vine_4swap+walk_st_ly_11_06_2024_2_label,outdoor_vine,stationary,135,181,2,0.8986740112304688,2.813809633255005,1730892910_901173740.npy,0.0,True,3402,3.122885227203369,0.4484708309173584,-0.30907559394836426,0.30907559394836426,0.09897116655329344,
out_vine_4swap+walk_st_ly_11_06_2024_2_label,outdoor_vine,stationary,135,181,3,0.8118239641189575,2.7130000591278076,1730892910_901173740.npy,0.0,True,1860,3.445167064666748,0.17314451932907104,-0.7321670055389404,0.7321670055389404,0.21252002930364805,
out_vine_4swap+walk_st_ly_11_06_2024_2_label,outdoor_vine,stationary,136,182,0,0.9216212630271912,4.903402805328369,1730892910_969374740.npy,0.0,True,4457,4.766745090484619,0.22404146194458008,0.13665771484375,0.13665771484375,0.02866897898873306,
out_vine_4swap+walk_st_ly_11_06_2024_2_label,outdoor_vine,stationary,136,182,1,0.9208716750144958,2.4293107986450195,1730892910_969374740.npy,0.0,True,14064,2.300917148590088,0.16245388984680176,0.12839365005493164,0.12839365005493164,0.055801074859912383,
out_vine_4swap+walk_st_ly_11_06_2024_2_label,outdoor_vine,stationary,136,182,2,0.8968313336372375,2.8157501220703125,1730892910_969374740.npy,0.0,True,3433,3.063060760498047,0.4457247257232666,-0.24731063842773438,0.24731063842773438,0.08073971029798384,
out_vine_4swap+walk_st_ly_11_06_2024_2_label,outdoor_vine,stationary,136,182,3,0.8636277318000793,3.525238275527954,1730892910_969374740.npy,0.0,True,2955,3.465857744216919,0.16820621490478516,0.059380531311035156,0.059380531311035156,0.017132997281875364,
out_vine_4swap+walk_st_ly_11_06_2024_2_label,outdoor_vine,stationary,137,184,0,0.9232785701751709,2.4235639572143555,1730892911_101417740.npy,0.0,True,12643,2.292672872543335,0.10223853588104248,0.1308910846710205,0.1308910846710205,0.05709104261604442,
out_vine_4swap+walk_st_ly_11_06_2024_2_label,outdoor_vine,stationary,137,184,1,0.9111852049827576,4.885620594024658,1730892911_101417740.npy,0.0,True,4273,4.777826309204102,0.2108325958251953,0.10779428482055664,0.10779428482055664,0.02256136532483392,
out_vine_4swap+walk_st_ly_11_06_2024_2_label,outdoor_vine,stationary,137,184,2,0.896604061126709,3.3479831218719482,1730892911_101417740.npy,0.0,True,4166,3.483036518096924,0.11949247121810913,-0.13505339622497559,0.13505339622497559,0.038774613910383754,
out_vine_4swap+walk_st_ly_11_06_2024_2_label,outdoor_vine,stationary,137,184,3,0.8839892745018005,2.85701847076416,1730892911_101417740.npy,0.0,True,3587,2.9898054599761963,0.37019670009613037,-0.13278698921203613,0.13278698921203613,0.04441325396907039,
out_vine_4swap+walk_st_ly_11_06_2024_2_label,outdoor_vine,stationary,138,185,0,0.9377599954605103,2.4399261474609375,1730892911_168273740.npy,0.0,True,12325,2.2934091091156006,0.11332464218139648,0.14651703834533691,0.14651703834533691,0.06388613255392439,
out_vine_4swap+walk_st_ly_11_06_2024_2_label,outdoor_vine,stationary,138,185,1,0.8939615488052368,3.567166805267334,1730892911_168273740.npy,0.0,True,4765,3.4935154914855957,0.10666704177856445,0.07365131378173828,0.07365131378173828,0.021082292023963094,
out_vine_4swap+walk_st_ly_11_06_2024_2_label,outdoor_vine,stationary,138,185,2,0.8908259868621826,4.865372657775879,1730892911_168273740.npy,0.0,True,3976,4.792325496673584,0.2370065450668335,0.07304716110229492,0.07304716110229492,0.015242529154790909,
out_vine_4swap+walk_st_ly_11_06_2024_2_label,outdoor_vine,stationary,138,185,3,0.8905368447303772,2.8267414569854736,1730892911_168273740.npy,0.0,True,3570,2.960275650024414,0.3011232018470764,-0.13353419303894043,0.13353419303894043,0.04510870230542184,
out_vine_4swap+walk_st_ly_11_06_2024_2_label,outdoor_vine,stationary,139,187,0,0.924452543258667,2.451361656188965,1730892911_302193740.npy,0.0,True,12721,2.3241400718688965,0.11478495597839355,0.12722158432006836,0.12722158432006836,0.054739206926442456,
out_vine_4swap+walk_st_ly_11_06_2024_2_label,outdoor_vine,stationary,139,187,1,0.9166343808174133,3.666339159011841,1730892911_302193740.npy,0.0,True,5483,3.4932820796966553,0.11875009536743164,0.17305707931518555,0.17305707931518555,0.049539967104578406,
out_vine_4swap+walk_st_ly_11_06_2024_2_label,outdoor_vine,stationary,139,187,2,0.8710842132568359,4.858958721160889,1730892911_302193740.npy,0.0,True,3454,4.655213356018066,0.2871953248977661,0.20374536514282227,0.20374536514282227,0.04376713795070826,
out_vine_4swap+walk_st_ly_11_06_2024_2_label,outdoor_vine,stationary,139,187,3,0.862744152545929,2.85337233543396,1730892911_302193740.npy,0.0,True,3200,2.9093408584594727,0.23467230796813965,-0.055968523025512695,0.055968523025512695,0.01923752689987265,
out_vine_4swap+walk_st_ly_11_06_2024_2_label,outdoor_vine,stationary,140,188,0,0.9276314377784729,3.7159841060638428,1730892911_370063740.npy,0.0,True,5957,3.494148015975952,0.11559939384460449,0.22183609008789062,0.22183609008789062,0.06348789148988855,
out_vine_4swap+walk_st_ly_11_06_2024_2_label,outdoor_vine,stationary,140,188,1,0.9252635836601257,2.4620189666748047,1730892911_370063740.npy,0.0,True,12701,2.318056106567383,0.10940718650817871,0.14396286010742188,0.14396286010742188,0.06210499379180452,
out_vine_4swap+walk_st_ly_11_06_2024_2_label,outdoor_vine,stationary,140,188,2,0.878416895866394,4.899557590484619,1730892911_370063740.npy,0.0,True,3689,4.6323747634887695,0.3019990921020508,0.2671828269958496,0.2671828269958496,0.057677290944100304,
out_vine_4swap+walk_st_ly_11_06_2024_2_label,outdoor_vine,stationary,140,188,3,0.8752226233482361,2.9142003059387207,1730892911_370063740.npy,0.0,True,3137,2.905456781387329,0.23076820373535156,0.008743524551391602,0.008743524551391602,0.003009345933969339,
out_vine_4swap+walk_st_ly_11_06_2024_2_label,outdoor_vine,stationary,141,190,0,0.9301261901855469,2.4970905780792236,1730892911_502179740.npy,0.0,True,12178,2.366553783416748,0.12536245584487915,0.13053679466247559,0.13053679466247559,0.05515902303898249,
out_vine_4swap+walk_st_ly_11_06_2024_2_label,outdoor_vine,stationary,141,190,1,0.919701874256134,3.6887643337249756,1730892911_502179740.npy,0.0,True,6834,3.511319637298584,0.14096570014953613,0.1774446964263916,0.1774446964263916,0.0505350451555324,
out_vine_4swap+walk_st_ly_11_06_2024_2_label,outdoor_vine,stationary,141,190,2,0.9081129431724548,5.054603576660156,1730892911_502179740.npy,0.0,True,3876,4.479857444763184,0.7617443799972534,0.5747461318969727,0.5747461318969727,0.12829562971224304,
out_vine_4swap+walk_st_ly_11_06_2024_2_label,outdoor_vine,stationary,141,190,3,0.871027410030365,2.9391000270843506,1730892911_502179740.npy,0.0,True,3005,2.9386305809020996,0.22484755516052246,0.00046944618225097656,0.00046944618225097656,0.00015974998194800865,
out_vine_4swap+walk_st_ly_11_06_2024_2_label,outdoor_vine,stationary,142,191,0,0.9335237741470337,2.5317108631134033,1730892911_569243740.npy,0.0,True,11944,2.3868651390075684,0.11986744403839111,0.14484572410583496,0.14484572410583496,0.060684502755803026,
out_vine_4swap+walk_st_ly_11_06_2024_2_label,outdoor_vine,stationary,142,191,1,0.9222413897514343,3.690364360809326,1730892911_569243740.npy,0.0,True,6984,3.516209363937378,0.15875321626663208,0.17415499687194824,0.17415499687194824,0.04952918863651882,
out_vine_4swap+walk_st_ly_11_06_2024_2_label,outdoor_vine,stationary,142,191,2,0.897084653377533,5.625583171844482,1730892911_569243740.npy,0.0,True,3818,4.447383403778076,0.8233314156532288,1.1781997680664062,1.1781997680664062,0.26491976542106066,
out_vine_4swap+walk_st_ly_11_06_2024_2_label,outdoor_vine,stationary,142,191,3,0.8760221600532532,3.163133144378662,1730892911_569243740.npy,0.0,True,2825,2.911397695541382,0.19802355766296387,0.2517354488372803,0.2517354488372803,0.08646549704384149,
out_vine_4swap+walk_st_ly_11_06_2024_2_label,outdoor_vine,stationary,143,192,0,0.9340592622756958,2.56884765625,1730892911_636200740.npy,0.0,True,11833,2.4231200218200684,0.13019490242004395,0.14572763442993164,0.14572763442993164,0.060140493709623113,
out_vine_4swap+walk_st_ly_11_06_2024_2_label,outdoor_vine,stationary,143,192,1,0.9280216693878174,3.68021559715271,1730892911_636200740.npy,0.0,True,6940,3.5074243545532227,0.17671269178390503,0.1727912425994873,0.1727912425994873,0.049264424584146885,
out_vine_4swap+walk_st_ly_11_06_2024_2_label,outdoor_vine,stationary,143,192,2,0.8740698099136353,5.571255207061768,1730892911_636200740.npy,0.0,True,3283,4.320291996002197,0.9906344413757324,1.2509632110595703,1.2509632110595703,0.28955524585309395,
out_vine_4swap+walk_st_ly_11_06_2024_2_label,outdoor_vine,stationary,143,192,3,0.8429651856422424,2.9275500774383545,1730892911_636200740.npy,0.0,True,2945,2.9000403881073,0.2884995937347412,0.027509689331054688,0.027509689331054688,0.009485967658887944,
out_vine_4swap+walk_st_ly_11_06_2024_2_label,outdoor_vine,stationary,144,193,0,0.9336967468261719,2.595209836959839,1730892911_836038740.npy,0.0,True,12811,2.4978132247924805,0.1487569808959961,0.0973966121673584,0.0973966121673584,0.03899275222047483,
out_vine_4swap+walk_st_ly_11_06_2024_2_label,outdoor_vine,stationary,144,193,1,0.9212016463279724,3.6558613777160645,1730892911_836038740.npy,0.0,True,6319,3.4695894718170166,0.18731200695037842,0.18627190589904785,0.18627190589904785,0.0536870161187968,
out_vine_4swap+walk_st_ly_11_06_2024_2_label,outdoor_vine,stationary,144,193,2,0.8752124905586243,2.992785930633545,1730892911_836038740.npy,0.0,True,5017,2.9126620292663574,0.365037202835083,0.0801239013671875,0.0801239013671875,0.02750882201989262,
out_vine_4swap+walk_st_ly_11_06_2024_2_label,outdoor_vine,stationary,145,193,0,0.9336967468261719,2.607635736465454,1730892911_836038740.npy,0.0,True,12811,2.4978132247924805,0.1487569808959961,0.10982251167297363,0.10982251167297363,0.04396746345279589,
out_vine_4swap+walk_st_ly_11_06_2024_2_label,outdoor_vine,stationary,145,193,1,0.9212016463279724,3.6452229022979736,1730892911_836038740.npy,0.0,True,6319,3.4695894718170166,0.18731200695037842,0.17563343048095703,0.17563343048095703,0.05062081030266044,
out_vine_4swap+walk_st_ly_11_06_2024_2_label,outdoor_vine,stationary,145,193,2,0.8752124905586243,2.993478298187256,1730892911_836038740.npy,0.0,True,5017,2.9126620292663574,0.365037202835083,0.08081626892089844,0.08081626892089844,0.02774653156077105,
out_vine_4swap+walk_st_ly_11_06_2024_2_label,outdoor_vine,stationary,146,196,0,0.930052638053894,2.6223044395446777,1730892912_103193740.npy,0.0,True,12902,2.4965882301330566,0.14561188220977783,0.1257162094116211,0.1257162094116211,0.050355203911588174,
out_vine_4swap+walk_st_ly_11_06_2024_2_label,outdoor_vine,stationary,146,196,1,0.9208032488822937,3.634976863861084,1730892912_103193740.npy,0.0,True,6616,3.4618005752563477,0.19322824478149414,0.17317628860473633,0.17317628860473633,0.0500249176230819,
out_vine_4swap+walk_st_ly_11_06_2024_2_label,outdoor_vine,stationary,146,196,2,0.8702003955841064,3.031485080718994,1730892912_103193740.npy,0.0,True,4659,2.8997199535369873,0.17499268054962158,0.13176512718200684,0.13176512718200684,0.04544063885248087,
out_vine_4swap+walk_st_ly_11_06_2024_2_label,outdoor_vine,stationary,147,197,0,0.9328773021697998,2.6021814346313477,1730892912_169830740.npy,0.0,True,12612,2.5018250942230225,0.14771831035614014,0.1003563404083252,0.1003563404083252,0.04011325197754973,
out_vine_4swap+walk_st_ly_11_06_2024_2_label,outdoor_vine,stationary,147,197,1,0.9180246591567993,3.62801194190979,1730892912_169830740.npy,0.0,True,6630,3.4590868949890137,0.18640518188476562,0.16892504692077637,0.16892504692077637,0.048835155649165296,
out_vine_4swap+walk_st_ly_11_06_2024_2_label,outdoor_vine,stationary,147,197,2,0.8635457754135132,3.586601972579956,1730892912_169830740.npy,0.0,True,4550,2.9241065979003906,0.26079750061035156,0.6624953746795654,0.6624953746795654,0.22656334593111618,
out_vine_4swap+walk_st_ly_11_06_2024_2_label,outdoor_vine,stationary,147,197,3,0.5055599212646484,4.312999725341797,1730892912_169830740.npy,0.0,True,1211,3.8009095191955566,0.5359277725219727,0.5120902061462402,0.5120902061462402,0.13472833372119353,
out_vine_4swap+walk_st_ly_11_06_2024_2_label,outdoor_vine,stationary,148,199,0,0.9257122278213501,2.588367462158203,1730892912_303417740.npy,0.0,True,12954,2.5027916431427,0.15760540962219238,0.08557581901550293,0.08557581901550293,0.03419214669745631,
out_vine_4swap+walk_st_ly_11_06_2024_2_label,outdoor_vine,stationary,148,199,1,0.9141294956207275,3.6397063732147217,1730892912_303417740.npy,0.0,True,6355,3.403559923171997,0.21930813789367676,0.2361464500427246,0.2361464500427246,0.06938219257871756,
out_vine_4swap+walk_st_ly_11_06_2024_2_label,outdoor_vine,stationary,148,199,2,0.8482221364974976,3.738291025161743,1730892912_303417740.npy,0.0,True,3831,3.0246646404266357,0.6144231557846069,0.7136263847351074,0.7136263847351074,0.2359357051347183,
out_vine_4swap+walk_st_ly_11_06_2024_2_label,outdoor_vine,stationary,148,199,3,0.6550517082214355,2.8630566596984863,1730892912_303417740.npy,0.0,True,4008,2.967434883117676,0.9119853973388672,-0.10437822341918945,0.10437822341918945,0.035174562384845516,
out_vine_4swap+walk_st_ly_11_06_2024_2_label,outdoor_vine,stationary,149,199,0,0.9257122278213501,2.585763692855835,1730892912_303417740.npy,0.0,True,12954,2.5027916431427,0.15760540962219238,0.08297204971313477,0.08297204971313477,0.03315180068643213,
out_vine_4swap+walk_st_ly_11_06_2024_2_label,outdoor_vine,stationary,149,199,1,0.9141294956207275,3.6028218269348145,1730892912_303417740.npy,0.0,True,6355,3.403559923171997,0.21930813789367676,0.19926190376281738,0.19926190376281738,0.058545143397126485,
out_vine_4swap+walk_st_ly_11_06_2024_2_label,outdoor_vine,stationary,149,199,2,0.8482221364974976,3.9865856170654297,1730892912_303417740.npy,0.0,True,3831,3.0246646404266357,0.6144231557846069,0.961920976638794,0.961920976638794,0.3180256626741644,
out_vine_4swap+walk_st_ly_11_06_2024_2_label,outdoor_vine,stationary,149,199,3,0.6550517082214355,2.8712310791015625,1730892912_303417740.npy,0.0,True,4008,2.967434883117676,0.9119853973388672,-0.09620380401611328,0.09620380401611328,0.03241985344427801,
out_vine_4swap+walk_st_ly_11_06_2024_2_label,outdoor_vine,stationary,150,200,0,0.9280292987823486,2.5865895748138428,1730892912_570883740.npy,0.0,True,12793,2.5085790157318115,0.15217876434326172,0.07801055908203125,0.07801055908203125,0.031097509224469747,
out_vine_4swap+walk_st_ly_11_06_2024_2_label,outdoor_vine,stationary,150,200,1,0.9111664295196533,3.5855140686035156,1730892912_570883740.npy,0.0,True,7207,3.2967000007629395,0.23629224300384521,0.28881406784057617,0.28881406784057617,0.08760702149838849,
out_vine_4swap+walk_st_ly_11_06_2024_2_label,outdoor_vine,stationary,150,200,2,0.8529552221298218,2.8759231567382812,1730892912_570883740.npy,0.0,True,4553,3.0262622833251953,0.8528058528900146,-0.15033912658691406,0.15033912658691406,0.04967815493564044,
out_vine_4swap+walk_st_ly_11_06_2024_2_label,outdoor_vine,stationary,150,200,3,0.8332711458206177,3.8035004138946533,1730892912_570883740.npy,0.0,True,2526,3.3114757537841797,0.8827390074729919,0.49202466011047363,0.49202466011047363,0.14858168885827228,
out_vine_4swap+walk_st_ly_11_06_2024_2_label,outdoor_vine,stationary,151,200,0,0.9280292987823486,2.591846466064453,1730892912_570883740.npy,0.0,True,12793,2.5085790157318115,0.15217876434326172,0.0832674503326416,0.0832674503326416,0.033193074569489105,
out_vine_4swap+walk_st_ly_11_06_2024_2_label,outdoor_vine,stationary,151,200,1,0.9111664295196533,3.550229072570801,1730892912_570883740.npy,0.0,True,7207,3.2967000007629395,0.23629224300384521,0.25352907180786133,0.25352907180786133,0.07690389533448246,
out_vine_4swap+walk_st_ly_11_06_2024_2_label,outdoor_vine,stationary,151,200,2,0.8529552221298218,2.85805082321167,1730892912_570883740.npy,0.0,True,4553,3.0262622833251953,0.8528058528900146,-0.1682114601135254,0.1682114601135254,0.05558389999451669,
out_vine_4swap+walk_st_ly_11_06_2024_2_label,outdoor_vine,stationary,151,200,3,0.8332711458206177,4.307272434234619,1730892912_570883740.npy,0.0,True,2526,3.3114757537841797,0.8827390074729919,0.9957966804504395,0.9957966804504395,0.30071084751639676,
out_vine_4swap+walk_st_ly_11_06_2024_2_label,outdoor_vine,stationary,152,202,0,0.9316526651382446,2.578019857406616,,0.06682085990905762,False,0,,,,,,no_matching_depth_map
out_vine_4swap+walk_st_ly_11_06_2024_2_label,outdoor_vine,stationary,152,202,1,0.9202450513839722,3.532367706298828,,0.06682085990905762,False,0,,,,,,no_matching_depth_map
out_vine_4swap+walk_st_ly_11_06_2024_2_label,outdoor_vine,stationary,152,202,2,0.8780871629714966,3.2284023761749268,,0.06682085990905762,False,0,,,,,,no_matching_depth_map
out_vine_4swap+walk_st_ly_11_06_2024_2_label,outdoor_vine,stationary,152,202,3,0.8689499497413635,4.1452836990356445,,0.06682085990905762,False,0,,,,,,no_matching_depth_map
out_vine_4swap+walk_st_ly_11_06_2024_2_label,outdoor_vine,stationary,153,203,0,0.9338521361351013,2.576456308364868,1730892912_770994740.npy,0.0,True,13073,2.5128238201141357,0.14393854141235352,0.06363248825073242,0.06363248825073242,0.025323099749922837,
out_vine_4swap+walk_st_ly_11_06_2024_2_label,outdoor_vine,stationary,153,203,1,0.9170380234718323,3.6360867023468018,1730892912_770994740.npy,0.0,True,7219,3.2393126487731934,0.23538875579833984,0.3967740535736084,0.3967740535736084,0.1224871127286452,
out_vine_4swap+walk_st_ly_11_06_2024_2_label,outdoor_vine,stationary,153,203,2,0.8926211595535278,3.2158195972442627,1730892912_770994740.npy,0.0,True,5112,3.4261879920959473,0.5424891710281372,-0.21036839485168457,0.21036839485168457,0.061400131965027735,
out_vine_4swap+walk_st_ly_11_06_2024_2_label,outdoor_vine,stationary,153,203,3,0.8848097920417786,4.023909091949463,1730892912_770994740.npy,0.0,True,3263,3.3654212951660156,0.833248496055603,0.6584877967834473,0.6584877967834473,0.19566281277451897,
out_vine_4swap+walk_st_ly_11_06_2024_2_label,outdoor_vine,stationary,154,205,0,0.9363043308258057,2.5895347595214844,1730892912_904615740.npy,0.0,True,13597,2.5063304901123047,0.1435408592224121,0.08320426940917969,0.08320426940917969,0.033197644818761085,
out_vine_4swap+walk_st_ly_11_06_2024_2_label,outdoor_vine,stationary,154,205,1,0.9126745462417603,3.686850070953369,1730892912_904615740.npy,0.0,True,7180,3.191661834716797,0.21717703342437744,0.49518823623657227,0.49518823623657227,0.1551505961096005,
out_vine_4swap+walk_st_ly_11_06_2024_2_label,outdoor_vine,stationary,154,205,2,0.9059988260269165,3.2663981914520264,1730892912_904615740.npy,0.0,True,5848,3.447592258453369,0.5036535859107971,-0.18119406700134277,0.18119406700134277,0.05255669853564081,
out_vine_4swap+walk_st_ly_11_06_2024_2_label,outdoor_vine,stationary,154,205,3,0.8769579529762268,3.988921880722046,1730892912_904615740.npy,0.0,True,3679,3.81386661529541,0.27589428424835205,0.17505526542663574,0.17505526542663574,0.04589968215578942,
out_vine_4swap+walk_st_ly_11_06_2024_2_label,outdoor_vine,stationary,155,206,0,0.9379819631576538,2.5958993434906006,1730892912_975353740.npy,0.0,True,14633,2.505180597305298,0.17560982704162598,0.09071874618530273,0.09071874618530273,0.03621245760999607,
out_vine_4swap+walk_st_ly_11_06_2024_2_label,outdoor_vine,stationary,155,206,1,0.9171420931816101,3.3462109565734863,1730892912_975353740.npy,0.0,True,7045,3.519491672515869,0.3238070011138916,-0.1732807159423828,0.1732807159423828,0.04923458614650309,
out_vine_4swap+walk_st_ly_11_06_2024_2_label,outdoor_vine,stationary,155,206,2,0.900050938129425,3.645902156829834,1730892912_975353740.npy,0.0,True,7043,3.231220006942749,0.24341869354248047,0.41468214988708496,0.41468214988708496,0.12833609255825343,
out_vine_4swap+walk_st_ly_11_06_2024_2_label,outdoor_vine,stationary,155,206,3,0.8777487277984619,4.077072620391846,1730892912_975353740.npy,0.0,True,4157,3.8135030269622803,0.28586530685424805,0.26356959342956543,0.26356959342956543,0.06911482475982637,
out_vine_4swap+walk_st_ly_11_06_2024_2_label,outdoor_vine,stationary,156,208,0,0.936445951461792,2.6000001430511475,,0.0672309398651123,False,0,,,,,,no_matching_depth_map
out_vine_4swap+walk_st_ly_11_06_2024_2_label,outdoor_vine,stationary,156,208,1,0.9198040962219238,3.377789258956909,,0.0672309398651123,False,0,,,,,,no_matching_depth_map
out_vine_4swap+walk_st_ly_11_06_2024_2_label,outdoor_vine,stationary,156,208,2,0.8961387872695923,3.5260066986083984,,0.0672309398651123,False,0,,,,,,no_matching_depth_map
out_vine_4swap+walk_st_ly_11_06_2024_2_label,outdoor_vine,stationary,156,208,3,0.8562244176864624,4.110986709594727,,0.0672309398651123,False,0,,,,,,no_matching_depth_map
out_vine_4swap+walk_st_ly_11_06_2024_2_label,outdoor_vine,stationary,157,209,0,0.9367989897727966,2.5980591773986816,1730892913_173436740.npy,0.0,True,15502,2.4863905906677246,0.23500394821166992,0.11166858673095703,0.11166858673095703,0.04491192459868835,
out_vine_4swap+walk_st_ly_11_06_2024_2_label,outdoor_vine,stationary,157,209,1,0.919362485408783,3.3128209114074707,1730892913_173436740.npy,0.0,True,7493,3.4530646800994873,0.2279212474822998,-0.1402437686920166,0.1402437686920166,0.040614289532501895,
out_vine_4swap+walk_st_ly_11_06_2024_2_label,outdoor_vine,stationary,157,209,2,0.8970907926559448,3.5142643451690674,1730892913_173436740.npy,0.0,True,7197,3.2304885387420654,0.27727818489074707,0.28377580642700195,0.28377580642700195,0.08784300053189562,
out_vine_4swap+walk_st_ly_11_06_2024_2_label,outdoor_vine,stationary,157,209,3,0.8119693398475647,4.0941667556762695,1730892913_173436740.npy,0.0,True,3742,3.9458155632019043,0.19811218976974487,0.14835119247436523,0.14835119247436523,0.03759709243834573,
out_vine_4swap+walk_st_ly_11_06_2024_2_label,outdoor_vine,stationary,158,211,0,0.9324092268943787,2.593651294708252,1730892913_312547740.npy,0.0,True,15726,2.4769608974456787,0.2661181688308716,0.11669039726257324,0.11669039726257324,0.0471103106160893,
out_vine_4swap+walk_st_ly_11_06_2024_2_label,outdoor_vine,stationary,158,211,1,0.920407235622406,3.3217086791992188,1730892913_312547740.npy,0.0,True,7901,3.3013529777526855,0.16991400718688965,0.020355701446533203,0.020355701446533203,0.006165866414075433,
out_vine_4swap+walk_st_ly_11_06_2024_2_label,outdoor_vine,stationary,158,211,2,0.8937748670578003,3.5880303382873535,1730892913_312547740.npy,0.0,True,8492,3.3390910625457764,0.41691458225250244,0.24893927574157715,0.24893927574157715,0.07455300591646095,
out_vine_4swap+walk_st_ly_11_06_2024_2_label,outdoor_vine,stationary,158,211,3,0.6003167033195496,4.100217342376709,1730892913_312547740.npy,0.0,True,3737,3.894927978515625,0.3593180179595947,0.20528936386108398,0.20528936386108398,0.052706844643458775,
out_vine_4swap+walk_st_ly_11_06_2024_2_label,outdoor_vine,stationary,159,212,0,0.9374110102653503,2.5941784381866455,1730892913_375355740.npy,0.0,True,16056,2.4680442810058594,0.2957680821418762,0.12613415718078613,0.12613415718078613,0.05110692630254582,
out_vine_4swap+walk_st_ly_11_06_2024_2_label,outdoor_vine,stationary,159,212,1,0.9315919280052185,3.2281811237335205,1730892913_375355740.npy,0.0,True,8722,3.248891830444336,0.15689754486083984,-0.02071070671081543,0.02071070671081543,0.006374698756278051,
out_vine_4swap+walk_st_ly_11_06_2024_2_label,outdoor_vine,stationary,159,212,2,0.8888223767280579,3.563502788543701,1730892913_375355740.npy,0.0,True,8423,3.313762664794922,0.29551148414611816,0.2497401237487793,0.2497401237487793,0.07536451732104807,
out_vine_4swap+walk_st_ly_11_06_2024_2_label,outdoor_vine,stationary,159,212,3,0.3563053607940674,4.123230934143066,1730892913_375355740.npy,0.0,True,3801,3.681781768798828,0.5061633586883545,0.4414491653442383,0.4414491653442383,0.11990095911856827,
out_vine_4swap+walk_st_ly_11_06_2024_2_label,outdoor_vine,stationary,160,213,0,0.9348297715187073,2.5859310626983643,1730892913_438666740.npy,0.0,True,16376,2.460692882537842,0.3413964509963989,0.12523818016052246,0.12523818016052246,0.050895494130644106,
out_vine_4swap+walk_st_ly_11_06_2024_2_label,outdoor_vine,stationary,160,213,1,0.9299718141555786,3.14998459815979,1730892913_438666740.npy,0.0,True,9234,3.1822545528411865,0.18954122066497803,-0.032269954681396484,0.032269954681396484,0.01014059502329415,
out_vine_4swap+walk_st_ly_11_06_2024_2_label,outdoor_vine,stationary,160,213,2,0.9287129640579224,3.528456687927246,1730892913_438666740.npy,0.0,True,8231,3.3729376792907715,0.377907395362854,0.1555190086364746,0.1555190086364746,0.046107880851559535,
out_vine_4swap+walk_st_ly_11_06_2024_2_label,outdoor_vine,stationary,161,214,0,0.9364206790924072,2.590057134628296,1730892913_572120740.npy,0.0,True,16503,2.4664647579193115,0.39172542095184326,0.12359237670898438,0.12359237670898438,0.05010911926154819,
out_vine_4swap+walk_st_ly_11_06_2024_2_label,outdoor_vine,stationary,161,214,1,0.9327265620231628,3.0550267696380615,1730892913_572120740.npy,0.0,True,11283,3.1024134159088135,0.17066144943237305,-0.04738664627075195,0.04738664627075195,0.015274123696009941,
out_vine_4swap+walk_st_ly_11_06_2024_2_label,outdoor_vine,stationary,161,214,2,0.9086113572120667,3.361966848373413,1730892913_572120740.npy,0.0,True,6940,3.282266139984131,0.3954601287841797,0.07970070838928223,0.07970070838928223,0.024282219963329226,
out_vine_4swap+walk_st_ly_11_06_2024_2_label,outdoor_vine,stationary,162,215,0,0.9437020421028137,2.9608688354492188,1730892913_706446740.npy,0.0,True,11889,2.9646382331848145,0.20455217361450195,-0.003769397735595703,0.003769397735595703,0.001271452851617029,
out_vine_4swap+walk_st_ly_11_06_2024_2_label,outdoor_vine,stationary,162,215,1,0.9372710585594177,2.589787721633911,1730892913_706446740.npy,0.0,True,16585,2.4797282218933105,0.9044115543365479,0.11005949974060059,0.11005949974060059,0.044383694458487256,
out_vine_4swap+walk_st_ly_11_06_2024_2_label,outdoor_vine,stationary,162,215,2,0.9156150817871094,3.5436980724334717,1730892913_706446740.npy,0.0,True,6940,3.20479154586792,0.21722424030303955,0.33890652656555176,0.33890652656555176,0.1057499440182058,
out_vine_4swap+walk_st_ly_11_06_2024_2_label,outdoor_vine,stationary,163,216,0,0.9467125535011292,2.5808377265930176,1730892913_775224740.npy,0.0,True,17440,2.5264475345611572,1.0199777483940125,0.05439019203186035,0.05439019203186035,0.021528328329726388,
out_vine_4swap+walk_st_ly_11_06_2024_2_label,outdoor_vine,stationary,163,216,1,0.9454272985458374,2.8175907135009766,1730892913_775224740.npy,0.0,True,12814,2.8693552017211914,0.1823669672012329,-0.051764488220214844,0.051764488220214844,0.018040460166508406,
out_vine_4swap+walk_st_ly_11_06_2024_2_label,outdoor_vine,stationary,163,216,2,0.9169896245002747,3.587939500808716,1730892913_775224740.npy,0.0,True,7138,3.186335802078247,0.2647392749786377,0.40160369873046875,0.40160369873046875,0.1260393516805504,
out_vine_4swap+walk_st_ly_11_06_2024_2_label,outdoor_vine,stationary,164,217,0,0.9439005851745605,2.6385200023651123,1730892913_906180740.npy,0.0,True,17450,2.5088376998901367,1.038733720779419,0.12968230247497559,0.12968230247497559,0.05169019202822663,
out_vine_4swap+walk_st_ly_11_06_2024_2_label,outdoor_vine,stationary,164,217,1,0.9385157823562622,2.6843478679656982,1730892913_906180740.npy,0.0,True,13909,2.7419285774230957,0.10187172889709473,-0.05758070945739746,0.05758070945739746,0.02100007634462625,
out_vine_4swap+walk_st_ly_11_06_2024_2_label,outdoor_vine,stationary,164,217,2,0.8817945718765259,3.358808755874634,1730892913_906180740.npy,0.0,True,6362,3.177371025085449,0.2912447452545166,0.18143773078918457,0.18143773078918457,0.057103098554348135,
out_vine_4swap+walk_st_ly_11_06_2024_2_label,outdoor_vine,stationary,164,217,3,0.5930940508842468,4.175775527954102,1730892913_906180740.npy,0.0,True,2970,4.1432390213012695,0.37176740169525146,0.03253650665283203,0.03253650665283203,0.00785291567432025,
out_vine_4swap+walk_st_ly_11_06_2024_2_label,outdoor_vine,stationary,165,218,0,0.9395214319229126,2.613008975982666,1730892913_976911740.npy,0.0,True,16777,2.4717655181884766,0.9187440872192383,0.14124345779418945,0.14124345779418945,0.05714274139470352,
out_vine_4swap+walk_st_ly_11_06_2024_2_label,outdoor_vine,stationary,165,218,1,0.9376087188720703,2.597658395767212,1730892913_976911740.npy,0.0,True,14491,2.680710792541504,0.09555959701538086,-0.08305239677429199,0.08305239677429199,0.030981483345897388,
out_vine_4swap+walk_st_ly_11_06_2024_2_label,outdoor_vine,stationary,165,218,2,0.9078933596611023,3.6929361820220947,1730892913_976911740.npy,0.0,True,6148,3.2055506706237793,0.2562639117240906,0.48738551139831543,0.48738551139831543,0.15204423872154027,
out_vine_4swap+walk_st_ly_11_06_2024_2_label,outdoor_vine,stationary,165,218,3,0.8288800120353699,4.220530986785889,1730892913_976911740.npy,0.0,True,3566,4.115870475769043,0.38380563259124756,0.1046605110168457,0.1046605110168457,0.025428523961821242,
out_vine_4swap+walk_st_ly_11_06_2024_2_label,outdoor_vine,stationary,166,220,0,0.9437739253044128,2.5477616786956787,1730892914_110446740.npy,0.0,True,15207,2.5607385635375977,0.11192631721496582,-0.012976884841918945,0.012976884841918945,0.005067633622071788,
out_vine_4swap+walk_st_ly_11_06_2024_2_label,outdoor_vine,stationary,166,220,1,0.9399961233139038,2.587177038192749,1730892914_110446740.npy,0.0,True,16450,2.4683783054351807,0.2751687169075012,0.11879873275756836,0.11879873275756836,0.048128251855067194,
out_vine_4swap+walk_st_ly_11_06_2024_2_label,outdoor_vine,stationary,166,220,2,0.8993738889694214,3.7041869163513184,1730892914_110446740.npy,0.0,True,5415,3.2430241107940674,0.22944629192352295,0.461162805557251,0.461162805557251,0.14220147300857822,
out_vine_4swap+walk_st_ly_11_06_2024_2_label,outdoor_vine,stationary,166,220,3,0.8807180523872375,4.2607598304748535,1730892914_110446740.npy,0.0,True,4767,4.153839588165283,0.32916855812072754,0.10692024230957031,0.10692024230957031,0.025740099019277752,
out_vine_4swap+walk_st_ly_11_06_2024_2_label,outdoor_vine,stationary,167,221,0,0.9401471018791199,2.601884126663208,1730892914_173375740.npy,0.0,True,16839,2.4801084995269775,0.7604080438613892,0.12177562713623047,0.12177562713623047,0.04910092730195324,
out_vine_4swap+walk_st_ly_11_06_2024_2_label,outdoor_vine,stationary,167,221,1,0.9390060901641846,2.4260921478271484,1730892914_173375740.npy,0.0,True,15334,2.505561590194702,0.193539559841156,-0.07946944236755371,0.07946944236755371,0.031717217680279935,
out_vine_4swap+walk_st_ly_11_06_2024_2_label,outdoor_vine,stationary,167,221,2,0.8953624963760376,3.7839691638946533,1730892914_173375740.npy,0.0,True,5481,3.264514207839966,0.21420764923095703,0.5194549560546875,0.5194549560546875,0.15912167109188222,
out_vine_4swap+walk_st_ly_11_06_2024_2_label,outdoor_vine,stationary,167,221,3,0.8811610341072083,4.187950134277344,1730892914_173375740.npy,0.0,True,5310,4.169537544250488,0.30094265937805176,0.01841259002685547,0.01841259002685547,0.004415978950050514,
out_vine_4swap+walk_st_ly_11_06_2024_2_label,outdoor_vine,stationary,168,223,0,0.9465577602386475,2.6505019664764404,1730892914_307253740.npy,0.0,True,18238,2.5278396606445312,1.0322055220603943,0.12266230583190918,0.12266230583190918,0.0485245594258275,
out_vine_4swap+walk_st_ly_11_06_2024_2_label,outdoor_vine,stationary,168,223,1,0.9444489479064941,2.411539077758789,1730892914_307253740.npy,0.0,True,16015,2.324293851852417,0.13403475284576416,0.08724522590637207,0.08724522590637207,0.03753622883648697,
out_vine_4swap+walk_st_ly_11_06_2024_2_label,outdoor_vine,stationary,168,223,2,0.8873699307441711,4.249583721160889,1730892914_307253740.npy,0.0,True,5958,4.180350303649902,0.26855361461639404,0.06923341751098633,0.06923341751098633,0.016561630600798693,
out_vine_4swap+walk_st_ly_11_06_2024_2_label,outdoor_vine,stationary,168,223,3,0.8656852841377258,3.834733724594116,1730892914_307253740.npy,0.0,True,5917,3.3456528186798096,0.18004727363586426,0.48908090591430664,0.48908090591430664,0.14618399828685671,
out_vine_4swap+walk_st_ly_11_06_2024_2_label,outdoor_vine,stationary,169,224,0,0.9460505843162537,2.758837938308716,1730892914_374138740.npy,0.0,True,17992,2.51901912689209,1.0117850303649902,0.23981881141662598,0.23981881141662598,0.09520325147848684,
out_vine_4swap+walk_st_ly_11_06_2024_2_label,outdoor_vine,stationary,169,224,1,0.9366918206214905,2.355792999267578,1730892914_374138740.npy,0.0,True,16369,2.275355815887451,0.1322782039642334,0.08043718338012695,0.08043718338012695,0.03535147462145574,
out_vine_4swap+walk_st_ly_11_06_2024_2_label,outdoor_vine,stationary,169,224,2,0.8938175439834595,3.888216495513916,1730892914_374138740.npy,0.0,True,5417,3.3531415462493896,0.18045949935913086,0.5350749492645264,0.5350749492645264,0.1595742207372746,
out_vine_4swap+walk_st_ly_11_06_2024_2_label,outdoor_vine,stationary,169,224,3,0.8877111077308655,4.255538463592529,1730892914_374138740.npy,0.0,True,6428,4.191682815551758,0.25703108310699463,0.06385564804077148,0.06385564804077148,0.015233893128520524,
out_vine_4swap+walk_st_ly_11_06_2024_2_label,outdoor_vine,stationary,170,226,0,0.9359526038169861,2.635826349258423,1730892914_508200740.npy,0.0,True,16325,2.484442949295044,0.34553980827331543,0.1513833999633789,0.1513833999633789,0.06093253218244905,
out_vine_4swap+walk_st_ly_11_06_2024_2_label,outdoor_vine,stationary,170,226,1,0.933891236782074,2.3731560707092285,1730892914_508200740.npy,0.0,True,17349,2.2084362506866455,0.19279170036315918,0.164719820022583,0.164719820022583,0.07458663113837605,
out_vine_4swap+walk_st_ly_11_06_2024_2_label,outdoor_vine,stationary,170,226,2,0.9077043533325195,4.280396938323975,1730892914_508200740.npy,0.0,True,6971,4.220418930053711,0.26412439346313477,0.05997800827026367,0.05997800827026367,0.014211387368007177,
out_vine_4swap+walk_st_ly_11_06_2024_2_label,outdoor_vine,stationary,170,226,3,0.8939185738563538,3.643603801727295,1730892914_508200740.npy,0.0,True,4639,3.409200429916382,0.3080936670303345,0.23440337181091309,0.23440337181091309,0.06875611353148349,
out_vine_4swap+walk_st_ly_11_06_2024_2_label,outdoor_vine,stationary,171,227,0,0.9325576424598694,2.636331558227539,1730892914_573682740.npy,0.0,True,15772,2.4918642044067383,0.4926799535751343,0.14446735382080078,0.14446735382080078,0.05797561262179433,
out_vine_4swap+walk_st_ly_11_06_2024_2_label,outdoor_vine,stationary,171,227,1,0.918437123298645,2.3146965503692627,1730892914_573682740.npy,0.0,True,17041,2.1176533699035645,0.23261094093322754,0.19704318046569824,0.19704318046569824,0.09304789124892114,
out_vine_4swap+walk_st_ly_11_06_2024_2_label,outdoor_vine,stationary,171,227,2,0.9143961668014526,4.279153823852539,1730892914_573682740.npy,0.0,True,6935,4.232285499572754,0.25034451484680176,0.046868324279785156,0.046868324279785156,0.01107399873768357,
out_vine_4swap+walk_st_ly_11_06_2024_2_label,outdoor_vine,stationary,171,227,3,0.9050517678260803,3.7000999450683594,1730892914_573682740.npy,0.0,True,4236,3.406320333480835,0.391127347946167,0.2937796115875244,0.2937796115875244,0.08624544459308625,
out_vine_4swap+walk_st_ly_11_06_2024_2_label,outdoor_vine,stationary,172,229,0,0.9384233951568604,2.72776460647583,1730892914_709088740.npy,0.0,True,15495,2.62544322013855,1.007184386253357,0.10232138633728027,0.10232138633728027,0.038972995322245275,
out_vine_4swap+walk_st_ly_11_06_2024_2_label,outdoor_vine,stationary,172,229,1,0.9208452105522156,2.213364601135254,1730892914_709088740.npy,0.0,True,15679,1.9991095066070557,0.2321910858154297,0.21425509452819824,0.21425509452819824,0.10717526669753973,
out_vine_4swap+walk_st_ly_11_06_2024_2_label,outdoor_vine,stationary,172,229,2,0.9155091643333435,4.2591142654418945,1730892914_709088740.npy,0.0,True,7236,4.236175060272217,0.2748669385910034,0.022939205169677734,0.022939205169677734,0.005415074883190417,
out_vine_4swap+walk_st_ly_11_06_2024_2_label,outdoor_vine,stationary,172,229,3,0.8303077220916748,3.73002552986145,1730892914_709088740.npy,0.0,True,3497,3.4424595832824707,0.46686267852783203,0.2875659465789795,0.2875659465789795,0.08353502477573846,
out_vine_4swap+walk_st_ly_11_06_2024_2_label,outdoor_vine,stationary,173,230,0,0.9392790198326111,2.8565890789031982,1730892914_774216740.npy,0.0,True,15669,2.6402628421783447,1.038142442703247,0.21632623672485352,0.21632623672485352,0.08193359890880178,
out_vine_4swap+walk_st_ly_11_06_2024_2_label,outdoor_vine,stationary,173,230,1,0.9281207919120789,2.1497044563293457,1730892914_774216740.npy,0.0,True,18100,1.986403465270996,0.26789072155952454,0.1633009910583496,0.1633009910583496,0.08220937685288984,
out_vine_4swap+walk_st_ly_11_06_2024_2_label,outdoor_vine,stationary,173,230,2,0.9146831631660461,4.272587776184082,1730892914_774216740.npy,0.0,True,7223,4.239823818206787,0.2786087989807129,0.03276395797729492,0.03276395797729492,0.007727669682074733,
out_vine_4swap+walk_st_ly_11_06_2024_2_label,outdoor_vine,stationary,173,230,3,0.7831422686576843,3.6487090587615967,1730892914_774216740.npy,0.0,True,3022,3.285459041595459,0.4619221091270447,0.3632500171661377,0.3632500171661377,0.11056294191077148,
out_vine_4swap+walk_st_ly_11_06_2024_2_label,outdoor_vine,stationary,174,232,0,0.9401214718818665,2.713021755218506,1730892914_907677740.npy,0.0,True,13907,2.5727763175964355,0.9170999526977539,0.1402454376220703,0.1402454376220703,0.05451132174331105,
out_vine_4swap+walk_st_ly_11_06_2024_2_label,outdoor_vine,stationary,174,232,1,0.9365091323852539,1.9347407817840576,1730892914_907677740.npy,0.0,True,16492,1.8306838274002075,0.16590365767478943,0.1040569543838501,0.1040569543838501,0.05684048377246199,
out_vine_4swap+walk_st_ly_11_06_2024_2_label,outdoor_vine,stationary,174,232,2,0.9053326845169067,4.277476787567139,1730892914_907677740.npy,0.0,True,7242,4.227414131164551,0.268627405166626,0.05006265640258789,0.05006265640258789,0.01184238280170503,
out_vine_4swap+walk_st_ly_11_06_2024_2_label,outdoor_vine,stationary,174,232,3,0.8023300170898438,3.5157310962677,1730892914_907677740.npy,0.0,True,1732,2.9738540649414062,0.14892077445983887,0.541877031326294,0.541877031326294,0.18221372652896822,
out_vine_4swap+walk_st_ly_11_06_2024_2_label,outdoor_vine,stationary,175,233,0,0.9390552639961243,2.755781412124634,1730892914_974945740.npy,0.0,True,13416,2.58534574508667,0.7224875092506409,0.17043566703796387,0.17043566703796387,0.06592374244793718,
out_vine_4swap+walk_st_ly_11_06_2024_2_label,outdoor_vine,stationary,175,233,1,0.9358260631561279,1.8542910814285278,1730892914_974945740.npy,0.0,True,15341,1.781044840812683,0.08284902572631836,0.07324624061584473,0.07324624061584473,0.04112543319371049,
out_vine_4swap+walk_st_ly_11_06_2024_2_label,outdoor_vine,stationary,175,233,2,0.9038341641426086,4.32627534866333,1730892914_974945740.npy,0.0,True,7179,4.223269939422607,0.26245808601379395,0.10300540924072266,0.10300540924072266,0.024389965765438438,
out_vine_4swap+walk_st_ly_11_06_2024_2_label,outdoor_vine,stationary,175,233,3,0.7773132920265198,2.687208652496338,1730892914_974945740.npy,0.0,True,2018,2.962177276611328,0.15055996179580688,-0.27496862411499023,0.27496862411499023,0.09282652536905181,
out_vine_4swap+walk_st_ly_11_06_2024_2_label,outdoor_vine,stationary,176,235,0,0.9358078837394714,2.7869620323181152,1730892915_108267740.npy,0.0,True,12865,2.650801658630371,0.26938462257385254,0.13616037368774414,0.13616037368774414,0.05136573430322061,
out_vine_4swap+walk_st_ly_11_06_2024_2_label,outdoor_vine,stationary,176,235,1,0.9188118577003479,1.814166784286499,1730892915_108267740.npy,0.0,True,17136,1.7872220277786255,0.1505989134311676,0.026944756507873535,0.026944756507873535,0.015076334159423785,
out_vine_4swap+walk_st_ly_11_06_2024_2_label,outdoor_vine,stationary,176,235,2,0.909393846988678,4.289279460906982,1730892915_108267740.npy,0.0,True,7338,4.215854644775391,0.26028358936309814,0.0734248161315918,0.0734248161315918,0.017416353816321783,
out_vine_4swap+walk_st_ly_11_06_2024_2_label,outdoor_vine,stationary,177,236,0,0.934764564037323,2.829742670059204,1730892915_174800740.npy,0.0,True,12717,2.685544013977051,0.24180340766906738,0.14419865608215332,0.14419865608215332,0.0536943931403336,
out_vine_4swap+walk_st_ly_11_06_2024_2_label,outdoor_vine,stationary,177,236,1,0.9332125186920166,1.8178952932357788,1730892915_174800740.npy,0.0,True,18911,1.7813843488693237,0.1257539987564087,0.03651094436645508,0.03651094436645508,0.020495826400197814,
out_vine_4swap+walk_st_ly_11_06_2024_2_label,outdoor_vine,stationary,177,236,2,0.922502338886261,4.229556560516357,1730892915_174800740.npy,0.0,True,7273,4.214561939239502,0.26111841201782227,0.014994621276855469,0.014994621276855469,0.0035578125302296966,
out_vine_4swap+walk_st_ly_11_06_2024_2_label,outdoor_vine,stationary,178,237,0,0.9394246935844421,1.769191026687622,1730892915_241661740.npy,0.0,True,23114,1.788578987121582,0.16219186782836914,-0.01938796043395996,0.01938796043395996,0.010839868171079004,
out_vine_4swap+walk_st_ly_11_06_2024_2_label,outdoor_vine,stationary,178,237,1,0.9376464486122131,2.8703761100769043,1730892915_241661740.npy,0.0,True,12698,2.731649398803711,0.49304234981536865,0.13872671127319336,0.13872671127319336,0.05078496213091872,
out_vine_4swap+walk_st_ly_11_06_2024_2_label,outdoor_vine,stationary,178,237,2,0.9036992192268372,4.185478210449219,1730892915_241661740.npy,0.0,True,7157,4.206698894500732,0.254061222076416,-0.021220684051513672,0.021220684051513672,0.005044497974232174,
out_vine_4swap+walk_st_ly_11_06_2024_2_label,outdoor_vine,stationary,179,238,0,0.9399652481079102,2.9315366744995117,1730892915_375542740.npy,0.0,True,12724,2.8534131050109863,0.7426902651786804,0.07812356948852539,0.07812356948852539,0.027378990217480127,
out_vine_4swap+walk_st_ly_11_06_2024_2_label,outdoor_vine,stationary,179,238,1,0.9372150301933289,1.7425559759140015,1730892915_375542740.npy,0.0,True,30807,1.7506595849990845,0.7869554162025452,-0.008103609085083008,0.008103609085083008,0.00462888910815134,
out_vine_4swap+walk_st_ly_11_06_2024_2_label,outdoor_vine,stationary,179,238,2,0.874439001083374,3.9926509857177734,1730892915_375542740.npy,0.0,True,4657,4.1769490242004395,0.3381612300872803,-0.18429803848266602,0.18429803848266602,0.04412264488143825,
out_vine_4swap+walk_st_ly_11_06_2024_2_label,outdoor_vine,stationary,180,240,0,0.9401321411132812,1.6944047212600708,1730892915_510930740.npy,0.0,True,26478,1.6358006000518799,0.19051700830459595,0.05860412120819092,0.05860412120819092,0.035825956541605544,
out_vine_4swap+walk_st_ly_11_06_2024_2_label,outdoor_vine,stationary,180,240,1,0.8583148717880249,2.8921499252319336,1730892915_510930740.npy,0.0,True,2535,3.011127233505249,0.4653733968734741,-0.11897730827331543,0.11897730827331543,0.03951254764310112,
out_vine_4swap+walk_st_ly_11_06_2024_2_label,outdoor_vine,stationary,180,240,2,0.800885021686554,2.963874101638794,1730892915_510930740.npy,0.0,True,10434,2.879413604736328,0.24762028455734253,0.08446049690246582,0.08446049690246582,0.029332533806028183,
out_vine_4swap+walk_st_ly_11_06_2024_2_label,outdoor_vine,stationary,181,241,0,0.9362956881523132,1.70176362991333,1730892915_575340740.npy,0.0,True,24092,1.612399697303772,0.17139390110969543,0.0893639326095581,0.0893639326095581,0.055422940576701295,
out_vine_4swap+walk_st_ly_11_06_2024_2_label,outdoor_vine,stationary,181,241,1,0.8572817444801331,2.9003143310546875,1730892915_575340740.npy,0.0,True,2402,2.9655628204345703,0.4275621175765991,-0.06524848937988281,0.06524848937988281,0.02200205941694446,
out_vine_4swap+walk_st_ly_11_06_2024_2_label,outdoor_vine,stationary,181,241,2,0.8570526242256165,2.97324800491333,1730892915_575340740.npy,0.0,True,9628,2.88504695892334,0.22519850730895996,0.08820104598999023,0.08820104598999023,0.03057178869036699,
out_vine_4swap+walk_st_ly_11_06_2024_2_label,outdoor_vine,stationary,182,242,0,0.9316787123680115,1.7305268049240112,1730892915_642269740.npy,0.0,True,22228,1.5968209505081177,0.13758885860443115,0.13370585441589355,0.13370585441589355,0.08373252766588989,
out_vine_4swap+walk_st_ly_11_06_2024_2_label,outdoor_vine,stationary,182,242,1,0.8878967761993408,2.991828441619873,1730892915_642269740.npy,0.0,True,9139,2.890596389770508,0.22291362285614014,0.10123205184936523,0.10123205184936523,0.03502116456230761,
out_vine_4swap+walk_st_ly_11_06_2024_2_label,outdoor_vine,stationary,182,242,2,0.8516380190849304,4.312210559844971,1730892915_642269740.npy,0.0,True,616,4.038944244384766,0.46324169635772705,0.2732663154602051,0.2732663154602051,0.06765785782760428,
out_vine_4swap+walk_st_ly_11_06_2024_2_label,outdoor_vine,stationary,182,242,3,0.840226411819458,2.895216226577759,1730892915_642269740.npy,0.0,True,2822,2.9629578590393066,0.3129269480705261,-0.06774163246154785,0.06774163246154785,0.022862840338712085,
out_vine_4swap+walk_st_ly_11_06_2024_2_label,outdoor_vine,stationary,183,243,0,0.9290406107902527,1.7411904335021973,,0.06616806983947754,False,0,,,,,,no_matching_depth_map
out_vine_4swap+walk_st_ly_11_06_2024_2_label,outdoor_vine,stationary,183,243,1,0.9118174314498901,4.267137050628662,,0.06616806983947754,False,0,,,,,,no_matching_depth_map
out_vine_4swap+walk_st_ly_11_06_2024_2_label,outdoor_vine,stationary,183,243,2,0.8702844381332397,2.815162181854248,,0.06616806983947754,False,0,,,,,,no_matching_depth_map
out_vine_4swap+walk_st_ly_11_06_2024_2_label,outdoor_vine,stationary,183,243,3,0.6966241598129272,3.9862101078033447,,0.06616806983947754,False,0,,,,,,no_matching_depth_map
out_vine_4swap+walk_st_ly_11_06_2024_2_label,outdoor_vine,stationary,184,244,0,0.9392913579940796,1.7704435586929321,1730892915_976099740.npy,0.0,True,29549,1.6775447130203247,0.16081523895263672,0.09289884567260742,0.09289884567260742,0.055377865610120335,
out_vine_4swap+walk_st_ly_11_06_2024_2_label,outdoor_vine,stationary,184,244,1,0.9003711938858032,4.23315954208374,1730892915_976099740.npy,0.0,True,5994,4.105834007263184,0.2009720802307129,0.12732553482055664,0.12732553482055664,0.03101088222157031,
out_vine_4swap+walk_st_ly_11_06_2024_2_label,outdoor_vine,stationary,184,244,2,0.8853333592414856,2.8482415676116943,1730892915_976099740.npy,0.0,True,3292,3.160449981689453,0.3806084990501404,-0.3122084140777588,0.3122084140777588,0.09878606397398651,
out_vine_4swap+walk_st_ly_11_06_2024_2_label,outdoor_vine,stationary,184,244,3,0.3995233476161957,1.6675001382827759,1730892915_976099740.npy,0.0,True,7179,1.6266440153121948,0.054364562034606934,0.040856122970581055,0.040856122970581055,0.025116818791319693,
out_vine_4swap+walk_st_ly_11_06_2024_2_label,outdoor_vine,stationary,184,244,4,0.20053589344024658,4.237760066986084,1730892915_976099740.npy,0.0,True,1871,4.032822608947754,0.44880080223083496,0.20493745803833008,0.20493745803833008,0.050817374804343916,
out_vine_4swap+walk_st_ly_11_06_2024_2_label,outdoor_vine,stationary,185,246,0,0.9481902718544006,1.778980016708374,1730892916_109604740.npy,0.0,True,26164,1.6604647636413574,0.13786247372627258,0.1185152530670166,0.1185152530670166,0.07137474739729835,
out_vine_4swap+walk_st_ly_11_06_2024_2_label,outdoor_vine,stationary,185,246,1,0.9099234342575073,4.156322002410889,1730892916_109604740.npy,0.0,True,6068,4.108416557312012,0.21221923828125,0.04790544509887695,0.04790544509887695,0.011660318380719348,
out_vine_4swap+walk_st_ly_11_06_2024_2_label,outdoor_vine,stationary,185,246,2,0.8797675967216492,2.976086139678955,1730892916_109604740.npy,0.0,True,3872,3.0773696899414062,0.3610268831253052,-0.10128355026245117,0.10128355026245117,0.03291237662913994,
out_vine_4swap+walk_st_ly_11_06_2024_2_label,outdoor_vine,stationary,186,247,0,0.9460496306419373,2.0717427730560303,1730892916_176594740.npy,0.0,True,24297,1.685018539428711,0.1468210220336914,0.38672423362731934,0.38672423362731934,0.2295074057514135,
out_vine_4swap+walk_st_ly_11_06_2024_2_label,outdoor_vine,stationary,186,247,1,0.9121826887130737,4.155007839202881,1730892916_176594740.npy,0.0,True,6075,4.099470138549805,0.2078845500946045,0.05553770065307617,0.05553770065307617,0.013547531455546286,
out_vine_4swap+walk_st_ly_11_06_2024_2_label,outdoor_vine,stationary,186,247,2,0.8943063616752625,2.8591670989990234,1730892916_176594740.npy,0.0,True,3818,3.1715452671051025,0.4032672047615051,-0.3123781681060791,0.3123781681060791,0.09849399639539408,
out_vine_4swap+walk_st_ly_11_06_2024_2_label,outdoor_vine,stationary,187,248,0,0.9367421865463257,2.415196418762207,1730892916_244049740.npy,0.0,True,21931,1.7331582307815552,1.472320318222046,0.6820381879806519,0.6820381879806519,0.3935233239916541,
out_vine_4swap+walk_st_ly_11_06_2024_2_label,outdoor_vine,stationary,187,248,1,0.9133074879646301,4.149628639221191,1730892916_244049740.npy,0.0,True,6201,4.085554599761963,0.22086548805236816,0.06407403945922852,0.06407403945922852,0.01568307016701274,
out_vine_4swap+walk_st_ly_11_06_2024_2_label,outdoor_vine,stationary,187,248,2,0.8949423432350159,2.916268825531006,1730892916_244049740.npy,0.0,True,3636,3.239807605743408,0.4465789794921875,-0.32353878021240234,0.32353878021240234,0.09986357820718893,
out_vine_4swap+walk_st_ly_11_06_2024_2_label,outdoor_vine,stationary,188,249,0,0.9164748787879944,1.837608814239502,1730892916_376886740.npy,0.0,True,14179,1.7009868621826172,0.19006997346878052,0.13662195205688477,0.13662195205688477,0.08031922826351441,
out_vine_4swap+walk_st_ly_11_06_2024_2_label,outdoor_vine,stationary,188,249,1,0.9126547574996948,4.1338725090026855,1730892916_376886740.npy,0.0,True,6139,4.069663047790527,0.21274292469024658,0.0642094612121582,0.0642094612121582,0.015777586610522545,
out_vine_4swap+walk_st_ly_11_06_2024_2_label,outdoor_vine,stationary,188,249,2,0.8803215622901917,3.2129714488983154,1730892916_376886740.npy,0.0,True,6125,3.3177149295806885,0.43210363388061523,-0.10474348068237305,0.10474348068237305,0.031570970654676206,
out_vine_4swap+walk_st_ly_11_06_2024_2_label,outdoor_vine,stationary,188,249,3,0.8379101753234863,3.291264533996582,1730892916_376886740.npy,0.0,True,7917,3.569401741027832,0.629103422164917,-0.27813720703125,0.27813720703125,0.07792264004195802,
out_vine_4swap+walk_st_ly_11_06_2024_2_label,outdoor_vine,stationary,189,251,0,0.9141311645507812,4.141205787658691,1730892916_510200740.npy,0.0,True,6149,4.07283878326416,0.2136518955230713,0.06836700439453125,0.06836700439453125,0.016786081657702834,
out_vine_4swap+walk_st_ly_11_06_2024_2_label,outdoor_vine,stationary,189,251,1,0.9041700959205627,1.9215716123580933,1730892916_510200740.npy,0.0,True,8617,2.1199066638946533,1.3081425428390503,-0.19833505153656006,0.19833505153656006,0.09355838863781982,
out_vine_4swap+walk_st_ly_11_06_2024_2_label,outdoor_vine,stationary,189,251,2,0.8929322361946106,3.116323947906494,1730892916_510200740.npy,0.0,True,5710,3.270761489868164,0.35246384143829346,-0.15443754196166992,0.15443754196166992,0.0472176104677981,
out_vine_4swap+walk_st_ly_11_06_2024_2_label,outdoor_vine,stationary,189,251,3,0.8894439935684204,3.4588139057159424,1730892916_510200740.npy,0.0,True,8517,3.5469446182250977,0.5978918075561523,-0.08813071250915527,0.08813071250915527,0.024846937856406723,
out_vine_4swap+walk_st_ly_11_06_2024_2_label,outdoor_vine,stationary,190,252,0,0.92536860704422,3.446074962615967,1730892916_643869740.npy,0.0,True,8186,3.4442033767700195,0.5337228178977966,0.0018715858459472656,0.0018715858459472656,0.0005434016639581958,
out_vine_4swap+walk_st_ly_11_06_2024_2_label,outdoor_vine,stationary,190,252,1,0.9148914813995361,4.149253845214844,1730892916_643869740.npy,0.0,True,6186,4.061129570007324,0.20459693670272827,0.08812427520751953,0.08812427520751953,0.021699449300594614,
out_vine_4swap+walk_st_ly_11_06_2024_2_label,outdoor_vine,stationary,190,252,2,0.8939657211303711,2.0235092639923096,1730892916_643869740.npy,0.0,True,5672,3.3742146492004395,1.569352149963379,-1.3507053852081299,1.3507053852081299,0.40030215194762303,
out_vine_4swap+walk_st_ly_11_06_2024_2_label,outdoor_vine,stationary,190,252,3,0.8728390336036682,3.188810348510742,1730892916_643869740.npy,0.0,True,4909,3.364971160888672,0.27590227127075195,-0.1761608123779297,0.1761608123779297,0.05235135873539151,
out_vine_4swap+walk_st_ly_11_06_2024_2_label,outdoor_vine,stationary,191,253,0,0.9235023856163025,3.4688096046447754,1730892916_714745740.npy,0.0,True,7687,3.427877187728882,0.5108132362365723,0.040932416915893555,0.040932416915893555,0.011941039504689218,
out_vine_4swap+walk_st_ly_11_06_2024_2_label,outdoor_vine,stationary,191,253,1,0.9172481894493103,4.142749786376953,1730892916_714745740.npy,0.0,True,6118,4.053491592407227,0.18787622451782227,0.08925819396972656,0.08925819396972656,0.022020076256459988,
out_vine_4swap+walk_st_ly_11_06_2024_2_label,outdoor_vine,stationary,191,253,2,0.8819397687911987,3.7763333320617676,1730892916_714745740.npy,0.0,True,4722,3.5366158485412598,1.5615817308425903,0.2397174835205078,0.2397174835205078,0.06778160076938623,
out_vine_4swap+walk_st_ly_11_06_2024_2_label,outdoor_vine,stationary,191,253,3,0.8643978834152222,3.191452980041504,1730892916_714745740.npy,0.0,True,4881,3.3985726833343506,0.2967557907104492,-0.20711970329284668,0.20711970329284668,0.06094314366395744,
out_vine_4swap+walk_st_ly_11_06_2024_2_label,outdoor_vine,stationary,192,254,0,0.9211447238922119,3.498394250869751,1730892916_847357740.npy,0.0,True,7348,3.4650068283081055,0.40535926818847656,0.03338742256164551,0.03338742256164551,0.009635600798497684,
out_vine_4swap+walk_st_ly_11_06_2024_2_label,outdoor_vine,stationary,192,254,1,0.9168486595153809,4.1509294509887695,1730892916_847357740.npy,0.0,True,6205,4.045022010803223,0.19688677787780762,0.10590744018554688,0.10590744018554688,0.026182166599512956,
out_vine_4swap+walk_st_ly_11_06_2024_2_label,outdoor_vine,stationary,192,254,2,0.8745459318161011,3.2513740062713623,1730892916_847357740.npy,0.0,True,4832,3.3748533725738525,0.2548559904098511,-0.12347936630249023,0.12347936630249023,0.036588068479051564,
out_vine_4swap+walk_st_ly_11_06_2024_2_label,outdoor_vine,stationary,192,254,3,0.8657628297805786,2.2161428928375244,1730892916_847357740.npy,0.0,True,3372,3.614234447479248,1.2691838145256042,-1.3980915546417236,1.3980915546417236,0.3868292372723148,
out_vine_4swap+walk_st_ly_11_06_2024_2_label,outdoor_vine,stationary,193,256,0,0.9170358180999756,4.166234493255615,1730892916_978757740.npy,0.0,True,6098,4.055917739868164,0.19656533002853394,0.11031675338745117,0.11031675338745117,0.02719896222329129,
out_vine_4swap+walk_st_ly_11_06_2024_2_label,outdoor_vine,stationary,193,256,1,0.9148232340812683,3.5755715370178223,1730892916_978757740.npy,0.0,True,7379,3.4895057678222656,0.28298258781433105,0.08606576919555664,0.08606576919555664,0.024664171639775984,
out_vine_4swap+walk_st_ly_11_06_2024_2_label,outdoor_vine,stationary,193,256,2,0.8722860217094421,3.2785892486572266,1730892916_978757740.npy,0.0,True,4935,3.406646490097046,0.2539794445037842,-0.12805724143981934,0.12805724143981934,0.03759041092525316,
out_vine_4swap+walk_st_ly_11_06_2024_2_label,outdoor_vine,stationary,193,256,3,0.6810909509658813,3.487842082977295,1730892916_978757740.npy,0.0,True,2006,4.111904144287109,0.8252991437911987,-0.6240620613098145,0.6240620613098145,0.15176960342737017,
out_vine_4swap+walk_st_ly_11_06_2024_2_label,outdoor_vine,stationary,194,258,0,0.9180399179458618,4.154661655426025,1730892917_112210740.npy,0.0,True,6118,4.062929153442383,0.18295001983642578,0.09173250198364258,0.09173250198364258,0.022577923099131748,
out_vine_4swap+walk_st_ly_11_06_2024_2_label,outdoor_vine,stationary,194,258,1,0.9152653217315674,3.6265146732330322,1730892917_112210740.npy,0.0,True,6148,3.471639633178711,0.20915734767913818,0.1548750400543213,0.1548750400543213,0.04461149670437258,
out_vine_4swap+walk_st_ly_11_06_2024_2_label,outdoor_vine,stationary,194,258,2,0.8899306058883667,3.3189711570739746,1730892917_112210740.npy,0.0,True,4994,3.4012627601623535,0.2611388564109802,-0.0822916030883789,0.0822916030883789,0.02419442686176085,
out_vine_4swap+walk_st_ly_11_06_2024_2_label,outdoor_vine,stationary,195,259,0,0.9253080487251282,3.3612449169158936,1730892917_244829740.npy,0.0,True,5456,3.4838619232177734,0.25401514768600464,-0.12261700630187988,0.12261700630187988,0.03519571355130747,
out_vine_4swap+walk_st_ly_11_06_2024_2_label,outdoor_vine,stationary,195,259,1,0.9188542366027832,4.136467456817627,1730892917_244829740.npy,0.0,True,6061,4.079748630523682,0.18405556678771973,0.05671882629394531,0.05671882629394531,0.013902529648417289,
out_vine_4swap+walk_st_ly_11_06_2024_2_label,outdoor_vine,stationary,195,259,2,0.9169269800186157,3.6296112537384033,1730892917_244829740.npy,0.0,True,5910,3.5836689472198486,0.22481775283813477,0.04594230651855469,0.04594230651855469,0.01281990808726793,
out_vine_4swap+walk_st_ly_11_06_2024_2_label,outdoor_vine,stationary,196,259,0,0.9253080487251282,3.3738465309143066,1730892917_244829740.npy,0.0,True,5456,3.4838619232177734,0.25401514768600464,-0.1100153923034668,0.1100153923034668,0.03157857421681457,
out_vine_4swap+walk_st_ly_11_06_2024_2_label,outdoor_vine,stationary,196,259,1,0.9188542366027832,4.163005828857422,1730892917_244829740.npy,0.0,True,6061,4.079748630523682,0.18405556678771973,0.08325719833374023,0.08325719833374023,0.02040743336754383,
out_vine_4swap+walk_st_ly_11_06_2024_2_label,outdoor_vine,stationary,196,259,2,0.9169269800186157,3.707948923110962,1730892917_244829740.npy,0.0,True,5910,3.5836689472198486,0.22481775283813477,0.12427997589111328,0.12427997589111328,0.034679535895057394,
out_vine_4swap+walk_st_ly_11_06_2024_2_label,outdoor_vine,stationary,197,260,0,0.9198142886161804,4.186819076538086,1730892917_378345740.npy,0.0,True,5403,4.095105171203613,0.18343615531921387,0.09171390533447266,0.09171390533447266,0.022395982886934392,
out_vine_4swap+walk_st_ly_11_06_2024_2_label,outdoor_vine,stationary,197,260,1,0.9138447046279907,3.404038906097412,1730892917_378345740.npy,0.0,True,5500,3.4657340049743652,0.25084346532821655,-0.061695098876953125,0.061695098876953125,0.017801452387402553,
out_vine_4swap+walk_st_ly_11_06_2024_2_label,outdoor_vine,stationary,197,260,2,0.9116228818893433,3.740027666091919,1730892917_378345740.npy,0.0,True,6108,3.649298667907715,0.2337614893913269,0.0907289981842041,0.0907289981842041,0.024862036911936992,
out_vine_4swap+walk_st_ly_11_06_2024_2_label,outdoor_vine,stationary,198,262,0,0.9172080755233765,4.194069862365723,1730892917_514060740.npy,0.0,True,5104,4.116245269775391,0.17058241367340088,0.07782459259033203,0.07782459259033203,0.018906694691343953,
out_vine_4swap+walk_st_ly_11_06_2024_2_label,outdoor_vine,stationary,198,262,1,0.9160965085029602,3.7783544063568115,1730892917_514060740.npy,0.0,True,5768,3.666271209716797,0.2210066318511963,0.11208319664001465,0.11208319664001465,0.030571441726121668,
out_vine_4swap+walk_st_ly_11_06_2024_2_label,outdoor_vine,stationary,198,262,2,0.8978702425956726,3.429460287094116,1730892917_514060740.npy,0.0,True,4945,3.5126168727874756,0.2893543243408203,-0.08315658569335938,0.08315658569335938,0.023673685091471292,
out_vine_4swap+walk_st_ly_11_06_2024_2_label,outdoor_vine,stationary,199,263,0,0.9147930145263672,4.2162275314331055,1730892917_578685740.npy,0.0,True,4955,4.114375591278076,0.1301729679107666,0.1018519401550293,0.1018519401550293,0.02475513912024506,
out_vine_4swap+walk_st_ly_11_06_2024_2_label,outdoor_vine,stationary,199,263,1,0.9050717949867249,3.831592559814453,1730892917_578685740.npy,0.0,True,5886,3.7126145362854004,0.19266003370285034,0.11897802352905273,0.11897802352905273,0.03204696376804428,
out_vine_4swap+walk_st_ly_11_06_2024_2_label,outdoor_vine,stationary,199,263,2,0.8943771123886108,3.4352669715881348,1730892917_578685740.npy,0.0,True,4602,3.5196433067321777,0.31221556663513184,-0.08437633514404297,0.08437633514404297,0.023972979018258074,
out_vine_4swap+walk_st_ly_11_06_2024_2_label,outdoor_vine,stationary,200,265,0,0.9156033992767334,4.254312038421631,1730892917_712235740.npy,0.0,True,4379,4.15220832824707,0.11155438423156738,0.10210371017456055,0.10210371017456055,0.024590218530211722,
out_vine_4swap+walk_st_ly_11_06_2024_2_label,outdoor_vine,stationary,200,265,1,0.9039468765258789,3.903902292251587,1730892917_712235740.npy,0.0,True,6276,3.738781213760376,0.20996099710464478,0.16512107849121094,0.16512107849121094,0.0441644132273619,
out_vine_4swap+walk_st_ly_11_06_2024_2_label,outdoor_vine,stationary,200,265,2,0.9016147255897522,3.4625003337860107,1730892917_712235740.npy,0.0,True,4855,3.5168237686157227,0.27279961109161377,-0.054323434829711914,0.054323434829711914,0.01544673216625082,
out_vine_4swap+walk_st_ly_11_06_2024_2_label,outdoor_vine,stationary,201,266,0,0.9226542115211487,4.273215293884277,1730892917_849697740.npy,0.0,True,4365,4.1758551597595215,0.11551427841186523,0.09736013412475586,0.09736013412475586,0.023315017020456862,
out_vine_4swap+walk_st_ly_11_06_2024_2_label,outdoor_vine,stationary,201,266,1,0.9049097895622253,3.5193707942962646,1730892917_849697740.npy,0.0,True,4804,3.5358715057373047,0.2914227247238159,-0.01650071144104004,0.01650071144104004,0.0046666603733382245,
out_vine_4swap+walk_st_ly_11_06_2024_2_label,outdoor_vine,stationary,201,266,2,0.8975040912628174,3.938673973083496,1730892917_849697740.npy,0.0,True,6063,3.787261724472046,0.17866849899291992,0.1514122486114502,0.1514122486114502,0.039979346458438245,
out_vine_4swap+walk_st_ly_11_06_2024_2_label,outdoor_vine,stationary,202,267,0,0.923680305480957,4.2962751388549805,,0.06293296813964844,False,0,,,,,,no_matching_depth_map
out_vine_4swap+walk_st_ly_11_06_2024_2_label,outdoor_vine,stationary,202,267,1,0.9045765399932861,3.502528190612793,,0.06293296813964844,False,0,,,,,,no_matching_depth_map
out_vine_4swap+walk_st_ly_11_06_2024_2_label,outdoor_vine,stationary,202,267,2,0.8830670714378357,3.9945952892303467,,0.06293296813964844,False,0,,,,,,no_matching_depth_map
out_vine_4swap+walk_st_ly_11_06_2024_2_label,outdoor_vine,stationary,203,268,0,0.9246046543121338,4.292098522186279,1730892918_046379740.npy,0.0,True,4419,4.211082458496094,0.1455373764038086,0.08101606369018555,0.08101606369018555,0.01923877399425678,
out_vine_4swap+walk_st_ly_11_06_2024_2_label,outdoor_vine,stationary,203,268,1,0.9015176296234131,3.5247223377227783,1730892918_046379740.npy,0.0,True,4699,3.5543782711029053,0.23223531246185303,-0.029655933380126953,0.029655933380126953,0.008343493887870541,
out_vine_4swap+walk_st_ly_11_06_2024_2_label,outdoor_vine,stationary,203,268,2,0.8849248290061951,4.068469047546387,1730892918_046379740.npy,0.0,True,5129,3.8869142532348633,0.12941646575927734,0.18155479431152344,0.18155479431152344,0.046709235780137276,
out_vine_4swap+walk_st_ly_11_06_2024_2_label,outdoor_vine,stationary,204,269,0,0.9261100888252258,4.286731243133545,1730892918_112777740.npy,0.0,True,4337,4.218408584594727,0.14757394790649414,0.06832265853881836,0.06832265853881836,0.016196311279169817,
out_vine_4swap+walk_st_ly_11_06_2024_2_label,outdoor_vine,stationary,204,269,1,0.9024030566215515,3.5814952850341797,1730892918_112777740.npy,0.0,True,4791,3.548374891281128,0.22978782653808594,0.03312039375305176,0.03312039375305176,0.009333961254892591,
out_vine_4swap+walk_st_ly_11_06_2024_2_label,outdoor_vine,stationary,204,269,2,0.870074450969696,4.0034613609313965,1730892918_112777740.npy,0.0,True,5179,3.9055585861206055,0.19955313205718994,0.09790277481079102,0.09790277481079102,0.025067547356404637,
out_vine_4swap+walk_st_ly_11_06_2024_2_label,outdoor_vine,stationary,205,270,0,0.9259622693061829,4.307725429534912,1730892918_179827740.npy,0.0,True,4305,4.204527378082275,0.12517070770263672,0.10319805145263672,0.10319805145263672,0.024544506949959813,
out_vine_4swap+walk_st_ly_11_06_2024_2_label,outdoor_vine,stationary,205,270,1,0.9048976302146912,3.5565359592437744,1730892918_179827740.npy,0.0,True,4792,3.5583834648132324,0.2678074836730957,-0.0018475055694580078,0.0018475055694580078,0.0005191979975533573,
out_vine_4swap+walk_st_ly_11_06_2024_2_label,outdoor_vine,stationary,205,270,2,0.8484283685684204,4.154138565063477,1730892918_179827740.npy,0.0,True,4963,3.961765766143799,0.24752390384674072,0.19237279891967773,0.19237279891967773,0.04855733788293208,
out_vine_4swap+walk_st_ly_11_06_2024_2_label,outdoor_vine,stationary,206,272,0,0.9265097379684448,4.320034027099609,1730892918_314946740.npy,0.0,True,4533,4.2069573402404785,0.1285538673400879,0.11307668685913086,0.11307668685913086,0.026878496194274973,
out_vine_4swap+walk_st_ly_11_06_2024_2_label,outdoor_vine,stationary,206,272,1,0.8982199430465698,3.583767890930176,1730892918_314946740.npy,0.0,True,4860,3.586099624633789,0.26302701234817505,-0.0023317337036132812,0.0023317337036132812,0.0006502144244950799,
out_vine_4swap+walk_st_ly_11_06_2024_2_label,outdoor_vine,stationary,206,272,2,0.8794890642166138,4.183680057525635,1730892918_314946740.npy,0.0,True,4992,3.992466926574707,0.22235596179962158,0.19121313095092773,0.19121313095092773,0.04789347901122801,
out_vine_4swap+walk_st_ly_11_06_2024_2_label,outdoor_vine,stationary,207,272,0,0.9265097379684448,4.317340850830078,1730892918_314946740.npy,0.0,True,4533,4.2069573402404785,0.1285538673400879,0.11038351058959961,0.11038351058959961,0.026238324200190215,
out_vine_4swap+walk_st_ly_11_06_2024_2_label,outdoor_vine,stationary,207,272,1,0.8982199430465698,3.5938291549682617,1730892918_314946740.npy,0.0,True,4860,3.586099624633789,0.26302701234817505,0.007729530334472656,0.007729530334472656,0.002155414278336451,
out_vine_4swap+walk_st_ly_11_06_2024_2_label,outdoor_vine,stationary,207,272,2,0.8794890642166138,4.223740577697754,1730892918_314946740.npy,0.0,True,4992,3.992466926574707,0.22235596179962158,0.23127365112304688,0.23127365112304688,0.057927505819432186,
out_vine_4swap+walk_st_ly_11_06_2024_2_label,outdoor_vine,stationary,208,273,0,0.9196882247924805,4.318270683288574,1730892918_513810740.npy,0.0,True,4509,4.219496250152588,0.1275629997253418,0.09877443313598633,0.09877443313598633,0.02340905816243216,
out_vine_4swap+walk_st_ly_11_06_2024_2_label,outdoor_vine,stationary,208,273,1,0.8989049792289734,3.6903269290924072,1730892918_513810740.npy,0.0,True,5066,3.6012048721313477,0.23983150720596313,0.08912205696105957,0.08912205696105957,0.024747844159255874,
out_vine_4swap+walk_st_ly_11_06_2024_2_label,outdoor_vine,stationary,208,273,2,0.8496080040931702,4.3073225021362305,1730892918_513810740.npy,0.0,True,4907,4.05924129486084,0.27417564392089844,0.24808120727539062,0.24808120727539062,0.06111516642025475,
out_vine_4swap+walk_st_ly_11_06_2024_2_label,outdoor_vine,stationary,209,274,0,0.9229263663291931,4.316778659820557,1730892918_580322740.npy,0.0,True,4434,4.216962814331055,0.1440056562423706,0.09981584548950195,0.09981584548950195,0.023670079600959428,
out_vine_4swap+walk_st_ly_11_06_2024_2_label,outdoor_vine,stationary,209,274,1,0.9014882445335388,3.6099886894226074,1730892918_580322740.npy,0.0,True,5058,3.601607322692871,0.20920813083648682,0.008381366729736328,0.008381366729736328,0.0023271184165267905,
out_vine_4swap+walk_st_ly_11_06_2024_2_label,outdoor_vine,stationary,209,274,2,0.8338086605072021,4.296937465667725,1730892918_580322740.npy,0.0,True,4852,4.080888748168945,0.2049378752708435,0.2160487174987793,0.2160487174987793,0.052941584745655766,
out_vine_4swap+walk_st_ly_11_06_2024_2_label,outdoor_vine,stationary,210,276,0,0.9275282621383667,4.311168670654297,1730892918_713798740.npy,0.0,True,4397,4.224668025970459,0.15422916412353516,0.08650064468383789,0.08650064468383789,0.020475134176718562,
out_vine_4swap+walk_st_ly_11_06_2024_2_label,outdoor_vine,stationary,210,276,1,0.904446005821228,3.6747467517852783,1730892918_713798740.npy,0.0,True,5204,3.5972375869750977,0.23190230131149292,0.07750916481018066,0.07750916481018066,0.02154685725814341,
out_vine_4swap+walk_st_ly_11_06_2024_2_label,outdoor_vine,stationary,210,276,2,0.776944100856781,4.304525852203369,1730892918_713798740.npy,0.0,True,4445,4.117099761962891,0.21534395217895508,0.18742609024047852,0.18742609024047852,0.04552381556844283,
out_vine_4swap+walk_st_ly_11_06_2024_2_label,outdoor_vine,stationary,211,277,0,0.9276297688484192,4.305962562561035,1730892918_781703740.npy,0.0,True,4386,4.222744941711426,0.1406712532043457,0.08321762084960938,0.08321762084960938,0.019706996751710587,
out_vine_4swap+walk_st_ly_11_06_2024_2_label,outdoor_vine,stationary,211,277,1,0.9040218591690063,3.7180421352386475,1730892918_781703740.npy,0.0,True,5247,3.5630717277526855,0.22515225410461426,0.15497040748596191,0.15497040748596191,0.04349348520797403,
out_vine_4swap+walk_st_ly_11_06_2024_2_label,outdoor_vine,stationary,211,277,2,0.8331066370010376,4.358381271362305,1730892918_781703740.npy,0.0,True,4133,4.12990665435791,0.1292414665222168,0.22847461700439453,0.22847461700439453,0.05532198088867367,
out_vine_4swap+walk_st_ly_11_06_2024_2_label,outdoor_vine,stationary,212,279,0,0.9255324006080627,4.304200172424316,1730892918_914299740.npy,0.0,True,4400,4.223781585693359,0.1376800537109375,0.08041858673095703,0.08041858673095703,0.019039475668758056,
out_vine_4swap+walk_st_ly_11_06_2024_2_label,outdoor_vine,stationary,212,279,1,0.9065499901771545,3.6620237827301025,1730892918_914299740.npy,0.0,True,5278,3.5172483921051025,0.18917608261108398,0.144775390625,0.144775390625,0.04116154859860515,
out_vine_4swap+walk_st_ly_11_06_2024_2_label,outdoor_vine,stationary,212,279,2,0.8595343828201294,4.324904441833496,1730892918_914299740.npy,0.0,True,4265,4.177158832550049,0.15314531326293945,0.14774560928344727,0.14774560928344727,0.03536988063086228,
out_vine_4swap+walk_st_ly_11_06_2024_2_label,outdoor_vine,stationary,213,280,0,0.9248057007789612,4.332333087921143,1730892918_981891740.npy,0.0,True,4516,4.223875999450684,0.1259831190109253,0.10845708847045898,0.10845708847045898,0.025677147834018768,
out_vine_4swap+walk_st_ly_11_06_2024_2_label,outdoor_vine,stationary,213,280,1,0.905075192451477,3.6792261600494385,1730892918_981891740.npy,0.0,True,5404,3.4973883628845215,0.20536154508590698,0.181837797164917,0.181837797164917,0.05199245216649136,
out_vine_4swap+walk_st_ly_11_06_2024_2_label,outdoor_vine,stationary,213,280,2,0.8441562652587891,4.313999652862549,1730892918_981891740.npy,0.0,True,4478,4.1747541427612305,0.2436821460723877,0.13924551010131836,0.13924551010131836,0.03335418214812999,
out_vine_4swap+walk_st_ly_11_06_2024_2_label,outdoor_vine,stationary,214,281,0,0.9265838265419006,4.323123931884766,1730892919_182438740.npy,0.0,True,4414,4.2232255935668945,0.10734117031097412,0.0998983383178711,0.0998983383178711,0.023654511487627622,
out_vine_4swap+walk_st_ly_11_06_2024_2_label,outdoor_vine,stationary,214,281,1,0.9019569158554077,3.7168188095092773,1730892919_182438740.npy,0.0,True,5442,3.4878482818603516,0.21084290742874146,0.22897052764892578,0.22897052764892578,0.06564807558853944,
out_vine_4swap+walk_st_ly_11_06_2024_2_label,outdoor_vine,stationary,214,281,2,0.8524749875068665,4.346225738525391,1730892919_182438740.npy,0.0,True,4407,4.164212703704834,0.18725824356079102,0.18201303482055664,0.18201303482055664,0.043708870744912365,
out_vine_4swap+walk_st_ly_11_06_2024_2_label,outdoor_vine,stationary,215,281,0,0.9265838265419006,4.30689001083374,1730892919_182438740.npy,0.0,True,4414,4.2232255935668945,0.10734117031097412,0.0836644172668457,0.0836644172668457,0.01981054893072467,
out_vine_4swap+walk_st_ly_11_06_2024_2_label,outdoor_vine,stationary,215,281,1,0.9019569158554077,3.6993014812469482,1730892919_182438740.npy,0.0,True,5442,3.4878482818603516,0.21084290742874146,0.21145319938659668,0.21145319938659668,0.060625687328868444,
out_vine_4swap+walk_st_ly_11_06_2024_2_label,outdoor_vine,stationary,215,281,2,0.8524749875068665,4.296561241149902,1730892919_182438740.npy,0.0,True,4407,4.164212703704834,0.18725824356079102,0.13234853744506836,0.13234853744506836,0.03178236724731183,
out_vine_4swap+walk_st_ly_11_06_2024_2_label,outdoor_vine,stationary,216,282,0,0.9273839592933655,4.328487873077393,1730892919_383140740.npy,0.0,True,4396,4.2436723709106445,0.11326861381530762,0.08481550216674805,0.08481550216674805,0.01998634549361962,
out_vine_4swap+walk_st_ly_11_06_2024_2_label,outdoor_vine,stationary,216,282,1,0.9012532234191895,3.729043960571289,1730892919_383140740.npy,0.0,True,5327,3.480882167816162,0.19847512245178223,0.24816179275512695,0.24816179275512695,0.07129278751507376,
out_vine_4swap+walk_st_ly_11_06_2024_2_label,outdoor_vine,stationary,216,282,2,0.8644816279411316,4.248426914215088,1730892919_383140740.npy,0.0,True,4532,4.107862949371338,0.2739013433456421,0.14056396484375,0.14056396484375,0.034218270321131755,
out_vine_4swap+walk_st_ly_11_06_2024_2_label,outdoor_vine,stationary,217,284,0,0.9269257187843323,4.339797019958496,1730892919_519255740.npy,0.0,True,4307,4.228936195373535,0.11631631851196289,0.11086082458496094,0.11086082458496094,0.026214825540816365,
out_vine_4swap+walk_st_ly_11_06_2024_2_label,outdoor_vine,stationary,217,284,1,0.8994841575622559,3.6750900745391846,1730892919_519255740.npy,0.0,True,5372,3.476705312728882,0.22832375764846802,0.19838476181030273,0.19838476181030273,0.05706113805043478,
out_vine_4swap+walk_st_ly_11_06_2024_2_label,outdoor_vine,stationary,217,284,2,0.8560393452644348,4.123546600341797,1730892919_519255740.npy,0.0,True,4314,4.058925628662109,0.1931074857711792,0.0646209716796875,0.0646209716796875,0.015920708480925694,
out_vine_4swap+walk_st_ly_11_06_2024_2_label,outdoor_vine,stationary,218,284,0,0.9269257187843323,4.342428207397461,1730892919_519255740.npy,0.0,True,4307,4.228936195373535,0.11631631851196289,0.11349201202392578,0.11349201202392578,0.026837012142222973,
out_vine_4swap+walk_st_ly_11_06_2024_2_label,outdoor_vine,stationary,218,284,1,0.8994841575622559,3.7531511783599854,1730892919_519255740.npy,0.0,True,5372,3.476705312728882,0.22832375764846802,0.2764458656311035,0.2764458656311035,0.07951374671272322,
out_vine_4swap+walk_st_ly_11_06_2024_2_label,outdoor_vine,stationary,218,284,2,0.8560393452644348,4.090708255767822,1730892919_519255740.npy,0.0,True,4314,4.058925628662109,0.1931074857711792,0.03178262710571289,0.03178262710571289,0.007830305359940528,
out_vine_4swap+walk_st_ly_11_06_2024_2_label,outdoor_vine,stationary,219,285,0,0.9245947003364563,4.348541736602783,1730892919_849194740.npy,0.0,True,4279,4.230380535125732,0.12312602996826172,0.11816120147705078,0.11816120147705078,0.02793157743043059,
out_vine_4swap+walk_st_ly_11_06_2024_2_label,outdoor_vine,stationary,219,285,1,0.9030382633209229,3.653275489807129,1730892919_849194740.npy,0.0,True,5749,3.5027260780334473,0.2550933361053467,0.15054941177368164,0.15054941177368164,0.04298064091217928,
out_vine_4swap+walk_st_ly_11_06_2024_2_label,outdoor_vine,stationary,219,285,2,0.8550606966018677,3.9869585037231445,1730892919_849194740.npy,0.0,True,4885,3.900360345840454,0.17180705070495605,0.08659815788269043,0.08659815788269043,0.022202604427317384,
out_vine_4swap+walk_st_ly_11_06_2024_2_label,outdoor_vine,stationary,220,286,0,0.9258368611335754,4.334374904632568,1730892919_917022740.npy,0.0,True,4235,4.220699310302734,0.12292242050170898,0.11367559432983398,0.11367559432983398,0.026932881490124554,
out_vine_4swap+walk_st_ly_11_06_2024_2_label,outdoor_vine,stationary,220,286,1,0.9055070281028748,3.6809327602386475,1730892919_917022740.npy,0.0,True,5706,3.4838359355926514,0.24387657642364502,0.1970968246459961,0.1970968246459961,0.056574657443639646,
out_vine_4swap+walk_st_ly_11_06_2024_2_label,outdoor_vine,stationary,220,286,2,0.8573471903800964,3.980189323425293,1730892919_917022740.npy,0.0,True,4935,3.8730175495147705,0.16926860809326172,0.10717177391052246,0.10717177391052246,0.027671388662813944,
out_vine_4swap+walk_st_ly_11_06_2024_2_label,outdoor_vine,stationary,221,287,0,0.9257394075393677,4.334678649902344,1730892919_982798740.npy,0.0,True,4271,4.2229156494140625,0.12929105758666992,0.11176300048828125,0.11176300048828125,0.026465837768696276,
out_vine_4swap+walk_st_ly_11_06_2024_2_label,outdoor_vine,stationary,221,287,1,0.9062334299087524,3.571927070617676,1730892919_982798740.npy,0.0,True,5689,3.474843740463257,0.25159668922424316,0.09708333015441895,0.09708333015441895,0.027938905287716927,
out_vine_4swap+walk_st_ly_11_06_2024_2_label,outdoor_vine,stationary,221,287,2,0.8797363638877869,3.9213764667510986,1730892919_982798740.npy,0.0,True,5631,3.8381969928741455,0.17058110237121582,0.08317947387695312,0.08317947387695312,0.02167149680732413,
out_vine_4swap+walk_st_ly_11_06_2024_2_label,outdoor_vine,stationary,222,289,0,0.9273697137832642,4.3380608558654785,1730892920_118006740.npy,0.0,True,4225,4.226999282836914,0.11789417266845703,0.11106157302856445,0.11106157302856445,0.02627432975432786,
out_vine_4swap+walk_st_ly_11_06_2024_2_label,outdoor_vine,stationary,222,289,1,0.9071024656295776,3.611257314682007,1730892920_118006740.npy,0.0,True,5468,3.4944567680358887,0.2584601640701294,0.11680054664611816,0.11680054664611816,0.03342452186402857,
out_vine_4swap+walk_st_ly_11_06_2024_2_label,outdoor_vine,stationary,222,289,2,0.8670815229415894,3.893289089202881,1730892920_118006740.npy,0.0,True,6721,3.7542691230773926,0.10824918746948242,0.13901996612548828,0.13901996612548828,0.03702983498730452,
out_vine_4swap+walk_st_ly_11_06_2024_2_label,outdoor_vine,stationary,223,290,0,0.9279844164848328,4.331345558166504,1730892920_183591740.npy,0.0,True,4318,4.232208251953125,0.12127518653869629,0.0991373062133789,0.0991373062133789,0.02342448677180003,
out_vine_4swap+walk_st_ly_11_06_2024_2_label,outdoor_vine,stationary,223,290,1,0.9068942666053772,3.559129476547241,1730892920_183591740.npy,0.0,True,5205,3.5019943714141846,0.2508220672607422,0.05713510513305664,0.05713510513305664,0.016315019121513948,
out_vine_4swap+walk_st_ly_11_06_2024_2_label,outdoor_vine,stationary,223,290,2,0.8534955382347107,3.865901231765747,1730892920_183591740.npy,0.0,True,7042,3.7419447898864746,0.12370973825454712,0.12395644187927246,0.12395644187927246,0.03312620811891592,
out_vine_4swap+walk_st_ly_11_06_2024_2_label,outdoor_vine,stationary,224,292,0,0.9273844957351685,4.329345226287842,1730892920_316409740.npy,0.0,True,4287,4.243629455566406,0.1570436954498291,0.08571577072143555,0.08571577072143555,0.020198693504919808,
out_vine_4swap+walk_st_ly_11_06_2024_2_label,outdoor_vine,stationary,224,292,1,0.8857228755950928,3.4690186977386475,1730892920_316409740.npy,0.0,True,5105,3.477562427520752,0.30330586433410645,-0.008543729782104492,0.008543729782104492,0.0024568156460660715,
out_vine_4swap+walk_st_ly_11_06_2024_2_label,outdoor_vine,stationary,224,292,2,0.8776251673698425,3.7990479469299316,1730892920_316409740.npy,0.0,True,6570,3.708230495452881,0.16202658414840698,0.09081745147705078,0.09081745147705078,0.02449077844228218,
out_vine_4swap+walk_st_ly_11_06_2024_2_label,outdoor_vine,stationary,224,292,3,0.6910191178321838,4.651319980621338,1730892920_316409740.npy,0.0,True,658,4.187236309051514,1.022066354751587,0.4640836715698242,0.4640836715698242,0.11083293067711952,
out_vine_4swap+walk_st_ly_11_06_2024_2_label,outdoor_vine,stationary,225,293,0,0.9275611639022827,4.3406147956848145,1730892920_386910740.npy,0.0,True,4273,4.233124732971191,0.12741756439208984,0.10749006271362305,0.10749006271362305,0.025392604634680054,
out_vine_4swap+walk_st_ly_11_06_2024_2_label,outdoor_vine,stationary,225,293,1,0.8889796733856201,3.77984619140625,1730892920_386910740.npy,0.0,True,6628,3.7204341888427734,0.18656820058822632,0.05941200256347656,0.05941200256347656,0.01596910455818503,
out_vine_4swap+walk_st_ly_11_06_2024_2_label,outdoor_vine,stationary,225,293,2,0.8866759538650513,3.454292058944702,1730892920_386910740.npy,0.0,True,4901,3.467146635055542,0.2696094512939453,-0.012854576110839844,0.012854576110839844,0.0037075374836674363,
out_vine_4swap+walk_st_ly_11_06_2024_2_label,outdoor_vine,stationary,225,293,3,0.7738831639289856,5.130421161651611,1730892920_386910740.npy,0.0,True,663,4.234107494354248,0.954235315322876,0.8963136672973633,0.8963136672973633,0.21168892582262175,
out_vine_4swap+walk_st_ly_11_06_2024_2_label,outdoor_vine,stationary,226,295,0,0.9267199635505676,4.33854341506958,1730892920_518029740.npy,0.0,True,4382,4.230798721313477,0.11227250099182129,0.10774469375610352,0.10774469375610352,0.025466750099294142,
out_vine_4swap+walk_st_ly_11_06_2024_2_label,outdoor_vine,stationary,226,295,1,0.9025933742523193,3.7375569343566895,1730892920_518029740.npy,0.0,True,6012,3.6549625396728516,0.21632975339889526,0.08259439468383789,0.08259439468383789,0.022597877211412064,
out_vine_4swap+walk_st_ly_11_06_2024_2_label,outdoor_vine,stationary,226,295,2,0.8898500800132751,3.383620023727417,1730892920_518029740.npy,0.0,True,4720,3.4466640949249268,0.2730181813240051,-0.06304407119750977,0.06304407119750977,0.018291330243158772,
out_vine_4swap+walk_st_ly_11_06_2024_2_label,outdoor_vine,stationary,226,295,3,0.8413861393928528,5.145999908447266,1730892920_518029740.npy,0.0,True,1062,4.832487106323242,0.8233035802841187,0.31351280212402344,0.31351280212402344,0.06487607627836116,
out_vine_4swap+walk_st_ly_11_06_2024_2_label,outdoor_vine,stationary,227,297,0,0.9275578856468201,4.331761360168457,1730892920_784070740.npy,0.0,True,4454,4.245517730712891,0.10772132873535156,0.0862436294555664,0.0862436294555664,0.020314042933247792,
out_vine_4swap+walk_st_ly_11_06_2024_2_label,outdoor_vine,stationary,227,297,1,0.9011386632919312,3.3748228549957275,1730892920_784070740.npy,0.0,True,4968,3.396862506866455,0.2750781178474426,-0.02203965187072754,0.02203965187072754,0.006488237844827792,
out_vine_4swap+walk_st_ly_11_06_2024_2_label,outdoor_vine,stationary,227,297,2,0.8855421543121338,3.6809003353118896,1730892920_784070740.npy,0.0,True,5321,3.5476677417755127,0.12700247764587402,0.13323259353637695,0.13323259353637695,0.03755498068984826,
out_vine_4swap+walk_st_ly_11_06_2024_2_label,outdoor_vine,stationary,227,297,3,0.8725217580795288,5.286482334136963,1730892920_784070740.npy,0.0,True,1535,4.959070205688477,0.30989956855773926,0.32741212844848633,0.32741212844848633,0.06602288632109235,
out_vine_4swap+walk_st_ly_11_06_2024_2_label,outdoor_vine,stationary,228,297,0,0.9275578856468201,4.348392963409424,1730892920_784070740.npy,0.0,True,4454,4.245517730712891,0.10772132873535156,0.1028752326965332,0.1028752326965332,0.02423149288773758,
out_vine_4swap+walk_st_ly_11_06_2024_2_label,outdoor_vine,stationary,228,297,1,0.9011386632919312,3.3517184257507324,1730892920_784070740.npy,0.0,True,4968,3.396862506866455,0.2750781178474426,-0.045144081115722656,0.045144081115722656,0.013289934763172756,
out_vine_4swap+walk_st_ly_11_06_2024_2_label,outdoor_vine,stationary,228,297,2,0.8855421543121338,3.6196255683898926,1730892920_784070740.npy,0.0,True,5321,3.5476677417755127,0.12700247764587402,0.07195782661437988,0.07195782661437988,0.020283135809772004,
out_vine_4swap+walk_st_ly_11_06_2024_2_label,outdoor_vine,stationary,228,297,3,0.8725217580795288,5.323150157928467,1730892920_784070740.npy,0.0,True,1535,4.959070205688477,0.30989956855773926,0.36407995223999023,0.36407995223999023,0.07341697881638366,
out_vine_4swap+walk_st_ly_11_06_2024_2_label,outdoor_vine,stationary,229,299,0,0.9297148585319519,4.36896276473999,1730892920_919334740.npy,0.0,True,4348,4.247231483459473,0.10078573226928711,0.12173128128051758,0.12173128128051758,0.028661324854694407,
out_vine_4swap+walk_st_ly_11_06_2024_2_label,outdoor_vine,stationary,229,299,1,0.8980236649513245,3.366870403289795,1730892920_919334740.npy,0.0,True,4888,3.392165184020996,0.3277667760848999,-0.025294780731201172,0.025294780731201172,0.007456824582232552,
out_vine_4swap+walk_st_ly_11_06_2024_2_label,outdoor_vine,stationary,229,299,2,0.882840633392334,3.580044984817505,1730892920_919334740.npy,0.0,True,5262,3.5034103393554688,0.18947124481201172,0.07663464546203613,0.07663464546203613,0.02187429905117389,
out_vine_4swap+walk_st_ly_11_06_2024_2_label,outdoor_vine,stationary,229,299,3,0.8368730545043945,4.9340949058532715,1730892920_919334740.npy,0.0,True,2587,5.073470115661621,0.4438667297363281,-0.1393752098083496,0.1393752098083496,0.027471376913821434,
out_vine_4swap+walk_st_ly_11_06_2024_2_label,outdoor_vine,stationary,230,300,0,0.9304755330085754,4.367162227630615,1730892920_989739740.npy,0.0,True,4413,4.258321762084961,0.12441301345825195,0.1088404655456543,0.1088404655456543,0.02555947427804605,
out_vine_4swap+walk_st_ly_11_06_2024_2_label,outdoor_vine,stationary,230,300,1,0.8996868133544922,3.329981565475464,1730892920_989739740.npy,0.0,True,4860,3.3942065238952637,0.31885451078414917,-0.0642249584197998,0.0642249584197998,0.018921935942216583,
out_vine_4swap+walk_st_ly_11_06_2024_2_label,outdoor_vine,stationary,230,300,2,0.8849211931228638,3.5442025661468506,1730892920_989739740.npy,0.0,True,5170,3.456413745880127,0.21171021461486816,0.08778882026672363,0.08778882026672363,0.02539881701702047,
out_vine_4swap+walk_st_ly_11_06_2024_2_label,outdoor_vine,stationary,230,300,3,0.7985803484916687,4.410749912261963,1730892920_989739740.npy,0.0,True,2240,4.974108695983887,1.526417076587677,-0.5633587837219238,0.5633587837219238,0.11325823743594139,
out_vine_4swap+walk_st_ly_11_06_2024_2_label,outdoor_vine,stationary,231,302,0,0.934395432472229,4.355081081390381,1730892921_118013740.npy,0.0,True,4498,4.278469085693359,0.10764145851135254,0.07661199569702148,0.07661199569702148,0.0179064039408867,
out_vine_4swap+walk_st_ly_11_06_2024_2_label,outdoor_vine,stationary,231,302,1,0.9027334451675415,3.488638401031494,1730892921_118013740.npy,0.0,True,6284,3.4107089042663574,0.18417149782180786,0.07792949676513672,0.07792949676513672,0.02284847489261161,
out_vine_4swap+walk_st_ly_11_06_2024_2_label,outdoor_vine,stationary,231,302,2,0.9010285139083862,3.3408331871032715,1730892921_118013740.npy,0.0,True,4839,3.3909871578216553,0.2838263511657715,-0.05015397071838379,0.05015397071838379,0.014790374715132311,
out_vine_4swap+walk_st_ly_11_06_2024_2_label,outdoor_vine,stationary,232,303,0,0.929071307182312,4.398336887359619,1730892921_184698740.npy,0.0,True,4629,4.298180103302002,0.14080047607421875,0.10015678405761719,0.10015678405761719,0.02330213756763554,
out_vine_4swap+walk_st_ly_11_06_2024_2_label,outdoor_vine,stationary,232,303,1,0.9069809913635254,3.441333532333374,1730892921_184698740.npy,0.0,True,5704,3.4098892211914062,0.17690277099609375,0.03144431114196777,0.03144431114196777,0.009221505187485596,
out_vine_4swap+walk_st_ly_11_06_2024_2_label,outdoor_vine,stationary,232,303,2,0.9046690464019775,3.3785150051116943,1730892921_184698740.npy,0.0,True,4800,3.4004416465759277,0.29406964778900146,-0.0219266414642334,0.0219266414642334,0.00644817460294089,
out_vine_4swap+walk_st_ly_11_06_2024_2_label,outdoor_vine,stationary,233,305,0,0.9177718162536621,4.36885404586792,1730892921_320216740.npy,0.0,True,4783,4.312225341796875,0.15520715713500977,0.05662870407104492,0.05662870407104492,0.01313213006800988,
out_vine_4swap+walk_st_ly_11_06_2024_2_label,outdoor_vine,stationary,233,305,1,0.9128850102424622,3.431922197341919,1730892921_320216740.npy,0.0,True,6099,3.3763864040374756,0.14955627918243408,0.05553579330444336,0.05553579330444336,0.016448293133165617,
out_vine_4swap+walk_st_ly_11_06_2024_2_label,outdoor_vine,stationary,233,305,2,0.9084034562110901,3.3482072353363037,1730892921_320216740.npy,0.0,True,4871,3.3924720287323,0.29951953887939453,-0.044264793395996094,0.044264793395996094,0.01304794645942504,
out_vine_4swap+walk_st_ly_11_06_2024_2_label,outdoor_vine,stationary,234,306,0,0.9164348840713501,4.396114826202393,1730892921_385284740.npy,0.0,True,4687,4.327657222747803,0.19637846946716309,0.06845760345458984,0.06845760345458984,0.015818628863383817,
out_vine_4swap+walk_st_ly_11_06_2024_2_label,outdoor_vine,stationary,234,306,1,0.9091127514839172,3.354735851287842,1730892921_385284740.npy,0.0,True,4906,3.4001169204711914,0.3088487982749939,-0.04538106918334961,0.04538106918334961,0.01334691431054102,
out_vine_4swap+walk_st_ly_11_06_2024_2_label,outdoor_vine,stationary,234,306,2,0.907794713973999,3.388223171234131,1730892921_385284740.npy,0.0,True,7359,3.417768955230713,0.3271230459213257,-0.02954578399658203,0.02954578399658203,0.008644757554884974,
out_vine_4swap+walk_st_ly_11_06_2024_2_label,outdoor_vine,stationary,235,308,0,0.917464554309845,3.3520278930664062,1730892921_518502740.npy,0.0,True,4941,3.3921756744384766,0.3487398624420166,-0.04014778137207031,0.04014778137207031,0.011835407486293047,
out_vine_4swap+walk_st_ly_11_06_2024_2_label,outdoor_vine,stationary,235,308,1,0.9173157811164856,4.392848968505859,1730892921_518502740.npy,0.0,True,4640,4.329614162445068,0.19758069515228271,0.06323480606079102,0.06323480606079102,0.0146051827456792,
out_vine_4swap+walk_st_ly_11_06_2024_2_label,outdoor_vine,stationary,235,308,2,0.8885563611984253,3.3565585613250732,1730892921_518502740.npy,0.0,True,8995,3.5636889934539795,0.8471245765686035,-0.20713043212890625,0.20713043212890625,0.05812247716043044,
out_vine_4swap+walk_st_ly_11_06_2024_2_label,outdoor_vine,stationary,236,309,0,0.9194303154945374,4.402828693389893,1730892921_589217740.npy,0.0,True,4460,4.344231605529785,0.18116819858551025,0.05859708786010742,0.05859708786010742,0.013488481549998167,
out_vine_4swap+walk_st_ly_11_06_2024_2_label,outdoor_vine,stationary,236,309,1,0.9133104085922241,3.33697247505188,1730892921_589217740.npy,0.0,True,4954,3.3973803520202637,0.35818326473236084,-0.06040787696838379,0.06040787696838379,0.01778072241233221,
out_vine_4swap+walk_st_ly_11_06_2024_2_label,outdoor_vine,stationary,236,309,2,0.8881912231445312,3.3157095909118652,1730892921_589217740.npy,0.0,True,8777,3.561544418334961,1.4486362934112549,-0.2458348274230957,0.2458348274230957,0.06902478210226132,
out_vine_4swap+walk_st_ly_11_06_2024_2_label,outdoor_vine,stationary,236,309,3,0.15905696153640747,6.526888370513916,1730892921_589217740.npy,0.0,True,3279,4.3098955154418945,1.581493854522705,2.2169928550720215,2.2169928550720215,0.514395963226666,
out_vine_4swap+walk_st_ly_11_06_2024_2_label,outdoor_vine,stationary,237,311,0,0.941231369972229,4.396795749664307,1730892921_720434740.npy,0.0,True,5362,4.3191914558410645,0.1448301076889038,0.07760429382324219,0.07760429382324219,0.017967319720984795,
out_vine_4swap+walk_st_ly_11_06_2024_2_label,outdoor_vine,stationary,237,311,1,0.9176729321479797,3.3379018306732178,1730892921_720434740.npy,0.0,True,5186,3.3931384086608887,0.3558463454246521,-0.0552365779876709,0.0552365779876709,0.01627890505341047,
out_vine_4swap+walk_st_ly_11_06_2024_2_label,outdoor_vine,stationary,237,311,2,0.9089555144309998,3.2642569541931152,1730892921_720434740.npy,0.0,True,9570,3.446272850036621,1.2750921249389648,-0.18201589584350586,0.18201589584350586,0.05281528879571207,
out_vine_4swap+walk_st_ly_11_06_2024_2_label,outdoor_vine,stationary,237,311,3,0.6489050984382629,3.4365458488464355,1730892921_720434740.npy,0.0,True,1877,4.108403205871582,1.1958565711975098,-0.6718573570251465,0.6718573570251465,0.16353247803549373,
out_vine_4swap+walk_st_ly_11_06_2024_2_label,outdoor_vine,stationary,238,312,0,0.9438353776931763,4.3882575035095215,1730892921_785608740.npy,0.0,True,5532,4.3006086349487305,0.15292203426361084,0.08764886856079102,0.08764886856079102,0.020380573077149095,
out_vine_4swap+walk_st_ly_11_06_2024_2_label,outdoor_vine,stationary,238,312,1,0.9160482883453369,3.3409619331359863,1730892921_785608740.npy,0.0,True,5137,3.3936922550201416,0.3399085998535156,-0.05273032188415527,0.05273032188415527,0.01553774412106861,
out_vine_4swap+walk_st_ly_11_06_2024_2_label,outdoor_vine,stationary,238,312,2,0.8936223387718201,3.232560873031616,1730892921_785608740.npy,0.0,True,10005,3.3428690433502197,1.1853458881378174,-0.11030817031860352,0.11030817031860352,0.03299805313583352,
out_vine_4swap+walk_st_ly_11_06_2024_2_label,outdoor_vine,stationary,238,312,3,0.761031985282898,5.575692176818848,1730892921_785608740.npy,0.0,True,1729,4.40341329574585,1.6436541080474854,1.172278881072998,1.172278881072998,0.26622049813165166,
out_vine_4swap+walk_st_ly_11_06_2024_2_label,outdoor_vine,stationary,239,314,0,0.9149033427238464,3.331162214279175,1730892921_919086740.npy,0.0,True,5046,3.3959779739379883,0.32496005296707153,-0.06481575965881348,0.06481575965881348,0.01908603652798516,
out_vine_4swap+walk_st_ly_11_06_2024_2_label,outdoor_vine,stationary,239,314,1,0.9143818020820618,3.197972536087036,1730892921_919086740.npy,0.0,True,10852,3.2477660179138184,0.6684850454330444,-0.04979348182678223,0.04979348182678223,0.015331609959625955,
out_vine_4swap+walk_st_ly_11_06_2024_2_label,outdoor_vine,stationary,239,314,2,0.9142002463340759,4.384653568267822,1730892921_919086740.npy,0.0,True,5510,4.278341293334961,0.1460016965866089,0.10631227493286133,0.10631227493286133,0.024848946739821933,
out_vine_4swap+walk_st_ly_11_06_2024_2_label,outdoor_vine,stationary,239,314,3,0.8180283904075623,5.605000019073486,1730892921_919086740.npy,0.0,True,1976,4.861536979675293,1.238812804222107,0.7434630393981934,0.7434630393981934,0.15292757054125092,
out_vine_4swap+walk_st_ly_11_06_2024_2_label,outdoor_vine,stationary,240,315,0,0.9189474582672119,3.1637179851531982,1730892921_986054740.npy,0.0,True,11572,3.2135672569274902,0.42792099714279175,-0.04984927177429199,0.04984927177429199,0.015512129602027736,
out_vine_4swap+walk_st_ly_11_06_2024_2_label,outdoor_vine,stationary,240,315,1,0.9159719944000244,4.3712592124938965,1730892921_986054740.npy,0.0,True,5437,4.277137756347656,0.12847042083740234,0.09412145614624023,0.09412145614624023,0.022005710713094415,
out_vine_4swap+walk_st_ly_11_06_2024_2_label,outdoor_vine,stationary,240,315,2,0.9116896986961365,3.3450934886932373,1730892921_986054740.npy,0.0,True,5222,3.3951735496520996,0.3168071508407593,-0.050080060958862305,0.050080060958862305,0.0147503684941213,
out_vine_4swap+walk_st_ly_11_06_2024_2_label,outdoor_vine,stationary,240,315,3,0.8130161762237549,5.575562477111816,1730892921_986054740.npy,0.0,True,2344,4.18327522277832,1.2900331616401672,1.392287254333496,1.392287254333496,0.33282229358287574,
out_vine_4swap+walk_st_ly_11_06_2024_2_label,outdoor_vine,stationary,241,317,0,0.9276390075683594,4.33856201171875,1730892922_120568740.npy,0.0,True,5036,4.253139972686768,0.13133418560028076,0.08542203903198242,0.08542203903198242,0.020084464555729195,
out_vine_4swap+walk_st_ly_11_06_2024_2_label,outdoor_vine,stationary,241,317,1,0.9122264385223389,3.3318257331848145,1730892922_120568740.npy,0.0,True,5091,3.393705129623413,0.2798546552658081,-0.06187939643859863,0.06187939643859863,0.018233580725224987,
out_vine_4swap+walk_st_ly_11_06_2024_2_label,outdoor_vine,stationary,241,317,2,0.9114678502082825,3.139390707015991,1730892922_120568740.npy,0.0,True,12639,3.140641689300537,0.38015949726104736,-0.0012509822845458984,0.0012509822845458984,0.000398320600789232,
out_vine_4swap+walk_st_ly_11_06_2024_2_label,outdoor_vine,stationary,241,317,3,0.8600325584411621,4.561000347137451,1730892922_120568740.npy,0.0,True,2327,4.551755428314209,1.5594935417175293,0.009244918823242188,0.009244918823242188,0.0020310666881911406,
out_vine_4swap+walk_st_ly_11_06_2024_2_label,outdoor_vine,stationary,242,318,0,0.9301794767379761,4.320857524871826,1730892922_186325740.npy,0.0,True,4935,4.248695373535156,0.12371540069580078,0.07216215133666992,0.07216215133666992,0.01698454348743457,
out_vine_4swap+walk_st_ly_11_06_2024_2_label,outdoor_vine,stationary,242,318,1,0.9164550304412842,3.1034796237945557,1730892922_186325740.npy,0.0,True,11561,3.0854692459106445,0.2552070617675781,0.018010377883911133,0.018010377883911133,0.005837160071448242,
out_vine_4swap+walk_st_ly_11_06_2024_2_label,outdoor_vine,stationary,242,318,2,0.9118549823760986,3.347813367843628,1730892922_186325740.npy,0.0,True,5134,3.396698474884033,0.28579390048980713,-0.04888510704040527,0.04888510704040527,0.014391947769833841,
out_vine_4swap+walk_st_ly_11_06_2024_2_label,outdoor_vine,stationary,242,318,3,0.8681158423423767,3.433659076690674,1730892922_186325740.npy,0.0,True,2389,4.195807933807373,1.3209376335144043,-0.7621488571166992,0.7621488571166992,0.1816453157866804,
out_vine_4swap+walk_st_ly_11_06_2024_2_label,outdoor_vine,stationary,243,320,0,0.9178271889686584,3.367588758468628,1730892922_319781740.npy,0.0,True,5134,3.386730670928955,0.28954392671585083,-0.01914191246032715,0.01914191246032715,0.005652032688822186,
out_vine_4swap+walk_st_ly_11_06_2024_2_label,outdoor_vine,stationary,243,320,1,0.9118632078170776,4.302700996398926,1730892922_319781740.npy,0.0,True,4848,4.213680267333984,0.10577213764190674,0.0890207290649414,0.0890207290649414,0.021126597989663144,
out_vine_4swap+walk_st_ly_11_06_2024_2_label,outdoor_vine,stationary,243,320,2,0.9048801064491272,3.0579659938812256,1730892922_319781740.npy,0.0,True,9567,2.9999942779541016,0.2137683629989624,0.05797171592712402,0.05797171592712402,0.019323942166536014,
out_vine_4swap+walk_st_ly_11_06_2024_2_label,outdoor_vine,stationary,243,320,3,0.8731727600097656,3.922375202178955,1730892922_319781740.npy,0.0,True,2116,4.986798286437988,0.7761870622634888,-1.0644230842590332,1.0644230842590332,0.2134481932332856,
out_vine_4swap+walk_st_ly_11_06_2024_2_label,outdoor_vine,stationary,244,321,0,0.9194124341011047,4.276024341583252,1730892922_386541740.npy,0.0,True,4839,4.2085041999816895,0.1391599178314209,0.0675201416015625,0.0675201416015625,0.016043738676049385,
out_vine_4swap+walk_st_ly_11_06_2024_2_label,outdoor_vine,stationary,244,321,1,0.9192406535148621,3.3155570030212402,1730892922_386541740.npy,0.0,True,5114,3.3831419944763184,0.29723745584487915,-0.06758499145507812,0.06758499145507812,0.019976989309176102,
out_vine_4swap+walk_st_ly_11_06_2024_2_label,outdoor_vine,stationary,244,321,2,0.9162055850028992,3.0170583724975586,1730892922_386541740.npy,0.0,True,9580,2.9757866859436035,0.18146902322769165,0.04127168655395508,0.04127168655395508,0.013869168361060826,
out_vine_4swap+walk_st_ly_11_06_2024_2_label,outdoor_vine,stationary,244,321,3,0.8645960092544556,3.9207382202148438,1730892922_386541740.npy,0.0,True,2207,4.9838762283325195,0.6529316902160645,-1.0631380081176758,1.0631380081176758,0.2133154916797312,
out_vine_4swap+walk_st_ly_11_06_2024_2_label,outdoor_vine,stationary,245,323,0,0.9236366748809814,3.3610341548919678,1730892922_520013740.npy,0.0,True,5291,3.3862791061401367,0.30316030979156494,-0.025244951248168945,0.025244951248168945,0.00745507102541955,
out_vine_4swap+walk_st_ly_11_06_2024_2_label,outdoor_vine,stationary,245,323,1,0.9210249781608582,4.2609543800354,1730892922_520013740.npy,0.0,True,4949,4.180585861206055,0.1447148323059082,0.0803685188293457,0.0803685188293457,0.019224223947922992,
out_vine_4swap+walk_st_ly_11_06_2024_2_label,outdoor_vine,stationary,245,323,2,0.9158818125724792,2.94773006439209,1730892922_520013740.npy,0.0,True,9404,2.889498472213745,0.16207373142242432,0.05823159217834473,0.05823159217834473,0.020152837157837805,
out_vine_4swap+walk_st_ly_11_06_2024_2_label,outdoor_vine,stationary,245,323,3,0.8556585907936096,3.6414053440093994,1730892922_520013740.npy,0.0,True,2411,5.043058395385742,0.6132652759552002,-1.4016530513763428,1.4016530513763428,0.27793710512232345,
out_vine_4swap+walk_st_ly_11_06_2024_2_label,outdoor_vine,stationary,246,324,0,0.92386394739151,3.3570187091827393,1730892922_587063740.npy,0.0,True,5298,3.390120029449463,0.30509114265441895,-0.03310132026672363,0.03310132026672363,0.009764055543513929,
out_vine_4swap+walk_st_ly_11_06_2024_2_label,outdoor_vine,stationary,246,324,1,0.9154095649719238,4.246034622192383,1730892922_587063740.npy,0.0,True,5011,4.1816253662109375,0.14596128463745117,0.06440925598144531,0.06440925598144531,0.015402923586100195,
out_vine_4swap+walk_st_ly_11_06_2024_2_label,outdoor_vine,stationary,246,324,2,0.9142157435417175,2.9115915298461914,1730892922_587063740.npy,0.0,True,9461,2.8481976985931396,0.1443955898284912,0.06339383125305176,0.06339383125305176,0.022257524919834386,
out_vine_4swap+walk_st_ly_11_06_2024_2_label,outdoor_vine,stationary,246,324,3,0.8595730662345886,3.980470657348633,1730892922_587063740.npy,0.0,True,2849,4.983384132385254,0.5680270195007324,-1.002913475036621,1.002913475036621,0.20125148862577952,
out_vine_4swap+walk_st_ly_11_06_2024_2_label,outdoor_vine,stationary,247,326,0,0.9262915253639221,3.333550453186035,1730892922_720507740.npy,0.0,True,5354,3.3889570236206055,0.27954739332199097,-0.05540657043457031,0.05540657043457031,0.016349151095276057,
out_vine_4swap+walk_st_ly_11_06_2024_2_label,outdoor_vine,stationary,247,326,1,0.9153938889503479,2.87579083442688,1730892922_720507740.npy,0.0,True,9102,2.8063414096832275,0.13507771492004395,0.06944942474365234,0.06944942474365234,0.02474731852083942,
out_vine_4swap+walk_st_ly_11_06_2024_2_label,outdoor_vine,stationary,247,326,2,0.9120204448699951,4.2263288497924805,1730892922_720507740.npy,0.0,True,5032,4.153110027313232,0.18973183631896973,0.07321882247924805,0.07321882247924805,0.017629877850025427,
out_vine_4swap+walk_st_ly_11_06_2024_2_label,outdoor_vine,stationary,247,326,3,0.8826313614845276,4.129924297332764,1730892922_720507740.npy,0.0,True,3206,4.907379150390625,0.5143979787826538,-0.7774548530578613,0.7774548530578613,0.15842567473026337,
out_vine_4swap+walk_st_ly_11_06_2024_2_label,outdoor_vine,stationary,248,327,0,0.9270328283309937,3.341127395629883,1730892922_788594740.npy,0.0,True,5283,3.3858447074890137,0.2561129331588745,-0.04471731185913086,0.04471731185913086,0.013207136098186203,
out_vine_4swap+walk_st_ly_11_06_2024_2_label,outdoor_vine,stationary,248,327,1,0.9112286567687988,2.8039584159851074,1730892922_788594740.npy,0.0,True,9392,2.7707736492156982,0.12241041660308838,0.03318476676940918,0.03318476676940918,0.011976715159970768,
out_vine_4swap+walk_st_ly_11_06_2024_2_label,outdoor_vine,stationary,248,327,2,0.9040585160255432,4.2221903800964355,1730892922_788594740.npy,0.0,True,5093,4.123051166534424,0.1584758758544922,0.09913921356201172,0.09913921356201172,0.024045108721108082,
out_vine_4swap+walk_st_ly_11_06_2024_2_label,outdoor_vine,stationary,248,327,3,0.8843387961387634,4.115072727203369,1730892922_788594740.npy,0.0,True,2698,4.709037780761719,0.5257260799407959,-0.5939650535583496,0.5939650535583496,0.12613299812223458,
out_vine_4swap+walk_st_ly_11_06_2024_2_label,outdoor_vine,stationary,249,329,0,0.9237464666366577,3.335829019546509,1730892922_920698740.npy,0.0,True,5272,3.3647849559783936,0.24206852912902832,-0.028955936431884766,0.028955936431884766,0.00860558306421253,
out_vine_4swap+walk_st_ly_11_06_2024_2_label,outdoor_vine,stationary,249,329,1,0.8974809050559998,4.355332851409912,1730892922_920698740.npy,0.0,True,4937,4.124146938323975,0.18985843658447266,0.2311859130859375,0.2311859130859375,0.05605666251549463,
out_vine_4swap+walk_st_ly_11_06_2024_2_label,outdoor_vine,stationary,249,329,2,0.8956235647201538,2.7931344509124756,1730892922_920698740.npy,0.0,True,9413,2.725583553314209,0.1317291259765625,0.0675508975982666,0.0675508975982666,0.024784012772650906,
out_vine_4swap+walk_st_ly_11_06_2024_2_label,outdoor_vine,stationary,249,329,3,0.8772462010383606,4.656638145446777,1730892922_920698740.npy,0.0,True,2329,4.701171398162842,0.64385986328125,-0.04453325271606445,0.04453325271606445,0.009472799212015007,
out_vine_4swap+walk_st_ly_11_06_2024_2_label,outdoor_vine,stationary,250,330,0,0.9216940999031067,3.342313766479492,1730892922_988304740.npy,0.0,True,5245,3.352808713912964,0.24212884902954102,-0.01049494743347168,0.01049494743347168,0.0031301957042527894,
out_vine_4swap+walk_st_ly_11_06_2024_2_label,outdoor_vine,stationary,250,330,1,0.9086315035820007,4.5135626792907715,1730892922_988304740.npy,0.0,True,5198,4.126651287078857,0.19109320640563965,0.38691139221191406,0.38691139221191406,0.09375916822034118,
out_vine_4swap+walk_st_ly_11_06_2024_2_label,outdoor_vine,stationary,250,330,2,0.8935469388961792,2.7415716648101807,1730892922_988304740.npy,0.0,True,9210,2.7009990215301514,0.12523174285888672,0.0405726432800293,0.0405726432800293,0.015021346900394049,
out_vine_4swap+walk_st_ly_11_06_2024_2_label,outdoor_vine,stationary,250,330,3,0.8737174868583679,4.487513542175293,1730892922_988304740.npy,0.0,True,2228,4.706663131713867,0.6263787746429443,-0.21914958953857422,0.21914958953857422,0.04656156249252831,
out_vine_4swap+walk_st_ly_11_06_2024_2_label,outdoor_vine,stationary,251,332,0,0.9183384776115417,3.3110575675964355,1730892923_121975740.npy,0.0,True,5231,3.311648368835449,0.22822880744934082,-0.0005908012390136719,0.0005908012390136719,0.00017840095723128626,
out_vine_4swap+walk_st_ly_11_06_2024_2_label,outdoor_vine,stationary,251,332,1,0.9073355197906494,2.6811604499816895,1730892923_121975740.npy,0.0,True,9200,2.6346230506896973,0.10982358455657959,0.04653739929199219,0.04653739929199219,0.017663778991005765,
out_vine_4swap+walk_st_ly_11_06_2024_2_label,outdoor_vine,stationary,251,332,2,0.9042794704437256,4.482229709625244,1730892923_121975740.npy,0.0,True,5538,4.086507797241211,0.17009961605072021,0.3957219123840332,0.3957219123840332,0.0968362063694541,
out_vine_4swap+walk_st_ly_11_06_2024_2_label,outdoor_vine,stationary,251,332,3,0.8946316838264465,4.531926155090332,1730892923_121975740.npy,0.0,True,3040,4.761597633361816,0.6268815994262695,-0.22967147827148438,0.22967147827148438,0.04823412139285068,
out_vine_4swap+walk_st_ly_11_06_2024_2_label,outdoor_vine,stationary,252,333,0,0.9133379459381104,5.289034843444824,1730892923_187768740.npy,0.0,True,5562,4.082444667816162,0.178358793258667,1.206590175628662,1.206590175628662,0.2955557940909235,
out_vine_4swap+walk_st_ly_11_06_2024_2_label,outdoor_vine,stationary,252,333,1,0.9115296602249146,3.3117918968200684,1730892923_187768740.npy,0.0,True,5198,3.2977137565612793,0.21822696924209595,0.014078140258789062,0.014078140258789062,0.00426906071843821,
out_vine_4swap+walk_st_ly_11_06_2024_2_label,outdoor_vine,stationary,252,333,2,0.910232663154602,2.6386911869049072,1730892923_187768740.npy,0.0,True,9283,2.605570077896118,0.1295253038406372,0.03312110900878906,0.03312110900878906,0.01271165542226862,
out_vine_4swap+walk_st_ly_11_06_2024_2_label,outdoor_vine,stationary,252,333,3,0.8811982274055481,4.7535624504089355,1730892923_187768740.npy,0.0,True,3466,4.907970428466797,0.48814868927001953,-0.15440797805786133,0.15440797805786133,0.03146065778275215,
out_vine_4swap+walk_st_ly_11_06_2024_2_label,outdoor_vine,stationary,253,335,0,0.9054120182991028,2.594526529312134,1730892923_321412740.npy,0.0,True,9409,2.557020425796509,0.15453529357910156,0.037506103515625,0.037506103515625,0.014667893591011066,
out_vine_4swap+walk_st_ly_11_06_2024_2_label,outdoor_vine,stationary,253,335,1,0.9024754762649536,4.168499946594238,1730892923_321412740.npy,0.0,True,4390,4.06784200668335,0.1481989026069641,0.10065793991088867,0.10065793991088867,0.024744800743369707,
out_vine_4swap+walk_st_ly_11_06_2024_2_label,outdoor_vine,stationary,253,335,2,0.8948158621788025,3.3103878498077393,1730892923_321412740.npy,0.0,True,4825,3.3359200954437256,0.22740864753723145,-0.025532245635986328,0.025532245635986328,0.00765373417392666,
out_vine_4swap+walk_st_ly_11_06_2024_2_label,outdoor_vine,stationary,253,335,3,0.8735122680664062,5.1724395751953125,1730892923_321412740.npy,0.0,True,2959,5.045177936553955,0.26758265495300293,0.12726163864135742,0.12726163864135742,0.025224410366045856,
out_vine_4swap+walk_st_ly_11_06_2024_2_label,outdoor_vine,stationary,254,336,0,0.9124788641929626,4.18324089050293,1730892923_389194740.npy,0.0,True,4154,4.033844947814941,0.5097011923789978,0.14939594268798828,0.14939594268798828,0.037035618527904324,
out_vine_4swap+walk_st_ly_11_06_2024_2_label,outdoor_vine,stationary,254,336,1,0.9091166257858276,2.6048128604888916,1730892923_389194740.npy,0.0,True,9583,2.5381112098693848,0.121468186378479,0.06670165061950684,0.06670165061950684,0.026280034680962388,
out_vine_4swap+walk_st_ly_11_06_2024_2_label,outdoor_vine,stationary,254,336,2,0.8990335464477539,3.2444000244140625,1730892923_389194740.npy,0.0,True,4665,3.2627556324005127,0.18263912200927734,-0.018355607986450195,0.018355607986450195,0.005625799187708518,
out_vine_4swap+walk_st_ly_11_06_2024_2_label,outdoor_vine,stationary,254,336,3,0.8895278573036194,5.207534313201904,1730892923_389194740.npy,0.0,True,3202,5.060546875,0.3185831308364868,0.1469874382019043,0.1469874382019043,0.029045761620754534,
out_vine_4swap+walk_st_ly_11_06_2024_2_label,outdoor_vine,stationary,255,337,0,0.9099340438842773,2.5455775260925293,1730892923_588587740.npy,0.0,True,9200,2.49361252784729,0.09988707304000854,0.05196499824523926,0.05196499824523926,0.02083924333268413,
out_vine_4swap+walk_st_ly_11_06_2024_2_label,outdoor_vine,stationary,255,337,1,0.8966116309165955,4.17933988571167,1730892923_588587740.npy,0.0,True,4288,3.976973295211792,1.034687101840973,0.20236659049987793,0.20236659049987793,0.050884573638833294,
out_vine_4swap+walk_st_ly_11_06_2024_2_label,outdoor_vine,stationary,255,337,2,0.8947709202766418,5.235270977020264,1730892923_588587740.npy,0.0,True,3644,5.088384628295898,0.31708598136901855,0.14688634872436523,0.14688634872436523,0.02886699010675172,
out_vine_4swap+walk_st_ly_11_06_2024_2_label,outdoor_vine,stationary,255,337,3,0.8703460693359375,3.1819701194763184,1730892923_588587740.npy,0.0,True,5002,3.273625612258911,0.2141435146331787,-0.09165549278259277,0.09165549278259277,0.027998159728273696,
out_vine_4swap+walk_st_ly_11_06_2024_2_label,outdoor_vine,stationary,256,337,0,0.9099340438842773,2.548187017440796,1730892923_588587740.npy,0.0,True,9200,2.49361252784729,0.09988707304000854,0.05457448959350586,0.05457448959350586,0.021885713591846385,
out_vine_4swap+walk_st_ly_11_06_2024_2_label,outdoor_vine,stationary,256,337,1,0.8966116309165955,4.5252227783203125,1730892923_588587740.npy,0.0,True,4288,3.976973295211792,1.034687101840973,0.5482494831085205,0.5482494831085205,0.13785596291747887,
out_vine_4swap+walk_st_ly_11_06_2024_2_label,outdoor_vine,stationary,256,337,2,0.8947709202766418,5.1895527839660645,1730892923_588587740.npy,0.0,True,3644,5.088384628295898,0.31708598136901855,0.10116815567016602,0.10116815567016602,0.01988217539758728,
out_vine_4swap+walk_st_ly_11_06_2024_2_label,outdoor_vine,stationary,256,337,3,0.8703460693359375,3.210756778717041,1730892923_588587740.npy,0.0,True,5002,3.273625612258911,0.2141435146331787,-0.06286883354187012,0.06286883354187012,0.01920464982508752,
out_vine_4swap+walk_st_ly_11_06_2024_2_label,outdoor_vine,stationary,257,338,0,0.9092279672622681,2.547480344772339,1730892923_655893740.npy,0.0,True,9696,2.481438636779785,0.06584781408309937,0.06604170799255371,0.06604170799255371,0.02661428214008041,
out_vine_4swap+walk_st_ly_11_06_2024_2_label,outdoor_vine,stationary,257,338,1,0.8941653966903687,4.432153701782227,1730892923_655893740.npy,0.0,True,3943,3.9670934677124023,1.0546927452087402,0.4650602340698242,0.4650602340698242,0.1172294622889231,
out_vine_4swap+walk_st_ly_11_06_2024_2_label,outdoor_vine,stationary,257,338,2,0.8807088136672974,8.919696807861328,1730892923_655893740.npy,0.0,True,3652,5.116706848144531,0.22391200065612793,3.802989959716797,3.802989959716797,0.7432495299385528,
out_vine_4swap+walk_st_ly_11_06_2024_2_label,outdoor_vine,stationary,257,338,3,0.8535366654396057,3.208571672439575,1730892923_655893740.npy,0.0,True,5581,3.2639710903167725,0.2668464183807373,-0.055399417877197266,0.055399417877197266,0.01697301120146278,
out_vine_4swap+walk_st_ly_11_06_2024_2_label,outdoor_vine,stationary,258,339,0,0.9108946919441223,8.21424674987793,1730892923_788973740.npy,0.0,True,3433,5.163060188293457,0.25541019439697266,3.0511865615844727,3.0511865615844727,0.590964747709629,
out_vine_4swap+walk_st_ly_11_06_2024_2_label,outdoor_vine,stationary,258,339,1,0.909064769744873,4.162787914276123,1730892923_788973740.npy,0.0,True,3536,3.397493600845337,1.0117928981781006,0.7652943134307861,0.7652943134307861,0.2252526136444736,
out_vine_4swap+walk_st_ly_11_06_2024_2_label,outdoor_vine,stationary,258,339,2,0.9009757041931152,2.54691743850708,1730892923_788973740.npy,0.0,True,10547,2.4730982780456543,0.08252370357513428,0.07381916046142578,0.07381916046142578,0.029848858460958846,
out_vine_4swap+walk_st_ly_11_06_2024_2_label,outdoor_vine,stationary,258,339,3,0.8389998078346252,3.0824809074401855,1730892923_788973740.npy,0.0,True,5210,3.2670981884002686,0.3385580778121948,-0.184617280960083,0.184617280960083,0.056508029546084956,
out_vine_4swap+walk_st_ly_11_06_2024_2_label,outdoor_vine,stationary,259,341,0,0.9019420146942139,4.229718208312988,1730892923_922414740.npy,0.0,True,3484,3.0055413246154785,0.9184587597846985,1.2241768836975098,1.2241768836975098,0.40730662182930655,
out_vine_4swap+walk_st_ly_11_06_2024_2_label,outdoor_vine,stationary,259,341,1,0.8979329466819763,2.5369625091552734,1730892923_922414740.npy,0.0,True,9655,2.4638524055480957,0.07789957523345947,0.07311010360717773,0.07311010360717773,0.029673085710227046,
out_vine_4swap+walk_st_ly_11_06_2024_2_label,outdoor_vine,stationary,259,341,2,0.8732085227966309,3.0768985748291016,1730892923_922414740.npy,0.0,True,3593,3.1393020153045654,0.3277587890625,-0.06240344047546387,0.06240344047546387,0.019878125829002048,
out_vine_4swap+walk_st_ly_11_06_2024_2_label,outdoor_vine,stationary,259,341,3,0.8613398671150208,7.053221702575684,1730892923_922414740.npy,0.0,True,2700,5.183568954467773,0.24507033824920654,1.8696527481079102,1.8696527481079102,0.3606883142735926,
out_vine_4swap+walk_st_ly_11_06_2024_2_label,outdoor_vine,stationary,260,342,0,0.9089378118515015,2.543278694152832,1730892923_989107740.npy,0.0,True,9501,2.4614200592041016,0.08733177185058594,0.08185863494873047,0.08185863494873047,0.0332566701252932,
out_vine_4swap+walk_st_ly_11_06_2024_2_label,outdoor_vine,stationary,260,342,1,0.8857751488685608,4.154650688171387,1730892923_989107740.npy,0.0,True,3440,2.998608112335205,0.2770766615867615,1.1560425758361816,1.1560425758361816,0.38552639508998676,
out_vine_4swap+walk_st_ly_11_06_2024_2_label,outdoor_vine,stationary,260,342,2,0.8533194661140442,3.178647756576538,1730892923_989107740.npy,0.0,True,3444,3.149817943572998,0.3852285146713257,0.02882981300354004,0.02882981300354004,0.00915285058375054,
out_vine_4swap+walk_st_ly_11_06_2024_2_label,outdoor_vine,stationary,260,342,3,0.6698376536369324,9.351578712463379,1730892923_989107740.npy,0.0,True,2896,5.096561431884766,0.5520346164703369,4.255017280578613,4.255017280578613,0.8348800141912662,
out_vine_4swap+walk_st_ly_11_06_2024_2_label,outdoor_vine,stationary,261,344,0,0.9152008891105652,2.5287797451019287,1730892924_122554740.npy,0.0,True,10062,2.4633145332336426,0.0929185152053833,0.06546521186828613,0.06546521186828613,0.026576066915152987,
out_vine_4swap+walk_st_ly_11_06_2024_2_label,outdoor_vine,stationary,261,344,1,0.8585275411605835,4.22538948059082,1730892924_122554740.npy,0.0,True,3668,3.0109920501708984,0.9243829846382141,1.2143974304199219,1.2143974304199219,0.40332136723874606,
out_vine_4swap+walk_st_ly_11_06_2024_2_label,outdoor_vine,stationary,261,344,2,0.8459752202033997,2.829463005065918,1730892924_122554740.npy,0.0,True,3373,3.1151769161224365,0.33605217933654785,-0.28571391105651855,0.28571391105651855,0.09171675277183168,
out_vine_4swap+walk_st_ly_11_06_2024_2_label,outdoor_vine,stationary,261,344,5,0.19145497679710388,10.566749572753906,1730892924_122554740.npy,0.0,True,2087,4.219076156616211,1.0538311004638672,6.347673416137695,6.347673416137695,1.504517382598911,
out_vine_4swap+walk_st_ly_11_06_2024_2_label,outdoor_vine,stationary,262,345,0,0.917087733745575,2.5167572498321533,1730892924_190066740.npy,0.0,True,10333,2.453728675842285,0.09156274795532227,0.06302857398986816,0.06302857398986816,0.02568685552335264,
out_vine_4swap+walk_st_ly_11_06_2024_2_label,outdoor_vine,stationary,262,345,1,0.8724973201751709,4.490160942077637,1730892924_190066740.npy,0.0,True,3730,3.027101516723633,0.9059238433837891,1.463059425354004,1.463059425354004,0.4833202379474668,
out_vine_4swap+walk_st_ly_11_06_2024_2_label,outdoor_vine,stationary,262,345,2,0.8692442774772644,2.827270984649658,1730892924_190066740.npy,0.0,True,3633,2.994414806365967,0.2996397018432617,-0.1671438217163086,0.1671438217163086,0.05581852633141197,
out_vine_4swap+walk_st_ly_11_06_2024_2_label,outdoor_vine,stationary,263,346,0,0.9150490760803223,2.489154815673828,1730892924_256292740.npy,0.0,True,10301,2.4424359798431396,0.0947575569152832,0.04671883583068848,0.04671883583068848,0.019127967412963225,
out_vine_4swap+walk_st_ly_11_06_2024_2_label,outdoor_vine,stationary,263,346,1,0.8864923715591431,4.488178253173828,1730892924_256292740.npy,0.0,True,3676,3.0521326065063477,1.0117615461349487,1.4360456466674805,1.4360456466674805,0.4705056535244265,
out_vine_4swap+walk_st_ly_11_06_2024_2_label,outdoor_vine,stationary,263,346,2,0.8653892278671265,2.99137282371521,1730892924_256292740.npy,0.0,True,3307,2.937706232070923,0.21097898483276367,0.05366659164428711,0.05366659164428711,0.018268195457533914,
out_vine_4swap+walk_st_ly_11_06_2024_2_label,outdoor_vine,stationary,264,348,0,0.9163592457771301,2.421032190322876,1730892924_456491740.npy,0.0,True,12855,2.354156732559204,0.10788774490356445,0.06687545776367188,0.06687545776367188,0.028407393967763376,
out_vine_4swap+walk_st_ly_11_06_2024_2_label,outdoor_vine,stationary,264,348,1,0.8808515071868896,4.272829532623291,1730892924_456491740.npy,0.0,True,3502,3.038182258605957,0.44728219509124756,1.234647274017334,1.234647274017334,0.40637696126362116,
out_vine_4swap+walk_st_ly_11_06_2024_2_label,outdoor_vine,stationary,264,348,2,0.8178160786628723,2.9719393253326416,1730892924_456491740.npy,0.0,True,3559,2.886617422103882,0.22369670867919922,0.08532190322875977,0.08532190322875977,0.029557745538227147,
out_vine_4swap+walk_st_ly_11_06_2024_2_label,outdoor_vine,stationary,265,349,0,0.9187968373298645,2.383993625640869,,0.06867408752441406,False,0,,,,,,no_matching_depth_map
out_vine_4swap+walk_st_ly_11_06_2024_2_label,outdoor_vine,stationary,265,349,1,0.8280885219573975,2.9865729808807373,,0.06867408752441406,False,0,,,,,,no_matching_depth_map
out_vine_4swap+walk_st_ly_11_06_2024_2_label,outdoor_vine,stationary,265,349,2,0.4538247883319855,2.911062479019165,,0.06867408752441406,False,0,,,,,,no_matching_depth_map
out_vine_4swap+walk_st_ly_11_06_2024_2_label,outdoor_vine,stationary,265,349,3,0.34263136982917786,6.267666816711426,,0.06867408752441406,False,0,,,,,,no_matching_depth_map
out_vine_4swap+walk_st_ly_11_06_2024_2_label,outdoor_vine,stationary,266,351,0,0.9198578596115112,2.344426155090332,1730892924_723600740.npy,0.0,True,13023,2.283632755279541,0.18551242351531982,0.060793399810791016,0.060793399810791016,0.02662135567561924,
out_vine_4swap+walk_st_ly_11_06_2024_2_label,outdoor_vine,stationary,266,351,1,0.818039059638977,2.9233720302581787,1730892924_723600740.npy,0.0,True,5495,2.912226915359497,0.17702066898345947,0.01114511489868164,0.01114511489868164,0.0038270077238489646,
out_vine_4swap+walk_st_ly_11_06_2024_2_label,outdoor_vine,stationary,266,351,2,0.5613828301429749,4.195000171661377,1730892924_723600740.npy,0.0,True,3391,3.0068395137786865,0.2862025499343872,1.1881606578826904,1.1881606578826904,0.39515266858706816,
out_vine_4swap+walk_st_ly_11_06_2024_2_label,outdoor_vine,stationary,266,351,3,0.38899388909339905,2.8955001831054688,1730892924_723600740.npy,0.0,True,4171,2.87477970123291,0.16448521614074707,0.020720481872558594,0.020720481872558594,0.007207676422534978,
out_vine_4swap+walk_st_ly_11_06_2024_2_label,outdoor_vine,stationary,267,352,0,0.9132835268974304,2.315608263015747,1730892924_790428740.npy,0.0,True,12548,2.2725934982299805,0.19243347644805908,0.0430147647857666,0.0430147647857666,0.018927610599638184,
out_vine_4swap+walk_st_ly_11_06_2024_2_label,outdoor_vine,stationary,267,352,1,0.8928195834159851,3.0703518390655518,1730892924_790428740.npy,0.0,True,6384,2.919761896133423,0.1808466911315918,0.1505899429321289,0.1505899429321289,0.0515761039047574,
out_vine_4swap+walk_st_ly_11_06_2024_2_label,outdoor_vine,stationary,267,352,2,0.20832565426826477,2.872166633605957,1730892924_790428740.npy,0.0,True,3586,2.872974395751953,0.18516820669174194,-0.0008077621459960938,0.0008077621459960938,0.00028115883914262154,
out_vine_4swap+walk_st_ly_11_06_2024_2_label,outdoor_vine,stationary,268,354,0,0.9139543175697327,2.2638347148895264,1730892924_926689740.npy,0.0,True,11718,2.266261100769043,0.2190207839012146,-0.0024263858795166016,0.0024263858795166016,0.0010706559269332298,
out_vine_4swap+walk_st_ly_11_06_2024_2_label,outdoor_vine,stationary,268,354,1,0.8730182647705078,3.1361711025238037,1730892924_926689740.npy,0.0,True,6410,2.95945405960083,0.26703399419784546,0.17671704292297363,0.17671704292297363,0.05971271706336578,
out_vine_4swap+walk_st_ly_11_06_2024_2_label,outdoor_vine,stationary,268,354,2,0.4981648623943329,2.8635001182556152,1730892924_926689740.npy,0.0,True,3117,2.8631958961486816,0.18094873428344727,0.00030422210693359375,0.00030422210693359375,0.00010625263445746288,
out_vine_4swap+walk_st_ly_11_06_2024_2_label,outdoor_vine,stationary,269,355,0,0.9119593501091003,2.2562973499298096,1730892924_990859740.npy,0.0,True,11723,2.2629880905151367,0.22239696979522705,-0.0066907405853271484,0.0066907405853271484,0.002956595579698388,
out_vine_4swap+walk_st_ly_11_06_2024_2_label,outdoor_vine,stationary,269,355,1,0.8745012879371643,3.118840456008911,1730892924_990859740.npy,0.0,True,6196,2.93092679977417,0.23622918128967285,0.1879136562347412,0.1879136562347412,0.0641140734900715,
out_vine_4swap+walk_st_ly_11_06_2024_2_label,outdoor_vine,stationary,269,355,2,0.34780508279800415,2.881999969482422,1730892924_990859740.npy,0.0,True,2910,2.8575363159179688,0.162852942943573,0.024463653564453125,0.024463653564453125,0.008561099793615152,
out_vine_4swap+walk_st_ly_11_06_2024_2_label,outdoor_vine,stationary,270,357,0,0.9054865837097168,2.2377727031707764,1730892925_124258740.npy,0.0,True,11458,2.240190029144287,0.1958354115486145,-0.002417325973510742,0.002417325973510742,0.0010790718385770683,
out_vine_4swap+walk_st_ly_11_06_2024_2_label,outdoor_vine,stationary,270,357,1,0.9030807018280029,3.151416778564453,1730892925_124258740.npy,0.0,True,5659,2.9117894172668457,0.20903706550598145,0.23962736129760742,0.23962736129760742,0.08229556707522273,
out_vine_4swap+walk_st_ly_11_06_2024_2_label,outdoor_vine,stationary,271,358,0,0.8996052145957947,2.21431827545166,,0.06711196899414062,False,0,,,,,,no_matching_depth_map
out_vine_4swap+walk_st_ly_11_06_2024_2_label,outdoor_vine,stationary,271,358,1,0.8899028897285461,3.1859138011932373,,0.06711196899414062,False,0,,,,,,no_matching_depth_map
out_vine_4swap+walk_st_ly_11_06_2024_2_label,outdoor_vine,stationary,272,359,0,0.9014859199523926,2.194946527481079,1730892925_259949740.npy,0.0,True,11309,2.2068068981170654,0.17981266975402832,-0.011860370635986328,0.011860370635986328,0.0053744487776008236,
out_vine_4swap+walk_st_ly_11_06_2024_2_label,outdoor_vine,stationary,272,359,1,0.886648952960968,3.27728271484375,1730892925_259949740.npy,0.0,True,5337,2.9664933681488037,0.25795650482177734,0.3107893466949463,0.3107893466949463,0.1047665739057053,
out_vine_4swap+walk_st_ly_11_06_2024_2_label,outdoor_vine,stationary,272,359,2,0.47724512219429016,3.6716668605804443,1730892925_259949740.npy,0.0,True,97,2.9167206287384033,3.06695818901062,0.754946231842041,0.754946231842041,0.2588339193008639,
